-39,53,D02Wd0WsKgaH2KP+3tPE0Jz6m7s=,S39RJO+3l2gzkeiW+AcGiNKH5Aw=
-39,54,D02Wd0WsKgaH2KP+3tPE0Jz6m7s=,S39RJO+3l2gzkeiW+AcGiNKH5Aw=
-38,54,D02Wd0WsKgaH2KP+3tPE0Jz6m7s=,S39RJO+3l2gzkeiW+AcGiNKH5Aw=
-38,53,D02Wd0WsKgaH2KP+3tPE0Jz6m7s=,S39RJO+3l2gzkeiW+AcGiNKH5Aw=
-43,50,D02Wd0WsKgaH2KP+3tPE0Jz6m7s=,/2OG40iqQn3W6xErC9m1Pfhh7ww=
-43,57,D02Wd0WsKgaH2KP+3tPE0Jz6m7s=,4gP1KtDJPj8WE4BTJN8QgvMTPbM=
-42,57,D02Wd0WsKgaH2KP+3tPE0Jz6m7s=,4gP1KtDJPj8WE4BTJN8QgvMTPbM=
-43,58,D02Wd0WsKgaH2KP+3tPE0Jz6m7s=,4gP1KtDJPj8WE4BTJN8QgvMTPbM=
-42,58,D02Wd0WsKgaH2KP+3tPE0Jz6m7s=,4gP1KtDJPj8WE4BTJN8QgvMTPbM=
-42,49,D02Wd0WsKgaH2KP+3tPE0Jz6m7s=,/2OG40iqQn3W6xErC9m1Pfhh7ww=
-43,49,D02Wd0WsKgaH2KP+3tPE0Jz6m7s=,/2OG40iqQn3W6xErC9m1Pfhh7ww=
-42,50,D02Wd0WsKgaH2KP+3tPE0Jz6m7s=,/2OG40iqQn3W6xErC9m1Pfhh7ww=
-38,50,ZlZ1JrBmyFhTLT2SCZvdhcdUmOU=,qd5goVhAsVzwEOQdmQ2jPvsHpaE=
-41,49,ZlZ1JrBmyFhTLT2SCZvdhcdUmOU=,/2OG40iqQn3W6xErC9m1Pfhh7ww=
-37,49,ZlZ1JrBmyFhTLT2SCZvdhcdUmOU=,qd5goVhAsVzwEOQdmQ2jPvsHpaE=
-38,52,ZlZ1JrBmyFhTLT2SCZvdhcdUmOU=,S39RJO+3l2gzkeiW+AcGiNKH5Aw=
-39,52,ZlZ1JrBmyFhTLT2SCZvdhcdUmOU=,S39RJO+3l2gzkeiW+AcGiNKH5Aw=
-38,51,ZlZ1JrBmyFhTLT2SCZvdhcdUmOU=,qd5goVhAsVzwEOQdmQ2jPvsHpaE=
-37,50,ZlZ1JrBmyFhTLT2SCZvdhcdUmOU=,qd5goVhAsVzwEOQdmQ2jPvsHpaE=
-39,51,ZlZ1JrBmyFhTLT2SCZvdhcdUmOU=,qd5goVhAsVzwEOQdmQ2jPvsHpaE=
-39,55,ZlZ1JrBmyFhTLT2SCZvdhcdUmOU=,S39RJO+3l2gzkeiW+AcGiNKH5Aw=
-41,58,ZlZ1JrBmyFhTLT2SCZvdhcdUmOU=,4gP1KtDJPj8WE4BTJN8QgvMTPbM=
-41,57,ZlZ1JrBmyFhTLT2SCZvdhcdUmOU=,4gP1KtDJPj8WE4BTJN8QgvMTPbM=
-38,55,ZlZ1JrBmyFhTLT2SCZvdhcdUmOU=,S39RJO+3l2gzkeiW+AcGiNKH5Aw=
-43,59,ZlZ1JrBmyFhTLT2SCZvdhcdUmOU=,4gP1KtDJPj8WE4BTJN8QgvMTPbM=
-42,59,ZlZ1JrBmyFhTLT2SCZvdhcdUmOU=,4gP1KtDJPj8WE4BTJN8QgvMTPbM=
-44,49,ZlZ1JrBmyFhTLT2SCZvdhcdUmOU=,/2OG40iqQn3W6xErC9m1Pfhh7ww=
-44,50,ZlZ1JrBmyFhTLT2SCZvdhcdUmOU=,/2OG40iqQn3W6xErC9m1Pfhh7ww=
-41,59,ZlZ1JrBmyFhTLT2SCZvdhcdUmOU=,4gP1KtDJPj8WE4BTJN8QgvMTPbM=
-37,53,ZlZ1JrBmyFhTLT2SCZvdhcdUmOU=,S39RJO+3l2gzkeiW+AcGiNKH5Aw=
-37,54,ZlZ1JrBmyFhTLT2SCZvdhcdUmOU=,S39RJO+3l2gzkeiW+AcGiNKH5Aw=
-37,51,ZlZ1JrBmyFhTLT2SCZvdhcdUmOU=,qd5goVhAsVzwEOQdmQ2jPvsHpaE=
-37,52,ZlZ1JrBmyFhTLT2SCZvdhcdUmOU=,S39RJO+3l2gzkeiW+AcGiNKH5Aw=
-37,55,ZlZ1JrBmyFhTLT2SCZvdhcdUmOU=,S39RJO+3l2gzkeiW+AcGiNKH5Aw=
-42,48,ZlZ1JrBmyFhTLT2SCZvdhcdUmOU=,/2OG40iqQn3W6xErC9m1Pfhh7ww=
-41,48,ZlZ1JrBmyFhTLT2SCZvdhcdUmOU=,/2OG40iqQn3W6xErC9m1Pfhh7ww=
-40,48,ZlZ1JrBmyFhTLT2SCZvdhcdUmOU=,qd5goVhAsVzwEOQdmQ2jPvsHpaE=
-43,48,ZlZ1JrBmyFhTLT2SCZvdhcdUmOU=,/2OG40iqQn3W6xErC9m1Pfhh7ww=
-44,48,ZlZ1JrBmyFhTLT2SCZvdhcdUmOU=,/2OG40iqQn3W6xErC9m1Pfhh7ww=
-37,48,ZlZ1JrBmyFhTLT2SCZvdhcdUmOU=,qd5goVhAsVzwEOQdmQ2jPvsHpaE=
-38,49,ZlZ1JrBmyFhTLT2SCZvdhcdUmOU=,qd5goVhAsVzwEOQdmQ2jPvsHpaE=
-40,49,ZlZ1JrBmyFhTLT2SCZvdhcdUmOU=,qd5goVhAsVzwEOQdmQ2jPvsHpaE=
-44,52,ZlZ1JrBmyFhTLT2SCZvdhcdUmOU=,Ly2nKURv9SS1U8AbPhaTs4fVG5I=
-40,53,ZlZ1JrBmyFhTLT2SCZvdhcdUmOU=,S39RJO+3l2gzkeiW+AcGiNKH5Aw=
-43,52,ZlZ1JrBmyFhTLT2SCZvdhcdUmOU=,Ly2nKURv9SS1U8AbPhaTs4fVG5I=
-41,54,ZlZ1JrBmyFhTLT2SCZvdhcdUmOU=,Ly2nKURv9SS1U8AbPhaTs4fVG5I=
-41,56,ZlZ1JrBmyFhTLT2SCZvdhcdUmOU=,4gP1KtDJPj8WE4BTJN8QgvMTPbM=
-44,53,ZlZ1JrBmyFhTLT2SCZvdhcdUmOU=,Ly2nKURv9SS1U8AbPhaTs4fVG5I=
-40,52,ZlZ1JrBmyFhTLT2SCZvdhcdUmOU=,S39RJO+3l2gzkeiW+AcGiNKH5Aw=
-44,54,ZlZ1JrBmyFhTLT2SCZvdhcdUmOU=,Ly2nKURv9SS1U8AbPhaTs4fVG5I=
-42,56,ZlZ1JrBmyFhTLT2SCZvdhcdUmOU=,4gP1KtDJPj8WE4BTJN8QgvMTPbM=
-40,55,ZlZ1JrBmyFhTLT2SCZvdhcdUmOU=,S39RJO+3l2gzkeiW+AcGiNKH5Aw=
-43,51,ZlZ1JrBmyFhTLT2SCZvdhcdUmOU=,/2OG40iqQn3W6xErC9m1Pfhh7ww=
-44,51,ZlZ1JrBmyFhTLT2SCZvdhcdUmOU=,/2OG40iqQn3W6xErC9m1Pfhh7ww=
-41,55,ZlZ1JrBmyFhTLT2SCZvdhcdUmOU=,Ly2nKURv9SS1U8AbPhaTs4fVG5I=
-40,54,ZlZ1JrBmyFhTLT2SCZvdhcdUmOU=,S39RJO+3l2gzkeiW+AcGiNKH5Aw=
-41,50,ZlZ1JrBmyFhTLT2SCZvdhcdUmOU=,/2OG40iqQn3W6xErC9m1Pfhh7ww=
-41,53,ZlZ1JrBmyFhTLT2SCZvdhcdUmOU=,Ly2nKURv9SS1U8AbPhaTs4fVG5I=
-39,50,ZlZ1JrBmyFhTLT2SCZvdhcdUmOU=,qd5goVhAsVzwEOQdmQ2jPvsHpaE=
-43,53,ZlZ1JrBmyFhTLT2SCZvdhcdUmOU=,Ly2nKURv9SS1U8AbPhaTs4fVG5I=
-47,59,ZlZ1JrBmyFhTLT2SCZvdhcdUmOU=,lAhn43DcW8m2TwWG0q5M3failz0=
-44,59,ZlZ1JrBmyFhTLT2SCZvdhcdUmOU=,4gP1KtDJPj8WE4BTJN8QgvMTPbM=
-44,58,ZlZ1JrBmyFhTLT2SCZvdhcdUmOU=,4gP1KtDJPj8WE4BTJN8QgvMTPbM=
-48,57,ZlZ1JrBmyFhTLT2SCZvdhcdUmOU=,lAhn43DcW8m2TwWG0q5M3failz0=
-45,58,ZlZ1JrBmyFhTLT2SCZvdhcdUmOU=,lAhn43DcW8m2TwWG0q5M3failz0=
-45,59,ZlZ1JrBmyFhTLT2SCZvdhcdUmOU=,lAhn43DcW8m2TwWG0q5M3failz0=
-47,56,ZlZ1JrBmyFhTLT2SCZvdhcdUmOU=,lAhn43DcW8m2TwWG0q5M3failz0=
-46,59,ZlZ1JrBmyFhTLT2SCZvdhcdUmOU=,lAhn43DcW8m2TwWG0q5M3failz0=
-48,59,ZlZ1JrBmyFhTLT2SCZvdhcdUmOU=,lAhn43DcW8m2TwWG0q5M3failz0=
-48,56,ZlZ1JrBmyFhTLT2SCZvdhcdUmOU=,lAhn43DcW8m2TwWG0q5M3failz0=
-44,57,ZlZ1JrBmyFhTLT2SCZvdhcdUmOU=,4gP1KtDJPj8WE4BTJN8QgvMTPbM=
-39,48,ZlZ1JrBmyFhTLT2SCZvdhcdUmOU=,qd5goVhAsVzwEOQdmQ2jPvsHpaE=
-42,55,ZlZ1JrBmyFhTLT2SCZvdhcdUmOU=,Ly2nKURv9SS1U8AbPhaTs4fVG5I=
-38,48,ZlZ1JrBmyFhTLT2SCZvdhcdUmOU=,qd5goVhAsVzwEOQdmQ2jPvsHpaE=
-46,58,ZlZ1JrBmyFhTLT2SCZvdhcdUmOU=,lAhn43DcW8m2TwWG0q5M3failz0=
-47,57,ZlZ1JrBmyFhTLT2SCZvdhcdUmOU=,lAhn43DcW8m2TwWG0q5M3failz0=
-48,58,ZlZ1JrBmyFhTLT2SCZvdhcdUmOU=,lAhn43DcW8m2TwWG0q5M3failz0=
-47,58,ZlZ1JrBmyFhTLT2SCZvdhcdUmOU=,lAhn43DcW8m2TwWG0q5M3failz0=
-46,56,ZlZ1JrBmyFhTLT2SCZvdhcdUmOU=,lAhn43DcW8m2TwWG0q5M3failz0=
-43,56,ZlZ1JrBmyFhTLT2SCZvdhcdUmOU=,4gP1KtDJPj8WE4BTJN8QgvMTPbM=
-40,51,ZlZ1JrBmyFhTLT2SCZvdhcdUmOU=,qd5goVhAsVzwEOQdmQ2jPvsHpaE=
-39,49,ZlZ1JrBmyFhTLT2SCZvdhcdUmOU=,qd5goVhAsVzwEOQdmQ2jPvsHpaE=
-44,55,ZlZ1JrBmyFhTLT2SCZvdhcdUmOU=,Ly2nKURv9SS1U8AbPhaTs4fVG5I=
-43,54,ZlZ1JrBmyFhTLT2SCZvdhcdUmOU=,Ly2nKURv9SS1U8AbPhaTs4fVG5I=
-42,54,ZlZ1JrBmyFhTLT2SCZvdhcdUmOU=,Ly2nKURv9SS1U8AbPhaTs4fVG5I=
-42,51,ZlZ1JrBmyFhTLT2SCZvdhcdUmOU=,/2OG40iqQn3W6xErC9m1Pfhh7ww=
-42,52,ZlZ1JrBmyFhTLT2SCZvdhcdUmOU=,Ly2nKURv9SS1U8AbPhaTs4fVG5I=
-45,56,ZlZ1JrBmyFhTLT2SCZvdhcdUmOU=,lAhn43DcW8m2TwWG0q5M3failz0=
-43,55,ZlZ1JrBmyFhTLT2SCZvdhcdUmOU=,Ly2nKURv9SS1U8AbPhaTs4fVG5I=
-41,52,ZlZ1JrBmyFhTLT2SCZvdhcdUmOU=,Ly2nKURv9SS1U8AbPhaTs4fVG5I=
-41,51,ZlZ1JrBmyFhTLT2SCZvdhcdUmOU=,/2OG40iqQn3W6xErC9m1Pfhh7ww=
-42,53,ZlZ1JrBmyFhTLT2SCZvdhcdUmOU=,Ly2nKURv9SS1U8AbPhaTs4fVG5I=
-45,57,ZlZ1JrBmyFhTLT2SCZvdhcdUmOU=,lAhn43DcW8m2TwWG0q5M3failz0=
-44,56,ZlZ1JrBmyFhTLT2SCZvdhcdUmOU=,4gP1KtDJPj8WE4BTJN8QgvMTPbM=
-46,57,ZlZ1JrBmyFhTLT2SCZvdhcdUmOU=,lAhn43DcW8m2TwWG0q5M3failz0=
-40,50,ZlZ1JrBmyFhTLT2SCZvdhcdUmOU=,qd5goVhAsVzwEOQdmQ2jPvsHpaE=
-47,33,ZlZ1JrBmyFhTLT2SCZvdhcdUmOU=,9dQKw7apgyBXoUV8jA1m8ScE+LE=
-47,34,ZlZ1JrBmyFhTLT2SCZvdhcdUmOU=,9dQKw7apgyBXoUV8jA1m8ScE+LE=
-47,32,ZlZ1JrBmyFhTLT2SCZvdhcdUmOU=,9dQKw7apgyBXoUV8jA1m8ScE+LE=
-46,32,ZlZ1JrBmyFhTLT2SCZvdhcdUmOU=,9dQKw7apgyBXoUV8jA1m8ScE+LE=
-46,34,ZlZ1JrBmyFhTLT2SCZvdhcdUmOU=,9dQKw7apgyBXoUV8jA1m8ScE+LE=
-46,33,ZlZ1JrBmyFhTLT2SCZvdhcdUmOU=,9dQKw7apgyBXoUV8jA1m8ScE+LE=
-39,33,ZlZ1JrBmyFhTLT2SCZvdhcdUmOU=,P49RPllFEaMaS/IGz9GPW2648lg=
-43,38,ZlZ1JrBmyFhTLT2SCZvdhcdUmOU=,JK1M+Jl0Hikr9Yog1C5ul5g8Qd8=
-43,37,ZlZ1JrBmyFhTLT2SCZvdhcdUmOU=,JK1M+Jl0Hikr9Yog1C5ul5g8Qd8=
-42,38,ZlZ1JrBmyFhTLT2SCZvdhcdUmOU=,JK1M+Jl0Hikr9Yog1C5ul5g8Qd8=
-42,37,ZlZ1JrBmyFhTLT2SCZvdhcdUmOU=,JK1M+Jl0Hikr9Yog1C5ul5g8Qd8=
-38,34,ZlZ1JrBmyFhTLT2SCZvdhcdUmOU=,P49RPllFEaMaS/IGz9GPW2648lg=
-39,34,ZlZ1JrBmyFhTLT2SCZvdhcdUmOU=,P49RPllFEaMaS/IGz9GPW2648lg=
-38,33,ZlZ1JrBmyFhTLT2SCZvdhcdUmOU=,P49RPllFEaMaS/IGz9GPW2648lg=
-43,39,ZlZ1JrBmyFhTLT2SCZvdhcdUmOU=,JK1M+Jl0Hikr9Yog1C5ul5g8Qd8=
-42,39,ZlZ1JrBmyFhTLT2SCZvdhcdUmOU=,JK1M+Jl0Hikr9Yog1C5ul5g8Qd8=
-46,41,ZlZ1JrBmyFhTLT2SCZvdhcdUmOU=,1UPmXLGUVVagBo/dMynt2RDvbUc=
-45,41,ZlZ1JrBmyFhTLT2SCZvdhcdUmOU=,1UPmXLGUVVagBo/dMynt2RDvbUc=
-45,42,ZlZ1JrBmyFhTLT2SCZvdhcdUmOU=,1UPmXLGUVVagBo/dMynt2RDvbUc=
-46,42,ZlZ1JrBmyFhTLT2SCZvdhcdUmOU=,1UPmXLGUVVagBo/dMynt2RDvbUc=
-47,42,ZlZ1JrBmyFhTLT2SCZvdhcdUmOU=,1UPmXLGUVVagBo/dMynt2RDvbUc=
-41,38,ZlZ1JrBmyFhTLT2SCZvdhcdUmOU=,JK1M+Jl0Hikr9Yog1C5ul5g8Qd8=
-38,35,ZlZ1JrBmyFhTLT2SCZvdhcdUmOU=,P49RPllFEaMaS/IGz9GPW2648lg=
-41,37,ZlZ1JrBmyFhTLT2SCZvdhcdUmOU=,JK1M+Jl0Hikr9Yog1C5ul5g8Qd8=
-39,35,ZlZ1JrBmyFhTLT2SCZvdhcdUmOU=,P49RPllFEaMaS/IGz9GPW2648lg=
-48,33,ZlZ1JrBmyFhTLT2SCZvdhcdUmOU=,9dQKw7apgyBXoUV8jA1m8ScE+LE=
-48,34,ZlZ1JrBmyFhTLT2SCZvdhcdUmOU=,9dQKw7apgyBXoUV8jA1m8ScE+LE=
-43,36,ZlZ1JrBmyFhTLT2SCZvdhcdUmOU=,JK1M+Jl0Hikr9Yog1C5ul5g8Qd8=
-44,33,ZlZ1JrBmyFhTLT2SCZvdhcdUmOU=,aQCB8fDuMdhXWYPbYa12kx2FwC4=
-43,32,ZlZ1JrBmyFhTLT2SCZvdhcdUmOU=,aQCB8fDuMdhXWYPbYa12kx2FwC4=
-41,35,ZlZ1JrBmyFhTLT2SCZvdhcdUmOU=,aQCB8fDuMdhXWYPbYa12kx2FwC4=
-40,35,ZlZ1JrBmyFhTLT2SCZvdhcdUmOU=,P49RPllFEaMaS/IGz9GPW2648lg=
-45,32,ZlZ1JrBmyFhTLT2SCZvdhcdUmOU=,9dQKw7apgyBXoUV8jA1m8ScE+LE=
-42,35,ZlZ1JrBmyFhTLT2SCZvdhcdUmOU=,aQCB8fDuMdhXWYPbYa12kx2FwC4=
-44,32,ZlZ1JrBmyFhTLT2SCZvdhcdUmOU=,aQCB8fDuMdhXWYPbYa12kx2FwC4=
-45,34,ZlZ1JrBmyFhTLT2SCZvdhcdUmOU=,9dQKw7apgyBXoUV8jA1m8ScE+LE=
-40,34,ZlZ1JrBmyFhTLT2SCZvdhcdUmOU=,P49RPllFEaMaS/IGz9GPW2648lg=
-45,33,ZlZ1JrBmyFhTLT2SCZvdhcdUmOU=,9dQKw7apgyBXoUV8jA1m8ScE+LE=
-45,39,ZlZ1JrBmyFhTLT2SCZvdhcdUmOU=,nLd3/JBju8Wkmt7Mkpls27J6amI=
-47,36,ZlZ1JrBmyFhTLT2SCZvdhcdUmOU=,nLd3/JBju8Wkmt7Mkpls27J6amI=
-45,40,ZlZ1JrBmyFhTLT2SCZvdhcdUmOU=,1UPmXLGUVVagBo/dMynt2RDvbUc=
-44,39,ZlZ1JrBmyFhTLT2SCZvdhcdUmOU=,JK1M+Jl0Hikr9Yog1C5ul5g8Qd8=
-44,38,ZlZ1JrBmyFhTLT2SCZvdhcdUmOU=,JK1M+Jl0Hikr9Yog1C5ul5g8Qd8=
-48,36,ZlZ1JrBmyFhTLT2SCZvdhcdUmOU=,nLd3/JBju8Wkmt7Mkpls27J6amI=
-46,40,ZlZ1JrBmyFhTLT2SCZvdhcdUmOU=,1UPmXLGUVVagBo/dMynt2RDvbUc=
-48,39,ZlZ1JrBmyFhTLT2SCZvdhcdUmOU=,nLd3/JBju8Wkmt7Mkpls27J6amI=
-46,35,ZlZ1JrBmyFhTLT2SCZvdhcdUmOU=,9dQKw7apgyBXoUV8jA1m8ScE+LE=
-41,36,ZlZ1JrBmyFhTLT2SCZvdhcdUmOU=,JK1M+Jl0Hikr9Yog1C5ul5g8Qd8=
-42,36,ZlZ1JrBmyFhTLT2SCZvdhcdUmOU=,JK1M+Jl0Hikr9Yog1C5ul5g8Qd8=
-40,33,ZlZ1JrBmyFhTLT2SCZvdhcdUmOU=,P49RPllFEaMaS/IGz9GPW2648lg=
-41,34,ZlZ1JrBmyFhTLT2SCZvdhcdUmOU=,aQCB8fDuMdhXWYPbYa12kx2FwC4=
-43,33,ZlZ1JrBmyFhTLT2SCZvdhcdUmOU=,aQCB8fDuMdhXWYPbYa12kx2FwC4=
-47,43,ZlZ1JrBmyFhTLT2SCZvdhcdUmOU=,1UPmXLGUVVagBo/dMynt2RDvbUc=
-46,43,ZlZ1JrBmyFhTLT2SCZvdhcdUmOU=,1UPmXLGUVVagBo/dMynt2RDvbUc=
-39,32,ZlZ1JrBmyFhTLT2SCZvdhcdUmOU=,P49RPllFEaMaS/IGz9GPW2648lg=
-38,32,ZlZ1JrBmyFhTLT2SCZvdhcdUmOU=,P49RPllFEaMaS/IGz9GPW2648lg=
-45,38,ZlZ1JrBmyFhTLT2SCZvdhcdUmOU=,nLd3/JBju8Wkmt7Mkpls27J6amI=
-45,35,ZlZ1JrBmyFhTLT2SCZvdhcdUmOU=,9dQKw7apgyBXoUV8jA1m8ScE+LE=
-40,32,ZlZ1JrBmyFhTLT2SCZvdhcdUmOU=,P49RPllFEaMaS/IGz9GPW2648lg=
-42,32,ZlZ1JrBmyFhTLT2SCZvdhcdUmOU=,aQCB8fDuMdhXWYPbYa12kx2FwC4=
-47,41,ZlZ1JrBmyFhTLT2SCZvdhcdUmOU=,1UPmXLGUVVagBo/dMynt2RDvbUc=
-48,37,ZlZ1JrBmyFhTLT2SCZvdhcdUmOU=,nLd3/JBju8Wkmt7Mkpls27J6amI=
-46,39,ZlZ1JrBmyFhTLT2SCZvdhcdUmOU=,nLd3/JBju8Wkmt7Mkpls27J6amI=
-37,33,ZlZ1JrBmyFhTLT2SCZvdhcdUmOU=,P49RPllFEaMaS/IGz9GPW2648lg=
-37,34,ZlZ1JrBmyFhTLT2SCZvdhcdUmOU=,P49RPllFEaMaS/IGz9GPW2648lg=
-37,35,ZlZ1JrBmyFhTLT2SCZvdhcdUmOU=,P49RPllFEaMaS/IGz9GPW2648lg=
-44,36,ZlZ1JrBmyFhTLT2SCZvdhcdUmOU=,JK1M+Jl0Hikr9Yog1C5ul5g8Qd8=
-42,34,ZlZ1JrBmyFhTLT2SCZvdhcdUmOU=,aQCB8fDuMdhXWYPbYa12kx2FwC4=
-47,38,ZlZ1JrBmyFhTLT2SCZvdhcdUmOU=,nLd3/JBju8Wkmt7Mkpls27J6amI=
-46,36,ZlZ1JrBmyFhTLT2SCZvdhcdUmOU=,nLd3/JBju8Wkmt7Mkpls27J6amI=
-45,37,ZlZ1JrBmyFhTLT2SCZvdhcdUmOU=,nLd3/JBju8Wkmt7Mkpls27J6amI=
-46,37,ZlZ1JrBmyFhTLT2SCZvdhcdUmOU=,nLd3/JBju8Wkmt7Mkpls27J6amI=
-47,35,ZlZ1JrBmyFhTLT2SCZvdhcdUmOU=,9dQKw7apgyBXoUV8jA1m8ScE+LE=
-44,35,ZlZ1JrBmyFhTLT2SCZvdhcdUmOU=,aQCB8fDuMdhXWYPbYa12kx2FwC4=
-41,33,ZlZ1JrBmyFhTLT2SCZvdhcdUmOU=,aQCB8fDuMdhXWYPbYa12kx2FwC4=
-48,43,ZlZ1JrBmyFhTLT2SCZvdhcdUmOU=,1UPmXLGUVVagBo/dMynt2RDvbUc=
-48,35,ZlZ1JrBmyFhTLT2SCZvdhcdUmOU=,9dQKw7apgyBXoUV8jA1m8ScE+LE=
-44,37,ZlZ1JrBmyFhTLT2SCZvdhcdUmOU=,JK1M+Jl0Hikr9Yog1C5ul5g8Qd8=
-41,39,ZlZ1JrBmyFhTLT2SCZvdhcdUmOU=,JK1M+Jl0Hikr9Yog1C5ul5g8Qd8=
-42,33,ZlZ1JrBmyFhTLT2SCZvdhcdUmOU=,aQCB8fDuMdhXWYPbYa12kx2FwC4=
-44,34,ZlZ1JrBmyFhTLT2SCZvdhcdUmOU=,aQCB8fDuMdhXWYPbYa12kx2FwC4=
-48,40,ZlZ1JrBmyFhTLT2SCZvdhcdUmOU=,1UPmXLGUVVagBo/dMynt2RDvbUc=
-48,38,ZlZ1JrBmyFhTLT2SCZvdhcdUmOU=,nLd3/JBju8Wkmt7Mkpls27J6amI=
-48,41,ZlZ1JrBmyFhTLT2SCZvdhcdUmOU=,1UPmXLGUVVagBo/dMynt2RDvbUc=
-47,39,ZlZ1JrBmyFhTLT2SCZvdhcdUmOU=,nLd3/JBju8Wkmt7Mkpls27J6amI=
-47,37,ZlZ1JrBmyFhTLT2SCZvdhcdUmOU=,nLd3/JBju8Wkmt7Mkpls27J6amI=
-48,42,ZlZ1JrBmyFhTLT2SCZvdhcdUmOU=,1UPmXLGUVVagBo/dMynt2RDvbUc=
-43,35,ZlZ1JrBmyFhTLT2SCZvdhcdUmOU=,aQCB8fDuMdhXWYPbYa12kx2FwC4=
-41,32,ZlZ1JrBmyFhTLT2SCZvdhcdUmOU=,aQCB8fDuMdhXWYPbYa12kx2FwC4=
-45,36,ZlZ1JrBmyFhTLT2SCZvdhcdUmOU=,nLd3/JBju8Wkmt7Mkpls27J6amI=
-43,34,ZlZ1JrBmyFhTLT2SCZvdhcdUmOU=,aQCB8fDuMdhXWYPbYa12kx2FwC4=
-47,40,ZlZ1JrBmyFhTLT2SCZvdhcdUmOU=,1UPmXLGUVVagBo/dMynt2RDvbUc=
-34,45,ZlZ1JrBmyFhTLT2SCZvdhcdUmOU=,FooCBFXmJRclW3lJIspnpjddlUU=
-35,46,ZlZ1JrBmyFhTLT2SCZvdhcdUmOU=,FooCBFXmJRclW3lJIspnpjddlUU=
-34,46,ZlZ1JrBmyFhTLT2SCZvdhcdUmOU=,FooCBFXmJRclW3lJIspnpjddlUU=
-35,47,ZlZ1JrBmyFhTLT2SCZvdhcdUmOU=,FooCBFXmJRclW3lJIspnpjddlUU=
-34,47,ZlZ1JrBmyFhTLT2SCZvdhcdUmOU=,FooCBFXmJRclW3lJIspnpjddlUU=
-33,45,ZlZ1JrBmyFhTLT2SCZvdhcdUmOU=,FooCBFXmJRclW3lJIspnpjddlUU=
-33,46,ZlZ1JrBmyFhTLT2SCZvdhcdUmOU=,FooCBFXmJRclW3lJIspnpjddlUU=
-39,45,ZlZ1JrBmyFhTLT2SCZvdhcdUmOU=,MTZiwYKNh+5OrEkfGQekdVLRhNU=
-38,45,ZlZ1JrBmyFhTLT2SCZvdhcdUmOU=,MTZiwYKNh+5OrEkfGQekdVLRhNU=
-39,46,ZlZ1JrBmyFhTLT2SCZvdhcdUmOU=,MTZiwYKNh+5OrEkfGQekdVLRhNU=
-39,44,ZlZ1JrBmyFhTLT2SCZvdhcdUmOU=,MTZiwYKNh+5OrEkfGQekdVLRhNU=
-38,44,ZlZ1JrBmyFhTLT2SCZvdhcdUmOU=,MTZiwYKNh+5OrEkfGQekdVLRhNU=
-40,45,ZlZ1JrBmyFhTLT2SCZvdhcdUmOU=,MTZiwYKNh+5OrEkfGQekdVLRhNU=
-45,43,ZlZ1JrBmyFhTLT2SCZvdhcdUmOU=,1UPmXLGUVVagBo/dMynt2RDvbUc=
-40,46,ZlZ1JrBmyFhTLT2SCZvdhcdUmOU=,MTZiwYKNh+5OrEkfGQekdVLRhNU=
-40,44,ZlZ1JrBmyFhTLT2SCZvdhcdUmOU=,MTZiwYKNh+5OrEkfGQekdVLRhNU=
-36,47,ZlZ1JrBmyFhTLT2SCZvdhcdUmOU=,FooCBFXmJRclW3lJIspnpjddlUU=
-39,47,ZlZ1JrBmyFhTLT2SCZvdhcdUmOU=,MTZiwYKNh+5OrEkfGQekdVLRhNU=
-40,47,ZlZ1JrBmyFhTLT2SCZvdhcdUmOU=,MTZiwYKNh+5OrEkfGQekdVLRhNU=
-33,47,ZlZ1JrBmyFhTLT2SCZvdhcdUmOU=,FooCBFXmJRclW3lJIspnpjddlUU=
-48,32,ZlZ1JrBmyFhTLT2SCZvdhcdUmOU=,9dQKw7apgyBXoUV8jA1m8ScE+LE=
-37,32,ZlZ1JrBmyFhTLT2SCZvdhcdUmOU=,P49RPllFEaMaS/IGz9GPW2648lg=
-38,46,ZlZ1JrBmyFhTLT2SCZvdhcdUmOU=,MTZiwYKNh+5OrEkfGQekdVLRhNU=
-37,47,ZlZ1JrBmyFhTLT2SCZvdhcdUmOU=,MTZiwYKNh+5OrEkfGQekdVLRhNU=
-36,46,ZlZ1JrBmyFhTLT2SCZvdhcdUmOU=,FooCBFXmJRclW3lJIspnpjddlUU=
-46,38,ZlZ1JrBmyFhTLT2SCZvdhcdUmOU=,nLd3/JBju8Wkmt7Mkpls27J6amI=
-33,44,ZlZ1JrBmyFhTLT2SCZvdhcdUmOU=,FooCBFXmJRclW3lJIspnpjddlUU=
-37,44,ZlZ1JrBmyFhTLT2SCZvdhcdUmOU=,MTZiwYKNh+5OrEkfGQekdVLRhNU=
-36,40,ZlZ1JrBmyFhTLT2SCZvdhcdUmOU=,1/CmT5JNCm8icp28Vh4lpoGDok4=
-35,40,ZlZ1JrBmyFhTLT2SCZvdhcdUmOU=,1/CmT5JNCm8icp28Vh4lpoGDok4=
-36,42,ZlZ1JrBmyFhTLT2SCZvdhcdUmOU=,1/CmT5JNCm8icp28Vh4lpoGDok4=
-34,40,ZlZ1JrBmyFhTLT2SCZvdhcdUmOU=,1/CmT5JNCm8icp28Vh4lpoGDok4=
-35,41,ZlZ1JrBmyFhTLT2SCZvdhcdUmOU=,1/CmT5JNCm8icp28Vh4lpoGDok4=
-36,41,ZlZ1JrBmyFhTLT2SCZvdhcdUmOU=,1/CmT5JNCm8icp28Vh4lpoGDok4=
-34,44,ZlZ1JrBmyFhTLT2SCZvdhcdUmOU=,FooCBFXmJRclW3lJIspnpjddlUU=
-33,40,ZlZ1JrBmyFhTLT2SCZvdhcdUmOU=,1/CmT5JNCm8icp28Vh4lpoGDok4=
-33,43,ZlZ1JrBmyFhTLT2SCZvdhcdUmOU=,1/CmT5JNCm8icp28Vh4lpoGDok4=
-34,41,ZlZ1JrBmyFhTLT2SCZvdhcdUmOU=,1/CmT5JNCm8icp28Vh4lpoGDok4=
-36,43,ZlZ1JrBmyFhTLT2SCZvdhcdUmOU=,1/CmT5JNCm8icp28Vh4lpoGDok4=
-35,42,ZlZ1JrBmyFhTLT2SCZvdhcdUmOU=,1/CmT5JNCm8icp28Vh4lpoGDok4=
-35,45,ZlZ1JrBmyFhTLT2SCZvdhcdUmOU=,FooCBFXmJRclW3lJIspnpjddlUU=
-37,46,ZlZ1JrBmyFhTLT2SCZvdhcdUmOU=,MTZiwYKNh+5OrEkfGQekdVLRhNU=
-33,42,ZlZ1JrBmyFhTLT2SCZvdhcdUmOU=,1/CmT5JNCm8icp28Vh4lpoGDok4=
-34,43,ZlZ1JrBmyFhTLT2SCZvdhcdUmOU=,1/CmT5JNCm8icp28Vh4lpoGDok4=
-35,44,ZlZ1JrBmyFhTLT2SCZvdhcdUmOU=,FooCBFXmJRclW3lJIspnpjddlUU=
-36,45,ZlZ1JrBmyFhTLT2SCZvdhcdUmOU=,FooCBFXmJRclW3lJIspnpjddlUU=
-33,41,ZlZ1JrBmyFhTLT2SCZvdhcdUmOU=,1/CmT5JNCm8icp28Vh4lpoGDok4=
-37,45,ZlZ1JrBmyFhTLT2SCZvdhcdUmOU=,MTZiwYKNh+5OrEkfGQekdVLRhNU=
-38,47,ZlZ1JrBmyFhTLT2SCZvdhcdUmOU=,MTZiwYKNh+5OrEkfGQekdVLRhNU=
-34,42,ZlZ1JrBmyFhTLT2SCZvdhcdUmOU=,1/CmT5JNCm8icp28Vh4lpoGDok4=
-35,43,ZlZ1JrBmyFhTLT2SCZvdhcdUmOU=,1/CmT5JNCm8icp28Vh4lpoGDok4=
-36,44,ZlZ1JrBmyFhTLT2SCZvdhcdUmOU=,FooCBFXmJRclW3lJIspnpjddlUU=
-54,57,KyB1rwy/nRnd/GfL41CT2OYQPPk=,WjP72e53FiZv1MUgcfbPAnqRrD0=
-55,57,KyB1rwy/nRnd/GfL41CT2OYQPPk=,WjP72e53FiZv1MUgcfbPAnqRrD0=
-54,58,KyB1rwy/nRnd/GfL41CT2OYQPPk=,WjP72e53FiZv1MUgcfbPAnqRrD0=
-55,58,KyB1rwy/nRnd/GfL41CT2OYQPPk=,WjP72e53FiZv1MUgcfbPAnqRrD0=
-51,61,KyB1rwy/nRnd/GfL41CT2OYQPPk=,VoqlbepJCyKlCqLKNvRlohtOnpU=
-50,61,KyB1rwy/nRnd/GfL41CT2OYQPPk=,VoqlbepJCyKlCqLKNvRlohtOnpU=
-51,62,KyB1rwy/nRnd/GfL41CT2OYQPPk=,VoqlbepJCyKlCqLKNvRlohtOnpU=
-50,62,KyB1rwy/nRnd/GfL41CT2OYQPPk=,VoqlbepJCyKlCqLKNvRlohtOnpU=
-56,58,KyB1rwy/nRnd/GfL41CT2OYQPPk=,WjP72e53FiZv1MUgcfbPAnqRrD0=
-59,58,KyB1rwy/nRnd/GfL41CT2OYQPPk=,y7VIR3GAWsP0G477gACaUvBzlPs=
-56,57,KyB1rwy/nRnd/GfL41CT2OYQPPk=,WjP72e53FiZv1MUgcfbPAnqRrD0=
-59,57,KyB1rwy/nRnd/GfL41CT2OYQPPk=,y7VIR3GAWsP0G477gACaUvBzlPs=
-58,53,KyB1rwy/nRnd/GfL41CT2OYQPPk=,569csEqaFWpKTtQ7h4apdxCvqJE=
-59,54,KyB1rwy/nRnd/GfL41CT2OYQPPk=,569csEqaFWpKTtQ7h4apdxCvqJE=
-59,53,KyB1rwy/nRnd/GfL41CT2OYQPPk=,569csEqaFWpKTtQ7h4apdxCvqJE=
-59,56,KyB1rwy/nRnd/GfL41CT2OYQPPk=,y7VIR3GAWsP0G477gACaUvBzlPs=
-58,55,KyB1rwy/nRnd/GfL41CT2OYQPPk=,569csEqaFWpKTtQ7h4apdxCvqJE=
-59,55,KyB1rwy/nRnd/GfL41CT2OYQPPk=,569csEqaFWpKTtQ7h4apdxCvqJE=
-58,56,KyB1rwy/nRnd/GfL41CT2OYQPPk=,y7VIR3GAWsP0G477gACaUvBzlPs=
-58,54,KyB1rwy/nRnd/GfL41CT2OYQPPk=,569csEqaFWpKTtQ7h4apdxCvqJE=
-53,61,KyB1rwy/nRnd/GfL41CT2OYQPPk=,xZ4xDEL4G698ZO+d50lJ/S01+oE=
-55,62,KyB1rwy/nRnd/GfL41CT2OYQPPk=,xZ4xDEL4G698ZO+d50lJ/S01+oE=
-54,62,KyB1rwy/nRnd/GfL41CT2OYQPPk=,xZ4xDEL4G698ZO+d50lJ/S01+oE=
-53,62,KyB1rwy/nRnd/GfL41CT2OYQPPk=,xZ4xDEL4G698ZO+d50lJ/S01+oE=
-52,61,KyB1rwy/nRnd/GfL41CT2OYQPPk=,VoqlbepJCyKlCqLKNvRlohtOnpU=
-52,62,KyB1rwy/nRnd/GfL41CT2OYQPPk=,VoqlbepJCyKlCqLKNvRlohtOnpU=
-52,57,KyB1rwy/nRnd/GfL41CT2OYQPPk=,nHlHyB4J0RhgeMs06Q0F9Nsk70s=
-53,57,KyB1rwy/nRnd/GfL41CT2OYQPPk=,WjP72e53FiZv1MUgcfbPAnqRrD0=
-53,58,KyB1rwy/nRnd/GfL41CT2OYQPPk=,WjP72e53FiZv1MUgcfbPAnqRrD0=
-51,57,KyB1rwy/nRnd/GfL41CT2OYQPPk=,nHlHyB4J0RhgeMs06Q0F9Nsk70s=
-50,57,KyB1rwy/nRnd/GfL41CT2OYQPPk=,nHlHyB4J0RhgeMs06Q0F9Nsk70s=
-50,60,KyB1rwy/nRnd/GfL41CT2OYQPPk=,VoqlbepJCyKlCqLKNvRlohtOnpU=
-51,58,KyB1rwy/nRnd/GfL41CT2OYQPPk=,nHlHyB4J0RhgeMs06Q0F9Nsk70s=
-52,58,KyB1rwy/nRnd/GfL41CT2OYQPPk=,nHlHyB4J0RhgeMs06Q0F9Nsk70s=
-51,56,KyB1rwy/nRnd/GfL41CT2OYQPPk=,nHlHyB4J0RhgeMs06Q0F9Nsk70s=
-50,56,KyB1rwy/nRnd/GfL41CT2OYQPPk=,nHlHyB4J0RhgeMs06Q0F9Nsk70s=
-53,59,KyB1rwy/nRnd/GfL41CT2OYQPPk=,WjP72e53FiZv1MUgcfbPAnqRrD0=
-54,59,KyB1rwy/nRnd/GfL41CT2OYQPPk=,WjP72e53FiZv1MUgcfbPAnqRrD0=
-54,61,KyB1rwy/nRnd/GfL41CT2OYQPPk=,xZ4xDEL4G698ZO+d50lJ/S01+oE=
-55,49,KyB1rwy/nRnd/GfL41CT2OYQPPk=,7COacCivGwnl32ouEQWxhCTzqAU=
-51,60,KyB1rwy/nRnd/GfL41CT2OYQPPk=,VoqlbepJCyKlCqLKNvRlohtOnpU=
-54,49,KyB1rwy/nRnd/GfL41CT2OYQPPk=,7COacCivGwnl32ouEQWxhCTzqAU=
-55,50,KyB1rwy/nRnd/GfL41CT2OYQPPk=,7COacCivGwnl32ouEQWxhCTzqAU=
-54,50,KyB1rwy/nRnd/GfL41CT2OYQPPk=,7COacCivGwnl32ouEQWxhCTzqAU=
-52,59,KyB1rwy/nRnd/GfL41CT2OYQPPk=,nHlHyB4J0RhgeMs06Q0F9Nsk70s=
-53,60,KyB1rwy/nRnd/GfL41CT2OYQPPk=,xZ4xDEL4G698ZO+d50lJ/S01+oE=
-54,60,KyB1rwy/nRnd/GfL41CT2OYQPPk=,xZ4xDEL4G698ZO+d50lJ/S01+oE=
-54,55,KyB1rwy/nRnd/GfL41CT2OYQPPk=,EdaijWATRION46RXsdi0PNYbwbQ=
-55,55,KyB1rwy/nRnd/GfL41CT2OYQPPk=,EdaijWATRION46RXsdi0PNYbwbQ=
-53,55,KyB1rwy/nRnd/GfL41CT2OYQPPk=,EdaijWATRION46RXsdi0PNYbwbQ=
-57,53,KyB1rwy/nRnd/GfL41CT2OYQPPk=,569csEqaFWpKTtQ7h4apdxCvqJE=
-56,53,KyB1rwy/nRnd/GfL41CT2OYQPPk=,EdaijWATRION46RXsdi0PNYbwbQ=
-52,56,KyB1rwy/nRnd/GfL41CT2OYQPPk=,nHlHyB4J0RhgeMs06Q0F9Nsk70s=
-57,54,KyB1rwy/nRnd/GfL41CT2OYQPPk=,569csEqaFWpKTtQ7h4apdxCvqJE=
-55,56,KyB1rwy/nRnd/GfL41CT2OYQPPk=,WjP72e53FiZv1MUgcfbPAnqRrD0=
-53,53,KyB1rwy/nRnd/GfL41CT2OYQPPk=,EdaijWATRION46RXsdi0PNYbwbQ=
-57,55,KyB1rwy/nRnd/GfL41CT2OYQPPk=,569csEqaFWpKTtQ7h4apdxCvqJE=
-54,56,KyB1rwy/nRnd/GfL41CT2OYQPPk=,WjP72e53FiZv1MUgcfbPAnqRrD0=
-54,54,KyB1rwy/nRnd/GfL41CT2OYQPPk=,EdaijWATRION46RXsdi0PNYbwbQ=
-55,51,KyB1rwy/nRnd/GfL41CT2OYQPPk=,7COacCivGwnl32ouEQWxhCTzqAU=
-52,60,KyB1rwy/nRnd/GfL41CT2OYQPPk=,VoqlbepJCyKlCqLKNvRlohtOnpU=
-53,54,KyB1rwy/nRnd/GfL41CT2OYQPPk=,EdaijWATRION46RXsdi0PNYbwbQ=
-53,56,KyB1rwy/nRnd/GfL41CT2OYQPPk=,WjP72e53FiZv1MUgcfbPAnqRrD0=
-58,57,KyB1rwy/nRnd/GfL41CT2OYQPPk=,y7VIR3GAWsP0G477gACaUvBzlPs=
-51,59,KyB1rwy/nRnd/GfL41CT2OYQPPk=,nHlHyB4J0RhgeMs06Q0F9Nsk70s=
-56,56,KyB1rwy/nRnd/GfL41CT2OYQPPk=,WjP72e53FiZv1MUgcfbPAnqRrD0=
-56,54,KyB1rwy/nRnd/GfL41CT2OYQPPk=,EdaijWATRION46RXsdi0PNYbwbQ=
-56,59,KyB1rwy/nRnd/GfL41CT2OYQPPk=,WjP72e53FiZv1MUgcfbPAnqRrD0=
-56,62,KyB1rwy/nRnd/GfL41CT2OYQPPk=,xZ4xDEL4G698ZO+d50lJ/S01+oE=
-55,59,KyB1rwy/nRnd/GfL41CT2OYQPPk=,WjP72e53FiZv1MUgcfbPAnqRrD0=
-55,54,KyB1rwy/nRnd/GfL41CT2OYQPPk=,EdaijWATRION46RXsdi0PNYbwbQ=
-57,62,KyB1rwy/nRnd/GfL41CT2OYQPPk=,Uy3pVgjZRb1WPA6zYRKI8UqkAoY=
-58,62,KyB1rwy/nRnd/GfL41CT2OYQPPk=,Uy3pVgjZRb1WPA6zYRKI8UqkAoY=
-57,59,KyB1rwy/nRnd/GfL41CT2OYQPPk=,y7VIR3GAWsP0G477gACaUvBzlPs=
-56,55,KyB1rwy/nRnd/GfL41CT2OYQPPk=,EdaijWATRION46RXsdi0PNYbwbQ=
-57,58,KyB1rwy/nRnd/GfL41CT2OYQPPk=,y7VIR3GAWsP0G477gACaUvBzlPs=
-56,61,KyB1rwy/nRnd/GfL41CT2OYQPPk=,xZ4xDEL4G698ZO+d50lJ/S01+oE=
-57,61,KyB1rwy/nRnd/GfL41CT2OYQPPk=,Uy3pVgjZRb1WPA6zYRKI8UqkAoY=
-57,56,KyB1rwy/nRnd/GfL41CT2OYQPPk=,y7VIR3GAWsP0G477gACaUvBzlPs=
-55,61,KyB1rwy/nRnd/GfL41CT2OYQPPk=,xZ4xDEL4G698ZO+d50lJ/S01+oE=
-56,49,KyB1rwy/nRnd/GfL41CT2OYQPPk=,7COacCivGwnl32ouEQWxhCTzqAU=
-58,59,KyB1rwy/nRnd/GfL41CT2OYQPPk=,y7VIR3GAWsP0G477gACaUvBzlPs=
-57,50,KyB1rwy/nRnd/GfL41CT2OYQPPk=,GH3GEofRtkEuPW7OjDbPy47q4Og=
-56,52,KyB1rwy/nRnd/GfL41CT2OYQPPk=,EdaijWATRION46RXsdi0PNYbwbQ=
-57,49,KyB1rwy/nRnd/GfL41CT2OYQPPk=,GH3GEofRtkEuPW7OjDbPy47q4Og=
-57,52,KyB1rwy/nRnd/GfL41CT2OYQPPk=,569csEqaFWpKTtQ7h4apdxCvqJE=
-58,52,KyB1rwy/nRnd/GfL41CT2OYQPPk=,569csEqaFWpKTtQ7h4apdxCvqJE=
-56,51,KyB1rwy/nRnd/GfL41CT2OYQPPk=,7COacCivGwnl32ouEQWxhCTzqAU=
-58,51,KyB1rwy/nRnd/GfL41CT2OYQPPk=,GH3GEofRtkEuPW7OjDbPy47q4Og=
-57,51,KyB1rwy/nRnd/GfL41CT2OYQPPk=,GH3GEofRtkEuPW7OjDbPy47q4Og=
-56,50,KyB1rwy/nRnd/GfL41CT2OYQPPk=,7COacCivGwnl32ouEQWxhCTzqAU=
-59,52,KyB1rwy/nRnd/GfL41CT2OYQPPk=,569csEqaFWpKTtQ7h4apdxCvqJE=
-60,49,KyB1rwy/nRnd/GfL41CT2OYQPPk=,GH3GEofRtkEuPW7OjDbPy47q4Og=
-58,50,KyB1rwy/nRnd/GfL41CT2OYQPPk=,GH3GEofRtkEuPW7OjDbPy47q4Og=
-55,52,KyB1rwy/nRnd/GfL41CT2OYQPPk=,EdaijWATRION46RXsdi0PNYbwbQ=
-58,58,KyB1rwy/nRnd/GfL41CT2OYQPPk=,y7VIR3GAWsP0G477gACaUvBzlPs=
-57,57,KyB1rwy/nRnd/GfL41CT2OYQPPk=,y7VIR3GAWsP0G477gACaUvBzlPs=
-55,53,KyB1rwy/nRnd/GfL41CT2OYQPPk=,EdaijWATRION46RXsdi0PNYbwbQ=
-57,60,KyB1rwy/nRnd/GfL41CT2OYQPPk=,Uy3pVgjZRb1WPA6zYRKI8UqkAoY=
-58,60,KyB1rwy/nRnd/GfL41CT2OYQPPk=,Uy3pVgjZRb1WPA6zYRKI8UqkAoY=
-58,61,KyB1rwy/nRnd/GfL41CT2OYQPPk=,Uy3pVgjZRb1WPA6zYRKI8UqkAoY=
-56,60,KyB1rwy/nRnd/GfL41CT2OYQPPk=,xZ4xDEL4G698ZO+d50lJ/S01+oE=
-60,58,KyB1rwy/nRnd/GfL41CT2OYQPPk=,y7VIR3GAWsP0G477gACaUvBzlPs=
-55,60,KyB1rwy/nRnd/GfL41CT2OYQPPk=,xZ4xDEL4G698ZO+d50lJ/S01+oE=
-62,58,KyB1rwy/nRnd/GfL41CT2OYQPPk=,+Jldu4D6Zw0A878DEy79SNVXEY8=
-61,57,KyB1rwy/nRnd/GfL41CT2OYQPPk=,+Jldu4D6Zw0A878DEy79SNVXEY8=
-62,57,KyB1rwy/nRnd/GfL41CT2OYQPPk=,+Jldu4D6Zw0A878DEy79SNVXEY8=
-60,57,KyB1rwy/nRnd/GfL41CT2OYQPPk=,y7VIR3GAWsP0G477gACaUvBzlPs=
-61,58,KyB1rwy/nRnd/GfL41CT2OYQPPk=,+Jldu4D6Zw0A878DEy79SNVXEY8=
-61,56,KyB1rwy/nRnd/GfL41CT2OYQPPk=,+Jldu4D6Zw0A878DEy79SNVXEY8=
-60,53,KyB1rwy/nRnd/GfL41CT2OYQPPk=,569csEqaFWpKTtQ7h4apdxCvqJE=
-62,52,KyB1rwy/nRnd/GfL41CT2OYQPPk=,+B64R0eSfgsHU8Ch+lrXEHZAH70=
-60,55,KyB1rwy/nRnd/GfL41CT2OYQPPk=,569csEqaFWpKTtQ7h4apdxCvqJE=
-60,56,KyB1rwy/nRnd/GfL41CT2OYQPPk=,y7VIR3GAWsP0G477gACaUvBzlPs=
-60,54,KyB1rwy/nRnd/GfL41CT2OYQPPk=,569csEqaFWpKTtQ7h4apdxCvqJE=
-63,52,KyB1rwy/nRnd/GfL41CT2OYQPPk=,+B64R0eSfgsHU8Ch+lrXEHZAH70=
-63,53,KyB1rwy/nRnd/GfL41CT2OYQPPk=,+B64R0eSfgsHU8Ch+lrXEHZAH70=
-61,55,KyB1rwy/nRnd/GfL41CT2OYQPPk=,+B64R0eSfgsHU8Ch+lrXEHZAH70=
-60,50,KyB1rwy/nRnd/GfL41CT2OYQPPk=,GH3GEofRtkEuPW7OjDbPy47q4Og=
-59,63,KyB1rwy/nRnd/GfL41CT2OYQPPk=,Uy3pVgjZRb1WPA6zYRKI8UqkAoY=
-58,63,KyB1rwy/nRnd/GfL41CT2OYQPPk=,Uy3pVgjZRb1WPA6zYRKI8UqkAoY=
-62,56,KyB1rwy/nRnd/GfL41CT2OYQPPk=,+Jldu4D6Zw0A878DEy79SNVXEY8=
-59,51,KyB1rwy/nRnd/GfL41CT2OYQPPk=,GH3GEofRtkEuPW7OjDbPy47q4Og=
-63,59,KyB1rwy/nRnd/GfL41CT2OYQPPk=,+Jldu4D6Zw0A878DEy79SNVXEY8=
-63,60,KyB1rwy/nRnd/GfL41CT2OYQPPk=,JWeMiMPAGMNT2r2DLoi8DzVPu6U=
-62,59,KyB1rwy/nRnd/GfL41CT2OYQPPk=,+Jldu4D6Zw0A878DEy79SNVXEY8=
-61,59,KyB1rwy/nRnd/GfL41CT2OYQPPk=,+Jldu4D6Zw0A878DEy79SNVXEY8=
-62,60,KyB1rwy/nRnd/GfL41CT2OYQPPk=,JWeMiMPAGMNT2r2DLoi8DzVPu6U=
-60,59,KyB1rwy/nRnd/GfL41CT2OYQPPk=,y7VIR3GAWsP0G477gACaUvBzlPs=
-61,60,KyB1rwy/nRnd/GfL41CT2OYQPPk=,JWeMiMPAGMNT2r2DLoi8DzVPu6U=
-63,61,KyB1rwy/nRnd/GfL41CT2OYQPPk=,JWeMiMPAGMNT2r2DLoi8DzVPu6U=
-61,54,KyB1rwy/nRnd/GfL41CT2OYQPPk=,+B64R0eSfgsHU8Ch+lrXEHZAH70=
-62,61,KyB1rwy/nRnd/GfL41CT2OYQPPk=,JWeMiMPAGMNT2r2DLoi8DzVPu6U=
-61,61,KyB1rwy/nRnd/GfL41CT2OYQPPk=,JWeMiMPAGMNT2r2DLoi8DzVPu6U=
-60,60,KyB1rwy/nRnd/GfL41CT2OYQPPk=,Uy3pVgjZRb1WPA6zYRKI8UqkAoY=
-62,53,KyB1rwy/nRnd/GfL41CT2OYQPPk=,+B64R0eSfgsHU8Ch+lrXEHZAH70=
-62,55,KyB1rwy/nRnd/GfL41CT2OYQPPk=,+B64R0eSfgsHU8Ch+lrXEHZAH70=
-60,51,KyB1rwy/nRnd/GfL41CT2OYQPPk=,GH3GEofRtkEuPW7OjDbPy47q4Og=
-59,59,KyB1rwy/nRnd/GfL41CT2OYQPPk=,y7VIR3GAWsP0G477gACaUvBzlPs=
-61,52,KyB1rwy/nRnd/GfL41CT2OYQPPk=,+B64R0eSfgsHU8Ch+lrXEHZAH70=
-59,50,KyB1rwy/nRnd/GfL41CT2OYQPPk=,GH3GEofRtkEuPW7OjDbPy47q4Og=
-61,53,KyB1rwy/nRnd/GfL41CT2OYQPPk=,+B64R0eSfgsHU8Ch+lrXEHZAH70=
-49,61,KyB1rwy/nRnd/GfL41CT2OYQPPk=,VoqlbepJCyKlCqLKNvRlohtOnpU=
-49,62,KyB1rwy/nRnd/GfL41CT2OYQPPk=,VoqlbepJCyKlCqLKNvRlohtOnpU=
-62,54,KyB1rwy/nRnd/GfL41CT2OYQPPk=,+B64R0eSfgsHU8Ch+lrXEHZAH70=
-60,52,KyB1rwy/nRnd/GfL41CT2OYQPPk=,569csEqaFWpKTtQ7h4apdxCvqJE=
-60,63,KyB1rwy/nRnd/GfL41CT2OYQPPk=,Uy3pVgjZRb1WPA6zYRKI8UqkAoY=
-59,60,KyB1rwy/nRnd/GfL41CT2OYQPPk=,Uy3pVgjZRb1WPA6zYRKI8UqkAoY=
-52,51,KyB1rwy/nRnd/GfL41CT2OYQPPk=,px+806F3XadyfdxwE4h3LnHOwmE=
-50,50,KyB1rwy/nRnd/GfL41CT2OYQPPk=,px+806F3XadyfdxwE4h3LnHOwmE=
-51,51,KyB1rwy/nRnd/GfL41CT2OYQPPk=,px+806F3XadyfdxwE4h3LnHOwmE=
-50,51,KyB1rwy/nRnd/GfL41CT2OYQPPk=,px+806F3XadyfdxwE4h3LnHOwmE=
-53,49,KyB1rwy/nRnd/GfL41CT2OYQPPk=,7COacCivGwnl32ouEQWxhCTzqAU=
-51,50,KyB1rwy/nRnd/GfL41CT2OYQPPk=,px+806F3XadyfdxwE4h3LnHOwmE=
-50,49,KyB1rwy/nRnd/GfL41CT2OYQPPk=,px+806F3XadyfdxwE4h3LnHOwmE=
-51,49,KyB1rwy/nRnd/GfL41CT2OYQPPk=,px+806F3XadyfdxwE4h3LnHOwmE=
-49,51,KyB1rwy/nRnd/GfL41CT2OYQPPk=,px+806F3XadyfdxwE4h3LnHOwmE=
-49,50,KyB1rwy/nRnd/GfL41CT2OYQPPk=,px+806F3XadyfdxwE4h3LnHOwmE=
-49,49,KyB1rwy/nRnd/GfL41CT2OYQPPk=,px+806F3XadyfdxwE4h3LnHOwmE=
-53,52,KyB1rwy/nRnd/GfL41CT2OYQPPk=,EdaijWATRION46RXsdi0PNYbwbQ=
-54,51,KyB1rwy/nRnd/GfL41CT2OYQPPk=,7COacCivGwnl32ouEQWxhCTzqAU=
-59,62,KyB1rwy/nRnd/GfL41CT2OYQPPk=,Uy3pVgjZRb1WPA6zYRKI8UqkAoY=
-52,50,KyB1rwy/nRnd/GfL41CT2OYQPPk=,px+806F3XadyfdxwE4h3LnHOwmE=
-62,63,KyB1rwy/nRnd/GfL41CT2OYQPPk=,JWeMiMPAGMNT2r2DLoi8DzVPu6U=
-53,50,KyB1rwy/nRnd/GfL41CT2OYQPPk=,7COacCivGwnl32ouEQWxhCTzqAU=
-53,51,KyB1rwy/nRnd/GfL41CT2OYQPPk=,7COacCivGwnl32ouEQWxhCTzqAU=
-54,53,KyB1rwy/nRnd/GfL41CT2OYQPPk=,EdaijWATRION46RXsdi0PNYbwbQ=
-64,61,KyB1rwy/nRnd/GfL41CT2OYQPPk=,JWeMiMPAGMNT2r2DLoi8DzVPu6U=
-60,61,KyB1rwy/nRnd/GfL41CT2OYQPPk=,Uy3pVgjZRb1WPA6zYRKI8UqkAoY=
-63,58,KyB1rwy/nRnd/GfL41CT2OYQPPk=,+Jldu4D6Zw0A878DEy79SNVXEY8=
-64,60,KyB1rwy/nRnd/GfL41CT2OYQPPk=,JWeMiMPAGMNT2r2DLoi8DzVPu6U=
-64,59,KyB1rwy/nRnd/GfL41CT2OYQPPk=,+Jldu4D6Zw0A878DEy79SNVXEY8=
-54,52,KyB1rwy/nRnd/GfL41CT2OYQPPk=,EdaijWATRION46RXsdi0PNYbwbQ=
-64,58,KyB1rwy/nRnd/GfL41CT2OYQPPk=,+Jldu4D6Zw0A878DEy79SNVXEY8=
-59,61,KyB1rwy/nRnd/GfL41CT2OYQPPk=,Uy3pVgjZRb1WPA6zYRKI8UqkAoY=
-55,48,KyB1rwy/nRnd/GfL41CT2OYQPPk=,7COacCivGwnl32ouEQWxhCTzqAU=
-54,48,KyB1rwy/nRnd/GfL41CT2OYQPPk=,7COacCivGwnl32ouEQWxhCTzqAU=
-56,63,KyB1rwy/nRnd/GfL41CT2OYQPPk=,xZ4xDEL4G698ZO+d50lJ/S01+oE=
-55,63,KyB1rwy/nRnd/GfL41CT2OYQPPk=,xZ4xDEL4G698ZO+d50lJ/S01+oE=
-57,63,KyB1rwy/nRnd/GfL41CT2OYQPPk=,Uy3pVgjZRb1WPA6zYRKI8UqkAoY=
-54,63,KyB1rwy/nRnd/GfL41CT2OYQPPk=,xZ4xDEL4G698ZO+d50lJ/S01+oE=
-50,63,KyB1rwy/nRnd/GfL41CT2OYQPPk=,VoqlbepJCyKlCqLKNvRlohtOnpU=
-49,63,KyB1rwy/nRnd/GfL41CT2OYQPPk=,VoqlbepJCyKlCqLKNvRlohtOnpU=
-52,63,KyB1rwy/nRnd/GfL41CT2OYQPPk=,VoqlbepJCyKlCqLKNvRlohtOnpU=
-51,63,KyB1rwy/nRnd/GfL41CT2OYQPPk=,VoqlbepJCyKlCqLKNvRlohtOnpU=
-53,63,KyB1rwy/nRnd/GfL41CT2OYQPPk=,xZ4xDEL4G698ZO+d50lJ/S01+oE=
-64,55,KyB1rwy/nRnd/GfL41CT2OYQPPk=,+B64R0eSfgsHU8Ch+lrXEHZAH70=
-64,53,KyB1rwy/nRnd/GfL41CT2OYQPPk=,+B64R0eSfgsHU8Ch+lrXEHZAH70=
-64,54,KyB1rwy/nRnd/GfL41CT2OYQPPk=,+B64R0eSfgsHU8Ch+lrXEHZAH70=
-64,52,KyB1rwy/nRnd/GfL41CT2OYQPPk=,+B64R0eSfgsHU8Ch+lrXEHZAH70=
-61,62,KyB1rwy/nRnd/GfL41CT2OYQPPk=,JWeMiMPAGMNT2r2DLoi8DzVPu6U=
-63,57,KyB1rwy/nRnd/GfL41CT2OYQPPk=,+Jldu4D6Zw0A878DEy79SNVXEY8=
-53,48,KyB1rwy/nRnd/GfL41CT2OYQPPk=,7COacCivGwnl32ouEQWxhCTzqAU=
-49,48,KyB1rwy/nRnd/GfL41CT2OYQPPk=,px+806F3XadyfdxwE4h3LnHOwmE=
-50,48,KyB1rwy/nRnd/GfL41CT2OYQPPk=,px+806F3XadyfdxwE4h3LnHOwmE=
-56,48,KyB1rwy/nRnd/GfL41CT2OYQPPk=,7COacCivGwnl32ouEQWxhCTzqAU=
-59,48,KyB1rwy/nRnd/GfL41CT2OYQPPk=,GH3GEofRtkEuPW7OjDbPy47q4Og=
-49,60,KyB1rwy/nRnd/GfL41CT2OYQPPk=,VoqlbepJCyKlCqLKNvRlohtOnpU=
-60,48,KyB1rwy/nRnd/GfL41CT2OYQPPk=,GH3GEofRtkEuPW7OjDbPy47q4Og=
-49,57,KyB1rwy/nRnd/GfL41CT2OYQPPk=,nHlHyB4J0RhgeMs06Q0F9Nsk70s=
-49,56,KyB1rwy/nRnd/GfL41CT2OYQPPk=,nHlHyB4J0RhgeMs06Q0F9Nsk70s=
-61,63,KyB1rwy/nRnd/GfL41CT2OYQPPk=,JWeMiMPAGMNT2r2DLoi8DzVPu6U=
-51,48,KyB1rwy/nRnd/GfL41CT2OYQPPk=,px+806F3XadyfdxwE4h3LnHOwmE=
-52,48,KyB1rwy/nRnd/GfL41CT2OYQPPk=,px+806F3XadyfdxwE4h3LnHOwmE=
-52,49,KyB1rwy/nRnd/GfL41CT2OYQPPk=,px+806F3XadyfdxwE4h3LnHOwmE=
-63,54,KyB1rwy/nRnd/GfL41CT2OYQPPk=,+B64R0eSfgsHU8Ch+lrXEHZAH70=
-63,63,KyB1rwy/nRnd/GfL41CT2OYQPPk=,JWeMiMPAGMNT2r2DLoi8DzVPu6U=
-62,62,KyB1rwy/nRnd/GfL41CT2OYQPPk=,JWeMiMPAGMNT2r2DLoi8DzVPu6U=
-63,56,KyB1rwy/nRnd/GfL41CT2OYQPPk=,+Jldu4D6Zw0A878DEy79SNVXEY8=
-58,48,KyB1rwy/nRnd/GfL41CT2OYQPPk=,GH3GEofRtkEuPW7OjDbPy47q4Og=
-59,49,KyB1rwy/nRnd/GfL41CT2OYQPPk=,GH3GEofRtkEuPW7OjDbPy47q4Og=
-64,62,KyB1rwy/nRnd/GfL41CT2OYQPPk=,JWeMiMPAGMNT2r2DLoi8DzVPu6U=
-60,62,KyB1rwy/nRnd/GfL41CT2OYQPPk=,Uy3pVgjZRb1WPA6zYRKI8UqkAoY=
-57,48,KyB1rwy/nRnd/GfL41CT2OYQPPk=,GH3GEofRtkEuPW7OjDbPy47q4Og=
-50,58,KyB1rwy/nRnd/GfL41CT2OYQPPk=,nHlHyB4J0RhgeMs06Q0F9Nsk70s=
-63,62,KyB1rwy/nRnd/GfL41CT2OYQPPk=,JWeMiMPAGMNT2r2DLoi8DzVPu6U=
-58,49,KyB1rwy/nRnd/GfL41CT2OYQPPk=,GH3GEofRtkEuPW7OjDbPy47q4Og=
-49,59,KyB1rwy/nRnd/GfL41CT2OYQPPk=,nHlHyB4J0RhgeMs06Q0F9Nsk70s=
-64,63,KyB1rwy/nRnd/GfL41CT2OYQPPk=,JWeMiMPAGMNT2r2DLoi8DzVPu6U=
-64,57,KyB1rwy/nRnd/GfL41CT2OYQPPk=,+Jldu4D6Zw0A878DEy79SNVXEY8=
-49,58,KyB1rwy/nRnd/GfL41CT2OYQPPk=,nHlHyB4J0RhgeMs06Q0F9Nsk70s=
-64,56,KyB1rwy/nRnd/GfL41CT2OYQPPk=,+Jldu4D6Zw0A878DEy79SNVXEY8=
-63,55,KyB1rwy/nRnd/GfL41CT2OYQPPk=,+B64R0eSfgsHU8Ch+lrXEHZAH70=
-50,59,KyB1rwy/nRnd/GfL41CT2OYQPPk=,nHlHyB4J0RhgeMs06Q0F9Nsk70s=
-55,42,KyB1rwy/nRnd/GfL41CT2OYQPPk=,0Ubo5bHhxLH6zy6GI8dxCm30W50=
-55,41,KyB1rwy/nRnd/GfL41CT2OYQPPk=,0Ubo5bHhxLH6zy6GI8dxCm30W50=
-54,42,KyB1rwy/nRnd/GfL41CT2OYQPPk=,0Ubo5bHhxLH6zy6GI8dxCm30W50=
-54,41,KyB1rwy/nRnd/GfL41CT2OYQPPk=,0Ubo5bHhxLH6zy6GI8dxCm30W50=
-54,46,KyB1rwy/nRnd/GfL41CT2OYQPPk=,PPIanqm22UrQScMkDmnoxKZ4yFo=
-55,43,KyB1rwy/nRnd/GfL41CT2OYQPPk=,0Ubo5bHhxLH6zy6GI8dxCm30W50=
-53,45,KyB1rwy/nRnd/GfL41CT2OYQPPk=,PPIanqm22UrQScMkDmnoxKZ4yFo=
-52,45,KyB1rwy/nRnd/GfL41CT2OYQPPk=,C6UiiL+3kjNYIk1B1eABkqVPrJY=
-53,46,VXhqmde5vLW+RJOoRanV7zRAQPQ=,PPIanqm22UrQScMkDmnoxKZ4yFo=
-51,45,VXhqmde5vLW+RJOoRanV7zRAQPQ=,C6UiiL+3kjNYIk1B1eABkqVPrJY=
-52,46,VXhqmde5vLW+RJOoRanV7zRAQPQ=,C6UiiL+3kjNYIk1B1eABkqVPrJY=
-59,46,VXhqmde5vLW+RJOoRanV7zRAQPQ=,PtSAfRXxQR98ETj5uBv+4VI8xWw=
-59,45,VXhqmde5vLW+RJOoRanV7zRAQPQ=,PtSAfRXxQR98ETj5uBv+4VI8xWw=
-58,45,VXhqmde5vLW+RJOoRanV7zRAQPQ=,PtSAfRXxQR98ETj5uBv+4VI8xWw=
-57,45,VXhqmde5vLW+RJOoRanV7zRAQPQ=,PtSAfRXxQR98ETj5uBv+4VI8xWw=
-58,46,VXhqmde5vLW+RJOoRanV7zRAQPQ=,PtSAfRXxQR98ETj5uBv+4VI8xWw=
-58,44,VXhqmde5vLW+RJOoRanV7zRAQPQ=,PtSAfRXxQR98ETj5uBv+4VI8xWw=
-56,44,VXhqmde5vLW+RJOoRanV7zRAQPQ=,PPIanqm22UrQScMkDmnoxKZ4yFo=
-56,41,VXhqmde5vLW+RJOoRanV7zRAQPQ=,0Ubo5bHhxLH6zy6GI8dxCm30W50=
-56,43,VXhqmde5vLW+RJOoRanV7zRAQPQ=,0Ubo5bHhxLH6zy6GI8dxCm30W50=
-57,44,VXhqmde5vLW+RJOoRanV7zRAQPQ=,PtSAfRXxQR98ETj5uBv+4VI8xWw=
-56,42,VXhqmde5vLW+RJOoRanV7zRAQPQ=,0Ubo5bHhxLH6zy6GI8dxCm30W50=
-59,44,VXhqmde5vLW+RJOoRanV7zRAQPQ=,PtSAfRXxQR98ETj5uBv+4VI8xWw=
-55,40,VXhqmde5vLW+RJOoRanV7zRAQPQ=,0Ubo5bHhxLH6zy6GI8dxCm30W50=
-54,40,VXhqmde5vLW+RJOoRanV7zRAQPQ=,0Ubo5bHhxLH6zy6GI8dxCm30W50=
-55,44,VXhqmde5vLW+RJOoRanV7zRAQPQ=,PPIanqm22UrQScMkDmnoxKZ4yFo=
-56,45,VXhqmde5vLW+RJOoRanV7zRAQPQ=,PPIanqm22UrQScMkDmnoxKZ4yFo=
-53,41,VXhqmde5vLW+RJOoRanV7zRAQPQ=,0Ubo5bHhxLH6zy6GI8dxCm30W50=
-50,43,VXhqmde5vLW+RJOoRanV7zRAQPQ=,tuBbvRRK6EcUh4UIf/vi0xWHCPE=
-52,44,VXhqmde5vLW+RJOoRanV7zRAQPQ=,C6UiiL+3kjNYIk1B1eABkqVPrJY=
-51,44,VXhqmde5vLW+RJOoRanV7zRAQPQ=,C6UiiL+3kjNYIk1B1eABkqVPrJY=
-53,44,VXhqmde5vLW+RJOoRanV7zRAQPQ=,PPIanqm22UrQScMkDmnoxKZ4yFo=
-51,43,VXhqmde5vLW+RJOoRanV7zRAQPQ=,tuBbvRRK6EcUh4UIf/vi0xWHCPE=
-50,42,VXhqmde5vLW+RJOoRanV7zRAQPQ=,tuBbvRRK6EcUh4UIf/vi0xWHCPE=
-52,43,VXhqmde5vLW+RJOoRanV7zRAQPQ=,tuBbvRRK6EcUh4UIf/vi0xWHCPE=
-50,41,VXhqmde5vLW+RJOoRanV7zRAQPQ=,tuBbvRRK6EcUh4UIf/vi0xWHCPE=
-51,42,VXhqmde5vLW+RJOoRanV7zRAQPQ=,tuBbvRRK6EcUh4UIf/vi0xWHCPE=
-54,45,VXhqmde5vLW+RJOoRanV7zRAQPQ=,PPIanqm22UrQScMkDmnoxKZ4yFo=
-49,46,VXhqmde5vLW+RJOoRanV7zRAQPQ=,C6UiiL+3kjNYIk1B1eABkqVPrJY=
-49,41,VXhqmde5vLW+RJOoRanV7zRAQPQ=,tuBbvRRK6EcUh4UIf/vi0xWHCPE=
-50,38,VXhqmde5vLW+RJOoRanV7zRAQPQ=,2YQ2N4Zmc94mFANbWq8YuVegUXo=
-52,37,VXhqmde5vLW+RJOoRanV7zRAQPQ=,2YQ2N4Zmc94mFANbWq8YuVegUXo=
-51,37,VXhqmde5vLW+RJOoRanV7zRAQPQ=,2YQ2N4Zmc94mFANbWq8YuVegUXo=
-54,47,VXhqmde5vLW+RJOoRanV7zRAQPQ=,PPIanqm22UrQScMkDmnoxKZ4yFo=
-50,37,VXhqmde5vLW+RJOoRanV7zRAQPQ=,2YQ2N4Zmc94mFANbWq8YuVegUXo=
-55,47,VXhqmde5vLW+RJOoRanV7zRAQPQ=,PPIanqm22UrQScMkDmnoxKZ4yFo=
-51,39,VXhqmde5vLW+RJOoRanV7zRAQPQ=,2YQ2N4Zmc94mFANbWq8YuVegUXo=
-53,40,VXhqmde5vLW+RJOoRanV7zRAQPQ=,0Ubo5bHhxLH6zy6GI8dxCm30W50=
-50,36,VXhqmde5vLW+RJOoRanV7zRAQPQ=,2YQ2N4Zmc94mFANbWq8YuVegUXo=
-52,39,VXhqmde5vLW+RJOoRanV7zRAQPQ=,2YQ2N4Zmc94mFANbWq8YuVegUXo=
-54,43,VXhqmde5vLW+RJOoRanV7zRAQPQ=,0Ubo5bHhxLH6zy6GI8dxCm30W50=
-51,38,VXhqmde5vLW+RJOoRanV7zRAQPQ=,2YQ2N4Zmc94mFANbWq8YuVegUXo=
-52,38,VXhqmde5vLW+RJOoRanV7zRAQPQ=,2YQ2N4Zmc94mFANbWq8YuVegUXo=
-52,40,VXhqmde5vLW+RJOoRanV7zRAQPQ=,tuBbvRRK6EcUh4UIf/vi0xWHCPE=
-51,36,VXhqmde5vLW+RJOoRanV7zRAQPQ=,2YQ2N4Zmc94mFANbWq8YuVegUXo=
-60,46,VXhqmde5vLW+RJOoRanV7zRAQPQ=,PtSAfRXxQR98ETj5uBv+4VI8xWw=
-60,44,VXhqmde5vLW+RJOoRanV7zRAQPQ=,PtSAfRXxQR98ETj5uBv+4VI8xWw=
-52,36,VXhqmde5vLW+RJOoRanV7zRAQPQ=,2YQ2N4Zmc94mFANbWq8YuVegUXo=
-60,45,VXhqmde5vLW+RJOoRanV7zRAQPQ=,PtSAfRXxQR98ETj5uBv+4VI8xWw=
-56,40,VXhqmde5vLW+RJOoRanV7zRAQPQ=,0Ubo5bHhxLH6zy6GI8dxCm30W50=
-55,45,VXhqmde5vLW+RJOoRanV7zRAQPQ=,PPIanqm22UrQScMkDmnoxKZ4yFo=
-52,42,VXhqmde5vLW+RJOoRanV7zRAQPQ=,tuBbvRRK6EcUh4UIf/vi0xWHCPE=
-49,45,VXhqmde5vLW+RJOoRanV7zRAQPQ=,C6UiiL+3kjNYIk1B1eABkqVPrJY=
-49,42,VXhqmde5vLW+RJOoRanV7zRAQPQ=,tuBbvRRK6EcUh4UIf/vi0xWHCPE=
-49,40,VXhqmde5vLW+RJOoRanV7zRAQPQ=,tuBbvRRK6EcUh4UIf/vi0xWHCPE=
-50,44,VXhqmde5vLW+RJOoRanV7zRAQPQ=,C6UiiL+3kjNYIk1B1eABkqVPrJY=
-54,44,VXhqmde5vLW+RJOoRanV7zRAQPQ=,PPIanqm22UrQScMkDmnoxKZ4yFo=
-53,47,VXhqmde5vLW+RJOoRanV7zRAQPQ=,PPIanqm22UrQScMkDmnoxKZ4yFo=
-49,47,VXhqmde5vLW+RJOoRanV7zRAQPQ=,C6UiiL+3kjNYIk1B1eABkqVPrJY=
-52,41,VXhqmde5vLW+RJOoRanV7zRAQPQ=,tuBbvRRK6EcUh4UIf/vi0xWHCPE=
-49,37,VXhqmde5vLW+RJOoRanV7zRAQPQ=,2YQ2N4Zmc94mFANbWq8YuVegUXo=
-50,47,VXhqmde5vLW+RJOoRanV7zRAQPQ=,C6UiiL+3kjNYIk1B1eABkqVPrJY=
-49,36,VXhqmde5vLW+RJOoRanV7zRAQPQ=,2YQ2N4Zmc94mFANbWq8YuVegUXo=
-53,42,VXhqmde5vLW+RJOoRanV7zRAQPQ=,0Ubo5bHhxLH6zy6GI8dxCm30W50=
-49,44,VXhqmde5vLW+RJOoRanV7zRAQPQ=,C6UiiL+3kjNYIk1B1eABkqVPrJY=
-52,47,VXhqmde5vLW+RJOoRanV7zRAQPQ=,C6UiiL+3kjNYIk1B1eABkqVPrJY=
-53,43,VXhqmde5vLW+RJOoRanV7zRAQPQ=,0Ubo5bHhxLH6zy6GI8dxCm30W50=
-58,47,VXhqmde5vLW+RJOoRanV7zRAQPQ=,PtSAfRXxQR98ETj5uBv+4VI8xWw=
-59,47,VXhqmde5vLW+RJOoRanV7zRAQPQ=,PtSAfRXxQR98ETj5uBv+4VI8xWw=
-60,47,VXhqmde5vLW+RJOoRanV7zRAQPQ=,PtSAfRXxQR98ETj5uBv+4VI8xWw=
-50,46,VXhqmde5vLW+RJOoRanV7zRAQPQ=,C6UiiL+3kjNYIk1B1eABkqVPrJY=
-50,40,VXhqmde5vLW+RJOoRanV7zRAQPQ=,tuBbvRRK6EcUh4UIf/vi0xWHCPE=
-55,46,VXhqmde5vLW+RJOoRanV7zRAQPQ=,PPIanqm22UrQScMkDmnoxKZ4yFo=
-51,40,VXhqmde5vLW+RJOoRanV7zRAQPQ=,tuBbvRRK6EcUh4UIf/vi0xWHCPE=
-50,45,VXhqmde5vLW+RJOoRanV7zRAQPQ=,C6UiiL+3kjNYIk1B1eABkqVPrJY=
-57,46,VXhqmde5vLW+RJOoRanV7zRAQPQ=,PtSAfRXxQR98ETj5uBv+4VI8xWw=
-51,46,VXhqmde5vLW+RJOoRanV7zRAQPQ=,C6UiiL+3kjNYIk1B1eABkqVPrJY=
-51,41,VXhqmde5vLW+RJOoRanV7zRAQPQ=,tuBbvRRK6EcUh4UIf/vi0xWHCPE=
-57,47,VXhqmde5vLW+RJOoRanV7zRAQPQ=,PtSAfRXxQR98ETj5uBv+4VI8xWw=
-56,47,VXhqmde5vLW+RJOoRanV7zRAQPQ=,PPIanqm22UrQScMkDmnoxKZ4yFo=
-50,39,VXhqmde5vLW+RJOoRanV7zRAQPQ=,2YQ2N4Zmc94mFANbWq8YuVegUXo=
-49,43,VXhqmde5vLW+RJOoRanV7zRAQPQ=,tuBbvRRK6EcUh4UIf/vi0xWHCPE=
-51,47,VXhqmde5vLW+RJOoRanV7zRAQPQ=,C6UiiL+3kjNYIk1B1eABkqVPrJY=
-49,38,VXhqmde5vLW+RJOoRanV7zRAQPQ=,2YQ2N4Zmc94mFANbWq8YuVegUXo=
-49,39,VXhqmde5vLW+RJOoRanV7zRAQPQ=,2YQ2N4Zmc94mFANbWq8YuVegUXo=
-56,46,VXhqmde5vLW+RJOoRanV7zRAQPQ=,PPIanqm22UrQScMkDmnoxKZ4yFo=
