21,-74,I42f4sM1wDgCZGumaBteZE+OnbA=,qZM475fDy8w/IKFuMHjfarHmlIM=
22,-76,I42f4sM1wDgCZGumaBteZE+OnbA=,qZM475fDy8w/IKFuMHjfarHmlIM=
21,-78,I42f4sM1wDgCZGumaBteZE+OnbA=,Wit17fz8iZ7VC/aKiVt25cETyGo=
21,-77,I42f4sM1wDgCZGumaBteZE+OnbA=,Wit17fz8iZ7VC/aKiVt25cETyGo=
22,-77,I42f4sM1wDgCZGumaBteZE+OnbA=,Wit17fz8iZ7VC/aKiVt25cETyGo=
21,-76,I42f4sM1wDgCZGumaBteZE+OnbA=,qZM475fDy8w/IKFuMHjfarHmlIM=
21,-79,I42f4sM1wDgCZGumaBteZE+OnbA=,Wit17fz8iZ7VC/aKiVt25cETyGo=
22,-78,I42f4sM1wDgCZGumaBteZE+OnbA=,Wit17fz8iZ7VC/aKiVt25cETyGo=
22,-79,I42f4sM1wDgCZGumaBteZE+OnbA=,Wit17fz8iZ7VC/aKiVt25cETyGo=
22,-75,I42f4sM1wDgCZGumaBteZE+OnbA=,qZM475fDy8w/IKFuMHjfarHmlIM=
22,-74,I42f4sM1wDgCZGumaBteZE+OnbA=,qZM475fDy8w/IKFuMHjfarHmlIM=
21,-75,I42f4sM1wDgCZGumaBteZE+OnbA=,qZM475fDy8w/IKFuMHjfarHmlIM=
17,-70,I42f4sM1wDgCZGumaBteZE+OnbA=,LDsFWljaAo3/MZMo5P9p2yZLJiY=
17,-71,I42f4sM1wDgCZGumaBteZE+OnbA=,LDsFWljaAo3/MZMo5P9p2yZLJiY=
22,-73,I42f4sM1wDgCZGumaBteZE+OnbA=,qZM475fDy8w/IKFuMHjfarHmlIM=
21,-73,I42f4sM1wDgCZGumaBteZE+OnbA=,qZM475fDy8w/IKFuMHjfarHmlIM=
18,-67,I42f4sM1wDgCZGumaBteZE+OnbA=,LvYLGds474nlaolyr6EB1h67IZ0=
20,-74,I42f4sM1wDgCZGumaBteZE+OnbA=,qZM475fDy8w/IKFuMHjfarHmlIM=
18,-74,I42f4sM1wDgCZGumaBteZE+OnbA=,Fmzmz2lSjA2vekT/DGpHOvcHrsE=
17,-72,I42f4sM1wDgCZGumaBteZE+OnbA=,LDsFWljaAo3/MZMo5P9p2yZLJiY=
17,-67,I42f4sM1wDgCZGumaBteZE+OnbA=,LvYLGds474nlaolyr6EB1h67IZ0=
17,-68,I42f4sM1wDgCZGumaBteZE+OnbA=,LvYLGds474nlaolyr6EB1h67IZ0=
20,-73,I42f4sM1wDgCZGumaBteZE+OnbA=,qZM475fDy8w/IKFuMHjfarHmlIM=
18,-72,I42f4sM1wDgCZGumaBteZE+OnbA=,LDsFWljaAo3/MZMo5P9p2yZLJiY=
17,-69,I42f4sM1wDgCZGumaBteZE+OnbA=,LDsFWljaAo3/MZMo5P9p2yZLJiY=
18,-73,I42f4sM1wDgCZGumaBteZE+OnbA=,Fmzmz2lSjA2vekT/DGpHOvcHrsE=
17,-66,I42f4sM1wDgCZGumaBteZE+OnbA=,LvYLGds474nlaolyr6EB1h67IZ0=
17,-73,I42f4sM1wDgCZGumaBteZE+OnbA=,Fmzmz2lSjA2vekT/DGpHOvcHrsE=
21,-80,I42f4sM1wDgCZGumaBteZE+OnbA=,Wit17fz8iZ7VC/aKiVt25cETyGo=
22,-80,I42f4sM1wDgCZGumaBteZE+OnbA=,Wit17fz8iZ7VC/aKiVt25cETyGo=
23,-78,I42f4sM1wDgCZGumaBteZE+OnbA=,Wit17fz8iZ7VC/aKiVt25cETyGo=
23,-79,I42f4sM1wDgCZGumaBteZE+OnbA=,Wit17fz8iZ7VC/aKiVt25cETyGo=
23,-76,I42f4sM1wDgCZGumaBteZE+OnbA=,qZM475fDy8w/IKFuMHjfarHmlIM=
23,-74,I42f4sM1wDgCZGumaBteZE+OnbA=,qZM475fDy8w/IKFuMHjfarHmlIM=
23,-77,I42f4sM1wDgCZGumaBteZE+OnbA=,Wit17fz8iZ7VC/aKiVt25cETyGo=
23,-75,I42f4sM1wDgCZGumaBteZE+OnbA=,qZM475fDy8w/IKFuMHjfarHmlIM=
23,-73,I42f4sM1wDgCZGumaBteZE+OnbA=,qZM475fDy8w/IKFuMHjfarHmlIM=
16,-76,I42f4sM1wDgCZGumaBteZE+OnbA=,Fmzmz2lSjA2vekT/DGpHOvcHrsE=
17,-76,I42f4sM1wDgCZGumaBteZE+OnbA=,Fmzmz2lSjA2vekT/DGpHOvcHrsE=
19,-74,I42f4sM1wDgCZGumaBteZE+OnbA=,Fmzmz2lSjA2vekT/DGpHOvcHrsE=
18,-70,I42f4sM1wDgCZGumaBteZE+OnbA=,LDsFWljaAo3/MZMo5P9p2yZLJiY=
19,-71,I42f4sM1wDgCZGumaBteZE+OnbA=,LDsFWljaAo3/MZMo5P9p2yZLJiY=
18,-68,I42f4sM1wDgCZGumaBteZE+OnbA=,LvYLGds474nlaolyr6EB1h67IZ0=
18,-69,I42f4sM1wDgCZGumaBteZE+OnbA=,LDsFWljaAo3/MZMo5P9p2yZLJiY=
19,-68,I42f4sM1wDgCZGumaBteZE+OnbA=,LvYLGds474nlaolyr6EB1h67IZ0=
19,-72,I42f4sM1wDgCZGumaBteZE+OnbA=,LDsFWljaAo3/MZMo5P9p2yZLJiY=
19,-70,I42f4sM1wDgCZGumaBteZE+OnbA=,LDsFWljaAo3/MZMo5P9p2yZLJiY=
17,-78,I42f4sM1wDgCZGumaBteZE+OnbA=,4id/Ae1PoaZ2O/a01be5eKqpwlU=
16,-78,I42f4sM1wDgCZGumaBteZE+OnbA=,4id/Ae1PoaZ2O/a01be5eKqpwlU=
18,-77,I42f4sM1wDgCZGumaBteZE+OnbA=,4id/Ae1PoaZ2O/a01be5eKqpwlU=
17,-77,I42f4sM1wDgCZGumaBteZE+OnbA=,4id/Ae1PoaZ2O/a01be5eKqpwlU=
16,-79,I42f4sM1wDgCZGumaBteZE+OnbA=,4id/Ae1PoaZ2O/a01be5eKqpwlU=
19,-67,I42f4sM1wDgCZGumaBteZE+OnbA=,LvYLGds474nlaolyr6EB1h67IZ0=
18,-78,I42f4sM1wDgCZGumaBteZE+OnbA=,4id/Ae1PoaZ2O/a01be5eKqpwlU=
19,-69,I42f4sM1wDgCZGumaBteZE+OnbA=,LDsFWljaAo3/MZMo5P9p2yZLJiY=
20,-78,I42f4sM1wDgCZGumaBteZE+OnbA=,Wit17fz8iZ7VC/aKiVt25cETyGo=
16,-77,I42f4sM1wDgCZGumaBteZE+OnbA=,4id/Ae1PoaZ2O/a01be5eKqpwlU=
16,-66,I42f4sM1wDgCZGumaBteZE+OnbA=,LvYLGds474nlaolyr6EB1h67IZ0=
16,-67,I42f4sM1wDgCZGumaBteZE+OnbA=,LvYLGds474nlaolyr6EB1h67IZ0=
18,-71,I42f4sM1wDgCZGumaBteZE+OnbA=,LDsFWljaAo3/MZMo5P9p2yZLJiY=
16,-74,I42f4sM1wDgCZGumaBteZE+OnbA=,Fmzmz2lSjA2vekT/DGpHOvcHrsE=
20,-75,I42f4sM1wDgCZGumaBteZE+OnbA=,qZM475fDy8w/IKFuMHjfarHmlIM=
16,-71,I42f4sM1wDgCZGumaBteZE+OnbA=,LDsFWljaAo3/MZMo5P9p2yZLJiY=
16,-68,I42f4sM1wDgCZGumaBteZE+OnbA=,LvYLGds474nlaolyr6EB1h67IZ0=
16,-75,I42f4sM1wDgCZGumaBteZE+OnbA=,Fmzmz2lSjA2vekT/DGpHOvcHrsE=
16,-73,I42f4sM1wDgCZGumaBteZE+OnbA=,Fmzmz2lSjA2vekT/DGpHOvcHrsE=
16,-70,I42f4sM1wDgCZGumaBteZE+OnbA=,LDsFWljaAo3/MZMo5P9p2yZLJiY=
16,-69,I42f4sM1wDgCZGumaBteZE+OnbA=,LDsFWljaAo3/MZMo5P9p2yZLJiY=
16,-72,I42f4sM1wDgCZGumaBteZE+OnbA=,LDsFWljaAo3/MZMo5P9p2yZLJiY=
23,-80,I42f4sM1wDgCZGumaBteZE+OnbA=,Wit17fz8iZ7VC/aKiVt25cETyGo=
18,-75,I42f4sM1wDgCZGumaBteZE+OnbA=,Fmzmz2lSjA2vekT/DGpHOvcHrsE=
20,-76,I42f4sM1wDgCZGumaBteZE+OnbA=,qZM475fDy8w/IKFuMHjfarHmlIM=
19,-73,I42f4sM1wDgCZGumaBteZE+OnbA=,Fmzmz2lSjA2vekT/DGpHOvcHrsE=
17,-75,I42f4sM1wDgCZGumaBteZE+OnbA=,Fmzmz2lSjA2vekT/DGpHOvcHrsE=
17,-74,I42f4sM1wDgCZGumaBteZE+OnbA=,Fmzmz2lSjA2vekT/DGpHOvcHrsE=
19,-75,I42f4sM1wDgCZGumaBteZE+OnbA=,Fmzmz2lSjA2vekT/DGpHOvcHrsE=
18,-76,I42f4sM1wDgCZGumaBteZE+OnbA=,Fmzmz2lSjA2vekT/DGpHOvcHrsE=
19,-78,I42f4sM1wDgCZGumaBteZE+OnbA=,4id/Ae1PoaZ2O/a01be5eKqpwlU=
19,-66,I42f4sM1wDgCZGumaBteZE+OnbA=,LvYLGds474nlaolyr6EB1h67IZ0=
18,-65,I42f4sM1wDgCZGumaBteZE+OnbA=,LvYLGds474nlaolyr6EB1h67IZ0=
17,-65,I42f4sM1wDgCZGumaBteZE+OnbA=,LvYLGds474nlaolyr6EB1h67IZ0=
18,-66,I42f4sM1wDgCZGumaBteZE+OnbA=,LvYLGds474nlaolyr6EB1h67IZ0=
16,-65,I42f4sM1wDgCZGumaBteZE+OnbA=,LvYLGds474nlaolyr6EB1h67IZ0=
20,-77,I42f4sM1wDgCZGumaBteZE+OnbA=,Wit17fz8iZ7VC/aKiVt25cETyGo=
19,-65,I42f4sM1wDgCZGumaBteZE+OnbA=,LvYLGds474nlaolyr6EB1h67IZ0=
19,-76,I42f4sM1wDgCZGumaBteZE+OnbA=,Fmzmz2lSjA2vekT/DGpHOvcHrsE=
19,-77,I42f4sM1wDgCZGumaBteZE+OnbA=,4id/Ae1PoaZ2O/a01be5eKqpwlU=
17,-79,I42f4sM1wDgCZGumaBteZE+OnbA=,4id/Ae1PoaZ2O/a01be5eKqpwlU=
20,-80,I42f4sM1wDgCZGumaBteZE+OnbA=,Wit17fz8iZ7VC/aKiVt25cETyGo=
20,-79,I42f4sM1wDgCZGumaBteZE+OnbA=,Wit17fz8iZ7VC/aKiVt25cETyGo=
16,-80,I42f4sM1wDgCZGumaBteZE+OnbA=,4id/Ae1PoaZ2O/a01be5eKqpwlU=
17,-80,I42f4sM1wDgCZGumaBteZE+OnbA=,4id/Ae1PoaZ2O/a01be5eKqpwlU=
19,-79,I42f4sM1wDgCZGumaBteZE+OnbA=,4id/Ae1PoaZ2O/a01be5eKqpwlU=
18,-79,I42f4sM1wDgCZGumaBteZE+OnbA=,4id/Ae1PoaZ2O/a01be5eKqpwlU=
19,-80,I42f4sM1wDgCZGumaBteZE+OnbA=,4id/Ae1PoaZ2O/a01be5eKqpwlU=
18,-80,I42f4sM1wDgCZGumaBteZE+OnbA=,4id/Ae1PoaZ2O/a01be5eKqpwlU=
17,-86,I42f4sM1wDgCZGumaBteZE+OnbA=,a5d+XjFCA0ES0dqVLIWiBSAi2YU=
18,-89,I42f4sM1wDgCZGumaBteZE+OnbA=,0aCjt6nHIfmdLUCVplEhIt9cNpw=
18,-90,I42f4sM1wDgCZGumaBteZE+OnbA=,0aCjt6nHIfmdLUCVplEhIt9cNpw=
18,-91,I42f4sM1wDgCZGumaBteZE+OnbA=,0aCjt6nHIfmdLUCVplEhIt9cNpw=
19,-91,I42f4sM1wDgCZGumaBteZE+OnbA=,0aCjt6nHIfmdLUCVplEhIt9cNpw=
19,-90,I42f4sM1wDgCZGumaBteZE+OnbA=,0aCjt6nHIfmdLUCVplEhIt9cNpw=
17,-94,I42f4sM1wDgCZGumaBteZE+OnbA=,zlh1/l/37sjJ9inFS+DCTURukXE=
19,-92,I42f4sM1wDgCZGumaBteZE+OnbA=,0aCjt6nHIfmdLUCVplEhIt9cNpw=
19,-95,I42f4sM1wDgCZGumaBteZE+OnbA=,zlh1/l/37sjJ9inFS+DCTURukXE=
19,-94,I42f4sM1wDgCZGumaBteZE+OnbA=,zlh1/l/37sjJ9inFS+DCTURukXE=
17,-95,I42f4sM1wDgCZGumaBteZE+OnbA=,zlh1/l/37sjJ9inFS+DCTURukXE=
18,-95,I42f4sM1wDgCZGumaBteZE+OnbA=,zlh1/l/37sjJ9inFS+DCTURukXE=
18,-92,I42f4sM1wDgCZGumaBteZE+OnbA=,0aCjt6nHIfmdLUCVplEhIt9cNpw=
19,-93,I42f4sM1wDgCZGumaBteZE+OnbA=,zlh1/l/37sjJ9inFS+DCTURukXE=
18,-93,I42f4sM1wDgCZGumaBteZE+OnbA=,zlh1/l/37sjJ9inFS+DCTURukXE=
18,-94,I42f4sM1wDgCZGumaBteZE+OnbA=,zlh1/l/37sjJ9inFS+DCTURukXE=
17,-93,I42f4sM1wDgCZGumaBteZE+OnbA=,zlh1/l/37sjJ9inFS+DCTURukXE=
19,-86,I42f4sM1wDgCZGumaBteZE+OnbA=,a5d+XjFCA0ES0dqVLIWiBSAi2YU=
19,-87,I42f4sM1wDgCZGumaBteZE+OnbA=,a5d+XjFCA0ES0dqVLIWiBSAi2YU=
19,-88,I42f4sM1wDgCZGumaBteZE+OnbA=,a5d+XjFCA0ES0dqVLIWiBSAi2YU=
19,-89,I42f4sM1wDgCZGumaBteZE+OnbA=,0aCjt6nHIfmdLUCVplEhIt9cNpw=
16,-86,I42f4sM1wDgCZGumaBteZE+OnbA=,a5d+XjFCA0ES0dqVLIWiBSAi2YU=
16,-87,I42f4sM1wDgCZGumaBteZE+OnbA=,a5d+XjFCA0ES0dqVLIWiBSAi2YU=
16,-88,I42f4sM1wDgCZGumaBteZE+OnbA=,a5d+XjFCA0ES0dqVLIWiBSAi2YU=
16,-89,I42f4sM1wDgCZGumaBteZE+OnbA=,0aCjt6nHIfmdLUCVplEhIt9cNpw=
16,-90,I42f4sM1wDgCZGumaBteZE+OnbA=,0aCjt6nHIfmdLUCVplEhIt9cNpw=
17,-92,I42f4sM1wDgCZGumaBteZE+OnbA=,0aCjt6nHIfmdLUCVplEhIt9cNpw=
16,-94,I42f4sM1wDgCZGumaBteZE+OnbA=,zlh1/l/37sjJ9inFS+DCTURukXE=
16,-93,I42f4sM1wDgCZGumaBteZE+OnbA=,zlh1/l/37sjJ9inFS+DCTURukXE=
17,-91,I42f4sM1wDgCZGumaBteZE+OnbA=,0aCjt6nHIfmdLUCVplEhIt9cNpw=
18,-88,I42f4sM1wDgCZGumaBteZE+OnbA=,a5d+XjFCA0ES0dqVLIWiBSAi2YU=
17,-90,I42f4sM1wDgCZGumaBteZE+OnbA=,0aCjt6nHIfmdLUCVplEhIt9cNpw=
18,-96,I42f4sM1wDgCZGumaBteZE+OnbA=,zlh1/l/37sjJ9inFS+DCTURukXE=
17,-96,I42f4sM1wDgCZGumaBteZE+OnbA=,zlh1/l/37sjJ9inFS+DCTURukXE=
19,-96,I42f4sM1wDgCZGumaBteZE+OnbA=,zlh1/l/37sjJ9inFS+DCTURukXE=
17,-87,I42f4sM1wDgCZGumaBteZE+OnbA=,a5d+XjFCA0ES0dqVLIWiBSAi2YU=
16,-96,I42f4sM1wDgCZGumaBteZE+OnbA=,zlh1/l/37sjJ9inFS+DCTURukXE=
16,-91,I42f4sM1wDgCZGumaBteZE+OnbA=,0aCjt6nHIfmdLUCVplEhIt9cNpw=
17,-88,I42f4sM1wDgCZGumaBteZE+OnbA=,a5d+XjFCA0ES0dqVLIWiBSAi2YU=
18,-87,I42f4sM1wDgCZGumaBteZE+OnbA=,a5d+XjFCA0ES0dqVLIWiBSAi2YU=
16,-95,I42f4sM1wDgCZGumaBteZE+OnbA=,zlh1/l/37sjJ9inFS+DCTURukXE=
17,-89,I42f4sM1wDgCZGumaBteZE+OnbA=,0aCjt6nHIfmdLUCVplEhIt9cNpw=
16,-92,I42f4sM1wDgCZGumaBteZE+OnbA=,0aCjt6nHIfmdLUCVplEhIt9cNpw=
19,-84,I42f4sM1wDgCZGumaBteZE+OnbA=,fPXKvpCdl1fbvUrhrPFl+Pc+i4Q=
19,-83,I42f4sM1wDgCZGumaBteZE+OnbA=,fPXKvpCdl1fbvUrhrPFl+Pc+i4Q=
16,-84,I42f4sM1wDgCZGumaBteZE+OnbA=,fPXKvpCdl1fbvUrhrPFl+Pc+i4Q=
16,-85,I42f4sM1wDgCZGumaBteZE+OnbA=,a5d+XjFCA0ES0dqVLIWiBSAi2YU=
19,-85,I42f4sM1wDgCZGumaBteZE+OnbA=,a5d+XjFCA0ES0dqVLIWiBSAi2YU=
17,-82,I42f4sM1wDgCZGumaBteZE+OnbA=,fPXKvpCdl1fbvUrhrPFl+Pc+i4Q=
16,-83,I42f4sM1wDgCZGumaBteZE+OnbA=,fPXKvpCdl1fbvUrhrPFl+Pc+i4Q=
17,-84,I42f4sM1wDgCZGumaBteZE+OnbA=,fPXKvpCdl1fbvUrhrPFl+Pc+i4Q=
19,-82,I42f4sM1wDgCZGumaBteZE+OnbA=,fPXKvpCdl1fbvUrhrPFl+Pc+i4Q=
17,-83,I42f4sM1wDgCZGumaBteZE+OnbA=,fPXKvpCdl1fbvUrhrPFl+Pc+i4Q=
17,-81,I42f4sM1wDgCZGumaBteZE+OnbA=,fPXKvpCdl1fbvUrhrPFl+Pc+i4Q=
17,-85,I42f4sM1wDgCZGumaBteZE+OnbA=,a5d+XjFCA0ES0dqVLIWiBSAi2YU=
18,-83,I42f4sM1wDgCZGumaBteZE+OnbA=,fPXKvpCdl1fbvUrhrPFl+Pc+i4Q=
18,-84,I42f4sM1wDgCZGumaBteZE+OnbA=,fPXKvpCdl1fbvUrhrPFl+Pc+i4Q=
18,-86,I42f4sM1wDgCZGumaBteZE+OnbA=,a5d+XjFCA0ES0dqVLIWiBSAi2YU=
18,-81,I42f4sM1wDgCZGumaBteZE+OnbA=,fPXKvpCdl1fbvUrhrPFl+Pc+i4Q=
18,-82,I42f4sM1wDgCZGumaBteZE+OnbA=,fPXKvpCdl1fbvUrhrPFl+Pc+i4Q=
18,-85,I42f4sM1wDgCZGumaBteZE+OnbA=,a5d+XjFCA0ES0dqVLIWiBSAi2YU=
16,-82,I42f4sM1wDgCZGumaBteZE+OnbA=,fPXKvpCdl1fbvUrhrPFl+Pc+i4Q=
19,-81,I42f4sM1wDgCZGumaBteZE+OnbA=,fPXKvpCdl1fbvUrhrPFl+Pc+i4Q=
16,-81,I42f4sM1wDgCZGumaBteZE+OnbA=,fPXKvpCdl1fbvUrhrPFl+Pc+i4Q=
10,-95,hPY2e3SSXooXGUk1yRpSAE1rlQ0=,EQXXGswK16WZb9pYB7Thj68O/+w=
9,-94,hPY2e3SSXooXGUk1yRpSAE1rlQ0=,EQXXGswK16WZb9pYB7Thj68O/+w=
9,-95,hPY2e3SSXooXGUk1yRpSAE1rlQ0=,EQXXGswK16WZb9pYB7Thj68O/+w=
10,-94,hPY2e3SSXooXGUk1yRpSAE1rlQ0=,EQXXGswK16WZb9pYB7Thj68O/+w=
5,-90,hPY2e3SSXooXGUk1yRpSAE1rlQ0=,m2+saDVCg+nk8iK5/cPtjCRuzTM=
5,-91,hPY2e3SSXooXGUk1yRpSAE1rlQ0=,m2+saDVCg+nk8iK5/cPtjCRuzTM=
8,-94,hPY2e3SSXooXGUk1yRpSAE1rlQ0=,EQXXGswK16WZb9pYB7Thj68O/+w=
8,-95,hPY2e3SSXooXGUk1yRpSAE1rlQ0=,EQXXGswK16WZb9pYB7Thj68O/+w=
8,-91,hPY2e3SSXooXGUk1yRpSAE1rlQ0=,jxuooWnmDf1cts4xqmMTGoP2JGk=
9,-91,hPY2e3SSXooXGUk1yRpSAE1rlQ0=,jxuooWnmDf1cts4xqmMTGoP2JGk=
8,-92,hPY2e3SSXooXGUk1yRpSAE1rlQ0=,jxuooWnmDf1cts4xqmMTGoP2JGk=
9,-92,hPY2e3SSXooXGUk1yRpSAE1rlQ0=,jxuooWnmDf1cts4xqmMTGoP2JGk=
8,-90,hPY2e3SSXooXGUk1yRpSAE1rlQ0=,jxuooWnmDf1cts4xqmMTGoP2JGk=
9,-90,hPY2e3SSXooXGUk1yRpSAE1rlQ0=,jxuooWnmDf1cts4xqmMTGoP2JGk=
8,-93,hPY2e3SSXooXGUk1yRpSAE1rlQ0=,EQXXGswK16WZb9pYB7Thj68O/+w=
9,-93,hPY2e3SSXooXGUk1yRpSAE1rlQ0=,EQXXGswK16WZb9pYB7Thj68O/+w=
7,-93,hPY2e3SSXooXGUk1yRpSAE1rlQ0=,M0zOC3Ue3OZzjm8MEmhAGikigy4=
10,-93,hPY2e3SSXooXGUk1yRpSAE1rlQ0=,EQXXGswK16WZb9pYB7Thj68O/+w=
7,-94,hPY2e3SSXooXGUk1yRpSAE1rlQ0=,M0zOC3Ue3OZzjm8MEmhAGikigy4=
6,-94,hPY2e3SSXooXGUk1yRpSAE1rlQ0=,M0zOC3Ue3OZzjm8MEmhAGikigy4=
7,-92,hPY2e3SSXooXGUk1yRpSAE1rlQ0=,m2+saDVCg+nk8iK5/cPtjCRuzTM=
7,-91,hPY2e3SSXooXGUk1yRpSAE1rlQ0=,m2+saDVCg+nk8iK5/cPtjCRuzTM=
5,-88,hPY2e3SSXooXGUk1yRpSAE1rlQ0=,D85Lg7/wQ+9R0mCq/rBBU5EwE5c=
5,-87,hPY2e3SSXooXGUk1yRpSAE1rlQ0=,D85Lg7/wQ+9R0mCq/rBBU5EwE5c=
6,-87,hPY2e3SSXooXGUk1yRpSAE1rlQ0=,D85Lg7/wQ+9R0mCq/rBBU5EwE5c=
5,-89,hPY2e3SSXooXGUk1yRpSAE1rlQ0=,m2+saDVCg+nk8iK5/cPtjCRuzTM=
5,-86,hPY2e3SSXooXGUk1yRpSAE1rlQ0=,D85Lg7/wQ+9R0mCq/rBBU5EwE5c=
6,-86,hPY2e3SSXooXGUk1yRpSAE1rlQ0=,D85Lg7/wQ+9R0mCq/rBBU5EwE5c=
6,-93,hPY2e3SSXooXGUk1yRpSAE1rlQ0=,M0zOC3Ue3OZzjm8MEmhAGikigy4=
6,-92,hPY2e3SSXooXGUk1yRpSAE1rlQ0=,m2+saDVCg+nk8iK5/cPtjCRuzTM=
6,-91,hPY2e3SSXooXGUk1yRpSAE1rlQ0=,m2+saDVCg+nk8iK5/cPtjCRuzTM=
5,-82,hPY2e3SSXooXGUk1yRpSAE1rlQ0=,A/YxH95N02/cC8C+hBPSgILktxU=
6,-82,hPY2e3SSXooXGUk1yRpSAE1rlQ0=,A/YxH95N02/cC8C+hBPSgILktxU=
5,-85,hPY2e3SSXooXGUk1yRpSAE1rlQ0=,D85Lg7/wQ+9R0mCq/rBBU5EwE5c=
6,-85,hPY2e3SSXooXGUk1yRpSAE1rlQ0=,D85Lg7/wQ+9R0mCq/rBBU5EwE5c=
5,-84,hPY2e3SSXooXGUk1yRpSAE1rlQ0=,A/YxH95N02/cC8C+hBPSgILktxU=
6,-84,hPY2e3SSXooXGUk1yRpSAE1rlQ0=,A/YxH95N02/cC8C+hBPSgILktxU=
5,-83,hPY2e3SSXooXGUk1yRpSAE1rlQ0=,A/YxH95N02/cC8C+hBPSgILktxU=
6,-83,hPY2e3SSXooXGUk1yRpSAE1rlQ0=,A/YxH95N02/cC8C+hBPSgILktxU=
8,-89,hPY2e3SSXooXGUk1yRpSAE1rlQ0=,jxuooWnmDf1cts4xqmMTGoP2JGk=
9,-89,hPY2e3SSXooXGUk1yRpSAE1rlQ0=,jxuooWnmDf1cts4xqmMTGoP2JGk=
10,-87,hPY2e3SSXooXGUk1yRpSAE1rlQ0=,DQw0XpnC0QiTwTgxuifoS8TJQec=
11,-87,hPY2e3SSXooXGUk1yRpSAE1rlQ0=,DQw0XpnC0QiTwTgxuifoS8TJQec=
7,-86,hPY2e3SSXooXGUk1yRpSAE1rlQ0=,D85Lg7/wQ+9R0mCq/rBBU5EwE5c=
11,-86,hPY2e3SSXooXGUk1yRpSAE1rlQ0=,DQw0XpnC0QiTwTgxuifoS8TJQec=
10,-83,hPY2e3SSXooXGUk1yRpSAE1rlQ0=,ftxQfnsKV3csDowyNynzGX8cXXo=
7,-85,hPY2e3SSXooXGUk1yRpSAE1rlQ0=,D85Lg7/wQ+9R0mCq/rBBU5EwE5c=
9,-82,hPY2e3SSXooXGUk1yRpSAE1rlQ0=,ftxQfnsKV3csDowyNynzGX8cXXo=
7,-84,hPY2e3SSXooXGUk1yRpSAE1rlQ0=,A/YxH95N02/cC8C+hBPSgILktxU=
10,-82,hPY2e3SSXooXGUk1yRpSAE1rlQ0=,ftxQfnsKV3csDowyNynzGX8cXXo=
9,-83,hPY2e3SSXooXGUk1yRpSAE1rlQ0=,ftxQfnsKV3csDowyNynzGX8cXXo=
7,-89,hPY2e3SSXooXGUk1yRpSAE1rlQ0=,m2+saDVCg+nk8iK5/cPtjCRuzTM=
7,-90,hPY2e3SSXooXGUk1yRpSAE1rlQ0=,m2+saDVCg+nk8iK5/cPtjCRuzTM=
9,-81,hPY2e3SSXooXGUk1yRpSAE1rlQ0=,ftxQfnsKV3csDowyNynzGX8cXXo=
10,-81,hPY2e3SSXooXGUk1yRpSAE1rlQ0=,ftxQfnsKV3csDowyNynzGX8cXXo=
4,-82,hPY2e3SSXooXGUk1yRpSAE1rlQ0=,A/YxH95N02/cC8C+hBPSgILktxU=
4,-83,hPY2e3SSXooXGUk1yRpSAE1rlQ0=,A/YxH95N02/cC8C+hBPSgILktxU=
7,-83,hPY2e3SSXooXGUk1yRpSAE1rlQ0=,A/YxH95N02/cC8C+hBPSgILktxU=
8,-86,hPY2e3SSXooXGUk1yRpSAE1rlQ0=,DQw0XpnC0QiTwTgxuifoS8TJQec=
6,-90,hPY2e3SSXooXGUk1yRpSAE1rlQ0=,m2+saDVCg+nk8iK5/cPtjCRuzTM=
8,-88,hPY2e3SSXooXGUk1yRpSAE1rlQ0=,DQw0XpnC0QiTwTgxuifoS8TJQec=
6,-89,hPY2e3SSXooXGUk1yRpSAE1rlQ0=,m2+saDVCg+nk8iK5/cPtjCRuzTM=
6,-88,hPY2e3SSXooXGUk1yRpSAE1rlQ0=,D85Lg7/wQ+9R0mCq/rBBU5EwE5c=
7,-87,hPY2e3SSXooXGUk1yRpSAE1rlQ0=,D85Lg7/wQ+9R0mCq/rBBU5EwE5c=
5,-81,hPY2e3SSXooXGUk1yRpSAE1rlQ0=,A/YxH95N02/cC8C+hBPSgILktxU=
8,-81,hPY2e3SSXooXGUk1yRpSAE1rlQ0=,ftxQfnsKV3csDowyNynzGX8cXXo=
4,-81,hPY2e3SSXooXGUk1yRpSAE1rlQ0=,A/YxH95N02/cC8C+hBPSgILktxU=
9,-84,hPY2e3SSXooXGUk1yRpSAE1rlQ0=,ftxQfnsKV3csDowyNynzGX8cXXo=
8,-87,hPY2e3SSXooXGUk1yRpSAE1rlQ0=,DQw0XpnC0QiTwTgxuifoS8TJQec=
8,-82,hPY2e3SSXooXGUk1yRpSAE1rlQ0=,ftxQfnsKV3csDowyNynzGX8cXXo=
6,-81,hPY2e3SSXooXGUk1yRpSAE1rlQ0=,A/YxH95N02/cC8C+hBPSgILktxU=
9,-88,hPY2e3SSXooXGUk1yRpSAE1rlQ0=,DQw0XpnC0QiTwTgxuifoS8TJQec=
8,-85,hPY2e3SSXooXGUk1yRpSAE1rlQ0=,DQw0XpnC0QiTwTgxuifoS8TJQec=
7,-82,hPY2e3SSXooXGUk1yRpSAE1rlQ0=,A/YxH95N02/cC8C+hBPSgILktxU=
4,-90,hPY2e3SSXooXGUk1yRpSAE1rlQ0=,m2+saDVCg+nk8iK5/cPtjCRuzTM=
4,-91,hPY2e3SSXooXGUk1yRpSAE1rlQ0=,m2+saDVCg+nk8iK5/cPtjCRuzTM=
7,-88,hPY2e3SSXooXGUk1yRpSAE1rlQ0=,D85Lg7/wQ+9R0mCq/rBBU5EwE5c=
9,-85,hPY2e3SSXooXGUk1yRpSAE1rlQ0=,DQw0XpnC0QiTwTgxuifoS8TJQec=
7,-81,hPY2e3SSXooXGUk1yRpSAE1rlQ0=,A/YxH95N02/cC8C+hBPSgILktxU=
9,-86,hPY2e3SSXooXGUk1yRpSAE1rlQ0=,DQw0XpnC0QiTwTgxuifoS8TJQec=
9,-87,hPY2e3SSXooXGUk1yRpSAE1rlQ0=,DQw0XpnC0QiTwTgxuifoS8TJQec=
8,-83,hPY2e3SSXooXGUk1yRpSAE1rlQ0=,ftxQfnsKV3csDowyNynzGX8cXXo=
11,-91,hPY2e3SSXooXGUk1yRpSAE1rlQ0=,jxuooWnmDf1cts4xqmMTGoP2JGk=
11,-88,hPY2e3SSXooXGUk1yRpSAE1rlQ0=,DQw0XpnC0QiTwTgxuifoS8TJQec=
11,-89,hPY2e3SSXooXGUk1yRpSAE1rlQ0=,jxuooWnmDf1cts4xqmMTGoP2JGk=
11,-90,hPY2e3SSXooXGUk1yRpSAE1rlQ0=,jxuooWnmDf1cts4xqmMTGoP2JGk=
12,-82,hPY2e3SSXooXGUk1yRpSAE1rlQ0=,WWW1YcHgHUfmCJT3iqcwApCdpDE=
14,-84,hPY2e3SSXooXGUk1yRpSAE1rlQ0=,WWW1YcHgHUfmCJT3iqcwApCdpDE=
11,-83,hPY2e3SSXooXGUk1yRpSAE1rlQ0=,ftxQfnsKV3csDowyNynzGX8cXXo=
15,-84,hPY2e3SSXooXGUk1yRpSAE1rlQ0=,WWW1YcHgHUfmCJT3iqcwApCdpDE=
11,-81,hPY2e3SSXooXGUk1yRpSAE1rlQ0=,ftxQfnsKV3csDowyNynzGX8cXXo=
11,-82,hPY2e3SSXooXGUk1yRpSAE1rlQ0=,ftxQfnsKV3csDowyNynzGX8cXXo=
14,-81,hPY2e3SSXooXGUk1yRpSAE1rlQ0=,WWW1YcHgHUfmCJT3iqcwApCdpDE=
13,-81,hPY2e3SSXooXGUk1yRpSAE1rlQ0=,WWW1YcHgHUfmCJT3iqcwApCdpDE=
10,-86,hPY2e3SSXooXGUk1yRpSAE1rlQ0=,DQw0XpnC0QiTwTgxuifoS8TJQec=
12,-81,hPY2e3SSXooXGUk1yRpSAE1rlQ0=,WWW1YcHgHUfmCJT3iqcwApCdpDE=
11,-85,hPY2e3SSXooXGUk1yRpSAE1rlQ0=,DQw0XpnC0QiTwTgxuifoS8TJQec=
10,-90,hPY2e3SSXooXGUk1yRpSAE1rlQ0=,jxuooWnmDf1cts4xqmMTGoP2JGk=
8,-84,hPY2e3SSXooXGUk1yRpSAE1rlQ0=,ftxQfnsKV3csDowyNynzGX8cXXo=
13,-82,hPY2e3SSXooXGUk1yRpSAE1rlQ0=,WWW1YcHgHUfmCJT3iqcwApCdpDE=
10,-84,hPY2e3SSXooXGUk1yRpSAE1rlQ0=,ftxQfnsKV3csDowyNynzGX8cXXo=
13,-84,hPY2e3SSXooXGUk1yRpSAE1rlQ0=,WWW1YcHgHUfmCJT3iqcwApCdpDE=
10,-89,hPY2e3SSXooXGUk1yRpSAE1rlQ0=,jxuooWnmDf1cts4xqmMTGoP2JGk=
12,-83,hPY2e3SSXooXGUk1yRpSAE1rlQ0=,WWW1YcHgHUfmCJT3iqcwApCdpDE=
11,-84,hPY2e3SSXooXGUk1yRpSAE1rlQ0=,ftxQfnsKV3csDowyNynzGX8cXXo=
15,-81,hPY2e3SSXooXGUk1yRpSAE1rlQ0=,WWW1YcHgHUfmCJT3iqcwApCdpDE=
14,-82,hPY2e3SSXooXGUk1yRpSAE1rlQ0=,WWW1YcHgHUfmCJT3iqcwApCdpDE=
13,-83,hPY2e3SSXooXGUk1yRpSAE1rlQ0=,WWW1YcHgHUfmCJT3iqcwApCdpDE=
12,-84,hPY2e3SSXooXGUk1yRpSAE1rlQ0=,WWW1YcHgHUfmCJT3iqcwApCdpDE=
11,-95,hPY2e3SSXooXGUk1yRpSAE1rlQ0=,EQXXGswK16WZb9pYB7Thj68O/+w=
14,-95,hPY2e3SSXooXGUk1yRpSAE1rlQ0=,g27CFOCNmenbpHmh7BA8syeBRuI=
15,-95,hPY2e3SSXooXGUk1yRpSAE1rlQ0=,g27CFOCNmenbpHmh7BA8syeBRuI=
14,-96,hPY2e3SSXooXGUk1yRpSAE1rlQ0=,g27CFOCNmenbpHmh7BA8syeBRuI=
11,-94,hPY2e3SSXooXGUk1yRpSAE1rlQ0=,EQXXGswK16WZb9pYB7Thj68O/+w=
14,-93,hPY2e3SSXooXGUk1yRpSAE1rlQ0=,g27CFOCNmenbpHmh7BA8syeBRuI=
5,-96,hPY2e3SSXooXGUk1yRpSAE1rlQ0=,M0zOC3Ue3OZzjm8MEmhAGikigy4=
4,-95,hPY2e3SSXooXGUk1yRpSAE1rlQ0=,M0zOC3Ue3OZzjm8MEmhAGikigy4=
4,-94,hPY2e3SSXooXGUk1yRpSAE1rlQ0=,M0zOC3Ue3OZzjm8MEmhAGikigy4=
4,-93,hPY2e3SSXooXGUk1yRpSAE1rlQ0=,M0zOC3Ue3OZzjm8MEmhAGikigy4=
4,-92,hPY2e3SSXooXGUk1yRpSAE1rlQ0=,m2+saDVCg+nk8iK5/cPtjCRuzTM=
4,-85,hPY2e3SSXooXGUk1yRpSAE1rlQ0=,D85Lg7/wQ+9R0mCq/rBBU5EwE5c=
4,-88,hPY2e3SSXooXGUk1yRpSAE1rlQ0=,D85Lg7/wQ+9R0mCq/rBBU5EwE5c=
4,-87,hPY2e3SSXooXGUk1yRpSAE1rlQ0=,D85Lg7/wQ+9R0mCq/rBBU5EwE5c=
4,-89,hPY2e3SSXooXGUk1yRpSAE1rlQ0=,m2+saDVCg+nk8iK5/cPtjCRuzTM=
4,-84,hPY2e3SSXooXGUk1yRpSAE1rlQ0=,A/YxH95N02/cC8C+hBPSgILktxU=
4,-86,hPY2e3SSXooXGUk1yRpSAE1rlQ0=,D85Lg7/wQ+9R0mCq/rBBU5EwE5c=
10,-85,hPY2e3SSXooXGUk1yRpSAE1rlQ0=,DQw0XpnC0QiTwTgxuifoS8TJQec=
4,-96,hPY2e3SSXooXGUk1yRpSAE1rlQ0=,M0zOC3Ue3OZzjm8MEmhAGikigy4=
13,-93,hPY2e3SSXooXGUk1yRpSAE1rlQ0=,g27CFOCNmenbpHmh7BA8syeBRuI=
5,-95,hPY2e3SSXooXGUk1yRpSAE1rlQ0=,M0zOC3Ue3OZzjm8MEmhAGikigy4=
5,-92,hPY2e3SSXooXGUk1yRpSAE1rlQ0=,m2+saDVCg+nk8iK5/cPtjCRuzTM=
15,-94,hPY2e3SSXooXGUk1yRpSAE1rlQ0=,g27CFOCNmenbpHmh7BA8syeBRuI=
14,-94,hPY2e3SSXooXGUk1yRpSAE1rlQ0=,g27CFOCNmenbpHmh7BA8syeBRuI=
13,-94,hPY2e3SSXooXGUk1yRpSAE1rlQ0=,g27CFOCNmenbpHmh7BA8syeBRuI=
15,-82,hPY2e3SSXooXGUk1yRpSAE1rlQ0=,WWW1YcHgHUfmCJT3iqcwApCdpDE=
15,-83,hPY2e3SSXooXGUk1yRpSAE1rlQ0=,WWW1YcHgHUfmCJT3iqcwApCdpDE=
14,-83,hPY2e3SSXooXGUk1yRpSAE1rlQ0=,WWW1YcHgHUfmCJT3iqcwApCdpDE=
10,-92,hPY2e3SSXooXGUk1yRpSAE1rlQ0=,jxuooWnmDf1cts4xqmMTGoP2JGk=
12,-93,hPY2e3SSXooXGUk1yRpSAE1rlQ0=,g27CFOCNmenbpHmh7BA8syeBRuI=
8,-96,hPY2e3SSXooXGUk1yRpSAE1rlQ0=,EQXXGswK16WZb9pYB7Thj68O/+w=
10,-88,hPY2e3SSXooXGUk1yRpSAE1rlQ0=,DQw0XpnC0QiTwTgxuifoS8TJQec=
15,-96,hPY2e3SSXooXGUk1yRpSAE1rlQ0=,g27CFOCNmenbpHmh7BA8syeBRuI=
7,-96,hPY2e3SSXooXGUk1yRpSAE1rlQ0=,M0zOC3Ue3OZzjm8MEmhAGikigy4=
5,-94,hPY2e3SSXooXGUk1yRpSAE1rlQ0=,M0zOC3Ue3OZzjm8MEmhAGikigy4=
10,-96,hPY2e3SSXooXGUk1yRpSAE1rlQ0=,EQXXGswK16WZb9pYB7Thj68O/+w=
11,-96,hPY2e3SSXooXGUk1yRpSAE1rlQ0=,EQXXGswK16WZb9pYB7Thj68O/+w=
9,-96,hPY2e3SSXooXGUk1yRpSAE1rlQ0=,EQXXGswK16WZb9pYB7Thj68O/+w=
15,-93,hPY2e3SSXooXGUk1yRpSAE1rlQ0=,g27CFOCNmenbpHmh7BA8syeBRuI=
11,-93,hPY2e3SSXooXGUk1yRpSAE1rlQ0=,EQXXGswK16WZb9pYB7Thj68O/+w=
10,-91,hPY2e3SSXooXGUk1yRpSAE1rlQ0=,jxuooWnmDf1cts4xqmMTGoP2JGk=
7,-95,hPY2e3SSXooXGUk1yRpSAE1rlQ0=,M0zOC3Ue3OZzjm8MEmhAGikigy4=
6,-96,hPY2e3SSXooXGUk1yRpSAE1rlQ0=,M0zOC3Ue3OZzjm8MEmhAGikigy4=
6,-95,hPY2e3SSXooXGUk1yRpSAE1rlQ0=,M0zOC3Ue3OZzjm8MEmhAGikigy4=
11,-92,hPY2e3SSXooXGUk1yRpSAE1rlQ0=,jxuooWnmDf1cts4xqmMTGoP2JGk=
5,-93,hPY2e3SSXooXGUk1yRpSAE1rlQ0=,M0zOC3Ue3OZzjm8MEmhAGikigy4=
12,-96,hPY2e3SSXooXGUk1yRpSAE1rlQ0=,g27CFOCNmenbpHmh7BA8syeBRuI=
13,-95,hPY2e3SSXooXGUk1yRpSAE1rlQ0=,g27CFOCNmenbpHmh7BA8syeBRuI=
12,-95,hPY2e3SSXooXGUk1yRpSAE1rlQ0=,g27CFOCNmenbpHmh7BA8syeBRuI=
13,-96,hPY2e3SSXooXGUk1yRpSAE1rlQ0=,g27CFOCNmenbpHmh7BA8syeBRuI=
12,-94,hPY2e3SSXooXGUk1yRpSAE1rlQ0=,g27CFOCNmenbpHmh7BA8syeBRuI=
5,-79,hPY2e3SSXooXGUk1yRpSAE1rlQ0=,wTdH9HhGEkyBfRN5Rk9oR74SjnY=
6,-78,hPY2e3SSXooXGUk1yRpSAE1rlQ0=,wTdH9HhGEkyBfRN5Rk9oR74SjnY=
5,-78,hPY2e3SSXooXGUk1yRpSAE1rlQ0=,wTdH9HhGEkyBfRN5Rk9oR74SjnY=
6,-79,hPY2e3SSXooXGUk1yRpSAE1rlQ0=,wTdH9HhGEkyBfRN5Rk9oR74SjnY=
4,-79,hPY2e3SSXooXGUk1yRpSAE1rlQ0=,wTdH9HhGEkyBfRN5Rk9oR74SjnY=
3,-78,hPY2e3SSXooXGUk1yRpSAE1rlQ0=,KGHQZWcJ6gAvTMNYjDVjYCX0OvY=
2,-78,hPY2e3SSXooXGUk1yRpSAE1rlQ0=,KGHQZWcJ6gAvTMNYjDVjYCX0OvY=
1,-78,hPY2e3SSXooXGUk1yRpSAE1rlQ0=,KGHQZWcJ6gAvTMNYjDVjYCX0OvY=
3,-79,hPY2e3SSXooXGUk1yRpSAE1rlQ0=,KGHQZWcJ6gAvTMNYjDVjYCX0OvY=
2,-79,hPY2e3SSXooXGUk1yRpSAE1rlQ0=,KGHQZWcJ6gAvTMNYjDVjYCX0OvY=
1,-79,hPY2e3SSXooXGUk1yRpSAE1rlQ0=,KGHQZWcJ6gAvTMNYjDVjYCX0OvY=
4,-78,hPY2e3SSXooXGUk1yRpSAE1rlQ0=,wTdH9HhGEkyBfRN5Rk9oR74SjnY=
1,-74,hPY2e3SSXooXGUk1yRpSAE1rlQ0=,G3t44zgzt9Xpf6ceg7R2H8FO5xk=
2,-74,hPY2e3SSXooXGUk1yRpSAE1rlQ0=,G3t44zgzt9Xpf6ceg7R2H8FO5xk=
1,-73,hPY2e3SSXooXGUk1yRpSAE1rlQ0=,G3t44zgzt9Xpf6ceg7R2H8FO5xk=
2,-73,hPY2e3SSXooXGUk1yRpSAE1rlQ0=,G3t44zgzt9Xpf6ceg7R2H8FO5xk=
9,-74,hPY2e3SSXooXGUk1yRpSAE1rlQ0=,wKGfMrPzHYHRy0TV+AC3D0iuiKA=
10,-74,hPY2e3SSXooXGUk1yRpSAE1rlQ0=,wKGfMrPzHYHRy0TV+AC3D0iuiKA=
9,-75,hPY2e3SSXooXGUk1yRpSAE1rlQ0=,wKGfMrPzHYHRy0TV+AC3D0iuiKA=
9,-73,hPY2e3SSXooXGUk1yRpSAE1rlQ0=,wKGfMrPzHYHRy0TV+AC3D0iuiKA=
10,-73,hPY2e3SSXooXGUk1yRpSAE1rlQ0=,wKGfMrPzHYHRy0TV+AC3D0iuiKA=
6,-75,hPY2e3SSXooXGUk1yRpSAE1rlQ0=,yWlGZ2/dtii/bQuXurEAvs9a4PY=
3,-74,hPY2e3SSXooXGUk1yRpSAE1rlQ0=,G3t44zgzt9Xpf6ceg7R2H8FO5xk=
8,-74,hPY2e3SSXooXGUk1yRpSAE1rlQ0=,wKGfMrPzHYHRy0TV+AC3D0iuiKA=
4,-77,hPY2e3SSXooXGUk1yRpSAE1rlQ0=,wTdH9HhGEkyBfRN5Rk9oR74SjnY=
3,-77,hPY2e3SSXooXGUk1yRpSAE1rlQ0=,KGHQZWcJ6gAvTMNYjDVjYCX0OvY=
5,-74,hPY2e3SSXooXGUk1yRpSAE1rlQ0=,yWlGZ2/dtii/bQuXurEAvs9a4PY=
5,-75,hPY2e3SSXooXGUk1yRpSAE1rlQ0=,yWlGZ2/dtii/bQuXurEAvs9a4PY=
4,-75,hPY2e3SSXooXGUk1yRpSAE1rlQ0=,yWlGZ2/dtii/bQuXurEAvs9a4PY=
3,-75,hPY2e3SSXooXGUk1yRpSAE1rlQ0=,G3t44zgzt9Xpf6ceg7R2H8FO5xk=
4,-74,hPY2e3SSXooXGUk1yRpSAE1rlQ0=,yWlGZ2/dtii/bQuXurEAvs9a4PY=
2,-75,hPY2e3SSXooXGUk1yRpSAE1rlQ0=,G3t44zgzt9Xpf6ceg7R2H8FO5xk=
5,-77,hPY2e3SSXooXGUk1yRpSAE1rlQ0=,wTdH9HhGEkyBfRN5Rk9oR74SjnY=
4,-76,hPY2e3SSXooXGUk1yRpSAE1rlQ0=,yWlGZ2/dtii/bQuXurEAvs9a4PY=
5,-76,hPY2e3SSXooXGUk1yRpSAE1rlQ0=,yWlGZ2/dtii/bQuXurEAvs9a4PY=
2,-77,hPY2e3SSXooXGUk1yRpSAE1rlQ0=,KGHQZWcJ6gAvTMNYjDVjYCX0OvY=
8,-73,hPY2e3SSXooXGUk1yRpSAE1rlQ0=,wKGfMrPzHYHRy0TV+AC3D0iuiKA=
4,-72,hPY2e3SSXooXGUk1yRpSAE1rlQ0=,cs0wQ4DRbF51h12/ebie5YFR9n8=
5,-72,hPY2e3SSXooXGUk1yRpSAE1rlQ0=,cs0wQ4DRbF51h12/ebie5YFR9n8=
7,-71,hPY2e3SSXooXGUk1yRpSAE1rlQ0=,cs0wQ4DRbF51h12/ebie5YFR9n8=
3,-73,hPY2e3SSXooXGUk1yRpSAE1rlQ0=,G3t44zgzt9Xpf6ceg7R2H8FO5xk=
6,-70,hPY2e3SSXooXGUk1yRpSAE1rlQ0=,cs0wQ4DRbF51h12/ebie5YFR9n8=
7,-70,hPY2e3SSXooXGUk1yRpSAE1rlQ0=,cs0wQ4DRbF51h12/ebie5YFR9n8=
4,-73,hPY2e3SSXooXGUk1yRpSAE1rlQ0=,yWlGZ2/dtii/bQuXurEAvs9a4PY=
5,-73,hPY2e3SSXooXGUk1yRpSAE1rlQ0=,yWlGZ2/dtii/bQuXurEAvs9a4PY=
7,-72,hPY2e3SSXooXGUk1yRpSAE1rlQ0=,cs0wQ4DRbF51h12/ebie5YFR9n8=
4,-71,hPY2e3SSXooXGUk1yRpSAE1rlQ0=,cs0wQ4DRbF51h12/ebie5YFR9n8=
6,-71,hPY2e3SSXooXGUk1yRpSAE1rlQ0=,cs0wQ4DRbF51h12/ebie5YFR9n8=
6,-72,hPY2e3SSXooXGUk1yRpSAE1rlQ0=,cs0wQ4DRbF51h12/ebie5YFR9n8=
3,-76,hPY2e3SSXooXGUk1yRpSAE1rlQ0=,G3t44zgzt9Xpf6ceg7R2H8FO5xk=
5,-71,hPY2e3SSXooXGUk1yRpSAE1rlQ0=,cs0wQ4DRbF51h12/ebie5YFR9n8=
6,-74,hPY2e3SSXooXGUk1yRpSAE1rlQ0=,yWlGZ2/dtii/bQuXurEAvs9a4PY=
2,-76,hPY2e3SSXooXGUk1yRpSAE1rlQ0=,G3t44zgzt9Xpf6ceg7R2H8FO5xk=
7,-73,hPY2e3SSXooXGUk1yRpSAE1rlQ0=,yWlGZ2/dtii/bQuXurEAvs9a4PY=
6,-73,hPY2e3SSXooXGUk1yRpSAE1rlQ0=,yWlGZ2/dtii/bQuXurEAvs9a4PY=
9,-80,hPY2e3SSXooXGUk1yRpSAE1rlQ0=,GhybDx3Bd9CK/BfrePA3dUpknF4=
10,-78,hPY2e3SSXooXGUk1yRpSAE1rlQ0=,GhybDx3Bd9CK/BfrePA3dUpknF4=
9,-78,hPY2e3SSXooXGUk1yRpSAE1rlQ0=,GhybDx3Bd9CK/BfrePA3dUpknF4=
11,-78,hPY2e3SSXooXGUk1yRpSAE1rlQ0=,GhybDx3Bd9CK/BfrePA3dUpknF4=
10,-80,hPY2e3SSXooXGUk1yRpSAE1rlQ0=,GhybDx3Bd9CK/BfrePA3dUpknF4=
11,-79,hPY2e3SSXooXGUk1yRpSAE1rlQ0=,GhybDx3Bd9CK/BfrePA3dUpknF4=
10,-79,hPY2e3SSXooXGUk1yRpSAE1rlQ0=,GhybDx3Bd9CK/BfrePA3dUpknF4=
9,-79,hPY2e3SSXooXGUk1yRpSAE1rlQ0=,GhybDx3Bd9CK/BfrePA3dUpknF4=
8,-75,hPY2e3SSXooXGUk1yRpSAE1rlQ0=,wKGfMrPzHYHRy0TV+AC3D0iuiKA=
6,-77,hPY2e3SSXooXGUk1yRpSAE1rlQ0=,wTdH9HhGEkyBfRN5Rk9oR74SjnY=
7,-74,hPY2e3SSXooXGUk1yRpSAE1rlQ0=,yWlGZ2/dtii/bQuXurEAvs9a4PY=
9,-76,hPY2e3SSXooXGUk1yRpSAE1rlQ0=,wKGfMrPzHYHRy0TV+AC3D0iuiKA=
7,-78,hPY2e3SSXooXGUk1yRpSAE1rlQ0=,wTdH9HhGEkyBfRN5Rk9oR74SjnY=
9,-77,hPY2e3SSXooXGUk1yRpSAE1rlQ0=,GhybDx3Bd9CK/BfrePA3dUpknF4=
6,-68,hPY2e3SSXooXGUk1yRpSAE1rlQ0=,oosiWVmYdHbypw/gW0+t/yLKYVc=
7,-68,hPY2e3SSXooXGUk1yRpSAE1rlQ0=,oosiWVmYdHbypw/gW0+t/yLKYVc=
6,-67,hPY2e3SSXooXGUk1yRpSAE1rlQ0=,oosiWVmYdHbypw/gW0+t/yLKYVc=
7,-67,hPY2e3SSXooXGUk1yRpSAE1rlQ0=,oosiWVmYdHbypw/gW0+t/yLKYVc=
6,-69,hPY2e3SSXooXGUk1yRpSAE1rlQ0=,cs0wQ4DRbF51h12/ebie5YFR9n8=
6,-66,hPY2e3SSXooXGUk1yRpSAE1rlQ0=,oosiWVmYdHbypw/gW0+t/yLKYVc=
7,-66,hPY2e3SSXooXGUk1yRpSAE1rlQ0=,oosiWVmYdHbypw/gW0+t/yLKYVc=
7,-69,hPY2e3SSXooXGUk1yRpSAE1rlQ0=,cs0wQ4DRbF51h12/ebie5YFR9n8=
6,-76,hPY2e3SSXooXGUk1yRpSAE1rlQ0=,yWlGZ2/dtii/bQuXurEAvs9a4PY=
7,-77,hPY2e3SSXooXGUk1yRpSAE1rlQ0=,wTdH9HhGEkyBfRN5Rk9oR74SjnY=
0,-79,hPY2e3SSXooXGUk1yRpSAE1rlQ0=,KGHQZWcJ6gAvTMNYjDVjYCX0OvY=
0,-78,hPY2e3SSXooXGUk1yRpSAE1rlQ0=,KGHQZWcJ6gAvTMNYjDVjYCX0OvY=
8,-76,hPY2e3SSXooXGUk1yRpSAE1rlQ0=,wKGfMrPzHYHRy0TV+AC3D0iuiKA=
6,-65,hPY2e3SSXooXGUk1yRpSAE1rlQ0=,oosiWVmYdHbypw/gW0+t/yLKYVc=
7,-65,hPY2e3SSXooXGUk1yRpSAE1rlQ0=,oosiWVmYdHbypw/gW0+t/yLKYVc=
1,-68,hPY2e3SSXooXGUk1yRpSAE1rlQ0=,ax1aZ/W1xkTpA2iyd+2pxxRfVzg=
0,-68,hPY2e3SSXooXGUk1yRpSAE1rlQ0=,ax1aZ/W1xkTpA2iyd+2pxxRfVzg=
1,-67,hPY2e3SSXooXGUk1yRpSAE1rlQ0=,ax1aZ/W1xkTpA2iyd+2pxxRfVzg=
3,-65,hPY2e3SSXooXGUk1yRpSAE1rlQ0=,ax1aZ/W1xkTpA2iyd+2pxxRfVzg=
0,-67,hPY2e3SSXooXGUk1yRpSAE1rlQ0=,ax1aZ/W1xkTpA2iyd+2pxxRfVzg=
0,-65,hPY2e3SSXooXGUk1yRpSAE1rlQ0=,ax1aZ/W1xkTpA2iyd+2pxxRfVzg=
0,-66,hPY2e3SSXooXGUk1yRpSAE1rlQ0=,ax1aZ/W1xkTpA2iyd+2pxxRfVzg=
2,-68,hPY2e3SSXooXGUk1yRpSAE1rlQ0=,ax1aZ/W1xkTpA2iyd+2pxxRfVzg=
5,-70,hPY2e3SSXooXGUk1yRpSAE1rlQ0=,cs0wQ4DRbF51h12/ebie5YFR9n8=
1,-66,hPY2e3SSXooXGUk1yRpSAE1rlQ0=,ax1aZ/W1xkTpA2iyd+2pxxRfVzg=
4,-65,hPY2e3SSXooXGUk1yRpSAE1rlQ0=,oosiWVmYdHbypw/gW0+t/yLKYVc=
5,-69,hPY2e3SSXooXGUk1yRpSAE1rlQ0=,cs0wQ4DRbF51h12/ebie5YFR9n8=
7,-75,hPY2e3SSXooXGUk1yRpSAE1rlQ0=,yWlGZ2/dtii/bQuXurEAvs9a4PY=
3,-68,hPY2e3SSXooXGUk1yRpSAE1rlQ0=,ax1aZ/W1xkTpA2iyd+2pxxRfVzg=
4,-70,hPY2e3SSXooXGUk1yRpSAE1rlQ0=,cs0wQ4DRbF51h12/ebie5YFR9n8=
8,-77,hPY2e3SSXooXGUk1yRpSAE1rlQ0=,GhybDx3Bd9CK/BfrePA3dUpknF4=
5,-67,hPY2e3SSXooXGUk1yRpSAE1rlQ0=,oosiWVmYdHbypw/gW0+t/yLKYVc=
4,-66,hPY2e3SSXooXGUk1yRpSAE1rlQ0=,oosiWVmYdHbypw/gW0+t/yLKYVc=
8,-78,hPY2e3SSXooXGUk1yRpSAE1rlQ0=,GhybDx3Bd9CK/BfrePA3dUpknF4=
5,-68,hPY2e3SSXooXGUk1yRpSAE1rlQ0=,oosiWVmYdHbypw/gW0+t/yLKYVc=
4,-69,hPY2e3SSXooXGUk1yRpSAE1rlQ0=,cs0wQ4DRbF51h12/ebie5YFR9n8=
4,-67,hPY2e3SSXooXGUk1yRpSAE1rlQ0=,oosiWVmYdHbypw/gW0+t/yLKYVc=
1,-65,hPY2e3SSXooXGUk1yRpSAE1rlQ0=,ax1aZ/W1xkTpA2iyd+2pxxRfVzg=
2,-67,hPY2e3SSXooXGUk1yRpSAE1rlQ0=,ax1aZ/W1xkTpA2iyd+2pxxRfVzg=
4,-68,hPY2e3SSXooXGUk1yRpSAE1rlQ0=,oosiWVmYdHbypw/gW0+t/yLKYVc=
7,-76,hPY2e3SSXooXGUk1yRpSAE1rlQ0=,yWlGZ2/dtii/bQuXurEAvs9a4PY=
3,-66,hPY2e3SSXooXGUk1yRpSAE1rlQ0=,ax1aZ/W1xkTpA2iyd+2pxxRfVzg=
3,-67,hPY2e3SSXooXGUk1yRpSAE1rlQ0=,ax1aZ/W1xkTpA2iyd+2pxxRfVzg=
0,-74,hPY2e3SSXooXGUk1yRpSAE1rlQ0=,G3t44zgzt9Xpf6ceg7R2H8FO5xk=
0,-77,hPY2e3SSXooXGUk1yRpSAE1rlQ0=,KGHQZWcJ6gAvTMNYjDVjYCX0OvY=
0,-73,hPY2e3SSXooXGUk1yRpSAE1rlQ0=,G3t44zgzt9Xpf6ceg7R2H8FO5xk=
5,-65,hPY2e3SSXooXGUk1yRpSAE1rlQ0=,oosiWVmYdHbypw/gW0+t/yLKYVc=
1,-80,hPY2e3SSXooXGUk1yRpSAE1rlQ0=,KGHQZWcJ6gAvTMNYjDVjYCX0OvY=
2,-80,hPY2e3SSXooXGUk1yRpSAE1rlQ0=,KGHQZWcJ6gAvTMNYjDVjYCX0OvY=
1,-77,hPY2e3SSXooXGUk1yRpSAE1rlQ0=,KGHQZWcJ6gAvTMNYjDVjYCX0OvY=
0,-75,hPY2e3SSXooXGUk1yRpSAE1rlQ0=,G3t44zgzt9Xpf6ceg7R2H8FO5xk=
1,-75,hPY2e3SSXooXGUk1yRpSAE1rlQ0=,G3t44zgzt9Xpf6ceg7R2H8FO5xk=
0,-80,hPY2e3SSXooXGUk1yRpSAE1rlQ0=,KGHQZWcJ6gAvTMNYjDVjYCX0OvY=
14,-73,hPY2e3SSXooXGUk1yRpSAE1rlQ0=,BDzbVPVrbznRLlC2fH3OfrcW/aY=
15,-73,hPY2e3SSXooXGUk1yRpSAE1rlQ0=,BDzbVPVrbznRLlC2fH3OfrcW/aY=
12,-74,hPY2e3SSXooXGUk1yRpSAE1rlQ0=,BDzbVPVrbznRLlC2fH3OfrcW/aY=
12,-76,hPY2e3SSXooXGUk1yRpSAE1rlQ0=,BDzbVPVrbznRLlC2fH3OfrcW/aY=
14,-74,hPY2e3SSXooXGUk1yRpSAE1rlQ0=,BDzbVPVrbznRLlC2fH3OfrcW/aY=
13,-74,hPY2e3SSXooXGUk1yRpSAE1rlQ0=,BDzbVPVrbznRLlC2fH3OfrcW/aY=
15,-76,hPY2e3SSXooXGUk1yRpSAE1rlQ0=,BDzbVPVrbznRLlC2fH3OfrcW/aY=
11,-77,hPY2e3SSXooXGUk1yRpSAE1rlQ0=,GhybDx3Bd9CK/BfrePA3dUpknF4=
11,-80,hPY2e3SSXooXGUk1yRpSAE1rlQ0=,GhybDx3Bd9CK/BfrePA3dUpknF4=
11,-74,hPY2e3SSXooXGUk1yRpSAE1rlQ0=,wKGfMrPzHYHRy0TV+AC3D0iuiKA=
11,-73,hPY2e3SSXooXGUk1yRpSAE1rlQ0=,wKGfMrPzHYHRy0TV+AC3D0iuiKA=
13,-73,hPY2e3SSXooXGUk1yRpSAE1rlQ0=,BDzbVPVrbznRLlC2fH3OfrcW/aY=
12,-73,hPY2e3SSXooXGUk1yRpSAE1rlQ0=,BDzbVPVrbznRLlC2fH3OfrcW/aY=
3,-80,hPY2e3SSXooXGUk1yRpSAE1rlQ0=,KGHQZWcJ6gAvTMNYjDVjYCX0OvY=
0,-76,hPY2e3SSXooXGUk1yRpSAE1rlQ0=,G3t44zgzt9Xpf6ceg7R2H8FO5xk=
12,-75,hPY2e3SSXooXGUk1yRpSAE1rlQ0=,BDzbVPVrbznRLlC2fH3OfrcW/aY=
11,-76,hPY2e3SSXooXGUk1yRpSAE1rlQ0=,wKGfMrPzHYHRy0TV+AC3D0iuiKA=
11,-75,hPY2e3SSXooXGUk1yRpSAE1rlQ0=,wKGfMrPzHYHRy0TV+AC3D0iuiKA=
1,-76,hPY2e3SSXooXGUk1yRpSAE1rlQ0=,G3t44zgzt9Xpf6ceg7R2H8FO5xk=
10,-75,hPY2e3SSXooXGUk1yRpSAE1rlQ0=,wKGfMrPzHYHRy0TV+AC3D0iuiKA=
15,-74,hPY2e3SSXooXGUk1yRpSAE1rlQ0=,BDzbVPVrbznRLlC2fH3OfrcW/aY=
5,-80,hPY2e3SSXooXGUk1yRpSAE1rlQ0=,wTdH9HhGEkyBfRN5Rk9oR74SjnY=
13,-75,hPY2e3SSXooXGUk1yRpSAE1rlQ0=,BDzbVPVrbznRLlC2fH3OfrcW/aY=
4,-80,hPY2e3SSXooXGUk1yRpSAE1rlQ0=,wTdH9HhGEkyBfRN5Rk9oR74SjnY=
7,-79,hPY2e3SSXooXGUk1yRpSAE1rlQ0=,wTdH9HhGEkyBfRN5Rk9oR74SjnY=
5,-66,hPY2e3SSXooXGUk1yRpSAE1rlQ0=,oosiWVmYdHbypw/gW0+t/yLKYVc=
14,-76,hPY2e3SSXooXGUk1yRpSAE1rlQ0=,BDzbVPVrbznRLlC2fH3OfrcW/aY=
14,-75,hPY2e3SSXooXGUk1yRpSAE1rlQ0=,BDzbVPVrbznRLlC2fH3OfrcW/aY=
6,-80,hPY2e3SSXooXGUk1yRpSAE1rlQ0=,wTdH9HhGEkyBfRN5Rk9oR74SjnY=
10,-77,hPY2e3SSXooXGUk1yRpSAE1rlQ0=,GhybDx3Bd9CK/BfrePA3dUpknF4=
10,-76,hPY2e3SSXooXGUk1yRpSAE1rlQ0=,wKGfMrPzHYHRy0TV+AC3D0iuiKA=
15,-75,hPY2e3SSXooXGUk1yRpSAE1rlQ0=,BDzbVPVrbznRLlC2fH3OfrcW/aY=
2,-65,hPY2e3SSXooXGUk1yRpSAE1rlQ0=,ax1aZ/W1xkTpA2iyd+2pxxRfVzg=
13,-76,hPY2e3SSXooXGUk1yRpSAE1rlQ0=,BDzbVPVrbznRLlC2fH3OfrcW/aY=
8,-80,hPY2e3SSXooXGUk1yRpSAE1rlQ0=,GhybDx3Bd9CK/BfrePA3dUpknF4=
2,-66,hPY2e3SSXooXGUk1yRpSAE1rlQ0=,ax1aZ/W1xkTpA2iyd+2pxxRfVzg=
7,-80,hPY2e3SSXooXGUk1yRpSAE1rlQ0=,wTdH9HhGEkyBfRN5Rk9oR74SjnY=
8,-79,hPY2e3SSXooXGUk1yRpSAE1rlQ0=,GhybDx3Bd9CK/BfrePA3dUpknF4=
