65,46,nhZbj3ReZdPsVBS08Dwz1w8A1QY=,q/ayfhwVERR44ABLfwsvH+40ChE=
70,45,nhZbj3ReZdPsVBS08Dwz1w8A1QY=,q/ayfhwVERR44ABLfwsvH+40ChE=
69,45,nhZbj3ReZdPsVBS08Dwz1w8A1QY=,q/ayfhwVERR44ABLfwsvH+40ChE=
68,45,nhZbj3ReZdPsVBS08Dwz1w8A1QY=,q/ayfhwVERR44ABLfwsvH+40ChE=
67,45,nhZbj3ReZdPsVBS08Dwz1w8A1QY=,q/ayfhwVERR44ABLfwsvH+40ChE=
66,45,nhZbj3ReZdPsVBS08Dwz1w8A1QY=,q/ayfhwVERR44ABLfwsvH+40ChE=
65,45,nhZbj3ReZdPsVBS08Dwz1w8A1QY=,q/ayfhwVERR44ABLfwsvH+40ChE=
70,44,nhZbj3ReZdPsVBS08Dwz1w8A1QY=,q/ayfhwVERR44ABLfwsvH+40ChE=
69,44,nhZbj3ReZdPsVBS08Dwz1w8A1QY=,q/ayfhwVERR44ABLfwsvH+40ChE=
68,44,nhZbj3ReZdPsVBS08Dwz1w8A1QY=,q/ayfhwVERR44ABLfwsvH+40ChE=
67,44,nhZbj3ReZdPsVBS08Dwz1w8A1QY=,q/ayfhwVERR44ABLfwsvH+40ChE=
66,44,nhZbj3ReZdPsVBS08Dwz1w8A1QY=,q/ayfhwVERR44ABLfwsvH+40ChE=
65,44,nhZbj3ReZdPsVBS08Dwz1w8A1QY=,q/ayfhwVERR44ABLfwsvH+40ChE=
70,43,nhZbj3ReZdPsVBS08Dwz1w8A1QY=,q/ayfhwVERR44ABLfwsvH+40ChE=
69,43,nhZbj3ReZdPsVBS08Dwz1w8A1QY=,q/ayfhwVERR44ABLfwsvH+40ChE=
68,43,nhZbj3ReZdPsVBS08Dwz1w8A1QY=,q/ayfhwVERR44ABLfwsvH+40ChE=
67,43,nhZbj3ReZdPsVBS08Dwz1w8A1QY=,q/ayfhwVERR44ABLfwsvH+40ChE=
66,43,nhZbj3ReZdPsVBS08Dwz1w8A1QY=,q/ayfhwVERR44ABLfwsvH+40ChE=
65,43,nhZbj3ReZdPsVBS08Dwz1w8A1QY=,q/ayfhwVERR44ABLfwsvH+40ChE=
69,42,nhZbj3ReZdPsVBS08Dwz1w8A1QY=,q/ayfhwVERR44ABLfwsvH+40ChE=
68,42,nhZbj3ReZdPsVBS08Dwz1w8A1QY=,q/ayfhwVERR44ABLfwsvH+40ChE=
67,42,nhZbj3ReZdPsVBS08Dwz1w8A1QY=,q/ayfhwVERR44ABLfwsvH+40ChE=
66,42,nhZbj3ReZdPsVBS08Dwz1w8A1QY=,q/ayfhwVERR44ABLfwsvH+40ChE=
65,42,nhZbj3ReZdPsVBS08Dwz1w8A1QY=,q/ayfhwVERR44ABLfwsvH+40ChE=
69,41,nhZbj3ReZdPsVBS08Dwz1w8A1QY=,q/ayfhwVERR44ABLfwsvH+40ChE=
68,41,nhZbj3ReZdPsVBS08Dwz1w8A1QY=,q/ayfhwVERR44ABLfwsvH+40ChE=
67,41,nhZbj3ReZdPsVBS08Dwz1w8A1QY=,q/ayfhwVERR44ABLfwsvH+40ChE=
66,41,nhZbj3ReZdPsVBS08Dwz1w8A1QY=,q/ayfhwVERR44ABLfwsvH+40ChE=
65,41,nhZbj3ReZdPsVBS08Dwz1w8A1QY=,q/ayfhwVERR44ABLfwsvH+40ChE=
70,46,nhZbj3ReZdPsVBS08Dwz1w8A1QY=,q/ayfhwVERR44ABLfwsvH+40ChE=
69,46,nhZbj3ReZdPsVBS08Dwz1w8A1QY=,q/ayfhwVERR44ABLfwsvH+40ChE=
68,46,nhZbj3ReZdPsVBS08Dwz1w8A1QY=,q/ayfhwVERR44ABLfwsvH+40ChE=
67,46,nhZbj3ReZdPsVBS08Dwz1w8A1QY=,q/ayfhwVERR44ABLfwsvH+40ChE=
66,46,nhZbj3ReZdPsVBS08Dwz1w8A1QY=,q/ayfhwVERR44ABLfwsvH+40ChE=
68,39,nhZbj3ReZdPsVBS08Dwz1w8A1QY=,lzsgzr2foJi4wBvodDAjXMZkVFo=
69,39,nhZbj3ReZdPsVBS08Dwz1w8A1QY=,lzsgzr2foJi4wBvodDAjXMZkVFo=
76,38,nhZbj3ReZdPsVBS08Dwz1w8A1QY=,QeT+6NaRm5YxvBSM6k9vGoZ5Dvo=
77,38,nhZbj3ReZdPsVBS08Dwz1w8A1QY=,QeT+6NaRm5YxvBSM6k9vGoZ5Dvo=
74,34,nhZbj3ReZdPsVBS08Dwz1w8A1QY=,QeT+6NaRm5YxvBSM6k9vGoZ5Dvo=
73,35,nhZbj3ReZdPsVBS08Dwz1w8A1QY=,QeT+6NaRm5YxvBSM6k9vGoZ5Dvo=
74,35,nhZbj3ReZdPsVBS08Dwz1w8A1QY=,QeT+6NaRm5YxvBSM6k9vGoZ5Dvo=
75,35,nhZbj3ReZdPsVBS08Dwz1w8A1QY=,QeT+6NaRm5YxvBSM6k9vGoZ5Dvo=
74,36,nhZbj3ReZdPsVBS08Dwz1w8A1QY=,QeT+6NaRm5YxvBSM6k9vGoZ5Dvo=
75,36,nhZbj3ReZdPsVBS08Dwz1w8A1QY=,QeT+6NaRm5YxvBSM6k9vGoZ5Dvo=
76,36,nhZbj3ReZdPsVBS08Dwz1w8A1QY=,QeT+6NaRm5YxvBSM6k9vGoZ5Dvo=
77,36,nhZbj3ReZdPsVBS08Dwz1w8A1QY=,QeT+6NaRm5YxvBSM6k9vGoZ5Dvo=
74,37,nhZbj3ReZdPsVBS08Dwz1w8A1QY=,QeT+6NaRm5YxvBSM6k9vGoZ5Dvo=
75,37,nhZbj3ReZdPsVBS08Dwz1w8A1QY=,QeT+6NaRm5YxvBSM6k9vGoZ5Dvo=
76,37,nhZbj3ReZdPsVBS08Dwz1w8A1QY=,QeT+6NaRm5YxvBSM6k9vGoZ5Dvo=
77,37,nhZbj3ReZdPsVBS08Dwz1w8A1QY=,QeT+6NaRm5YxvBSM6k9vGoZ5Dvo=
75,38,nhZbj3ReZdPsVBS08Dwz1w8A1QY=,QeT+6NaRm5YxvBSM6k9vGoZ5Dvo=
65,47,nhZbj3ReZdPsVBS08Dwz1w8A1QY=,q/ayfhwVERR44ABLfwsvH+40ChE=
66,47,nhZbj3ReZdPsVBS08Dwz1w8A1QY=,q/ayfhwVERR44ABLfwsvH+40ChE=
67,47,nhZbj3ReZdPsVBS08Dwz1w8A1QY=,q/ayfhwVERR44ABLfwsvH+40ChE=
68,47,nhZbj3ReZdPsVBS08Dwz1w8A1QY=,q/ayfhwVERR44ABLfwsvH+40ChE=
69,47,nhZbj3ReZdPsVBS08Dwz1w8A1QY=,q/ayfhwVERR44ABLfwsvH+40ChE=
70,47,nhZbj3ReZdPsVBS08Dwz1w8A1QY=,q/ayfhwVERR44ABLfwsvH+40ChE=
67,38,nhZbj3ReZdPsVBS08Dwz1w8A1QY=,lzsgzr2foJi4wBvodDAjXMZkVFo=
67,39,nhZbj3ReZdPsVBS08Dwz1w8A1QY=,lzsgzr2foJi4wBvodDAjXMZkVFo=
66,38,nhZbj3ReZdPsVBS08Dwz1w8A1QY=,lzsgzr2foJi4wBvodDAjXMZkVFo=
66,39,nhZbj3ReZdPsVBS08Dwz1w8A1QY=,lzsgzr2foJi4wBvodDAjXMZkVFo=
65,37,nhZbj3ReZdPsVBS08Dwz1w8A1QY=,lzsgzr2foJi4wBvodDAjXMZkVFo=
65,39,nhZbj3ReZdPsVBS08Dwz1w8A1QY=,lzsgzr2foJi4wBvodDAjXMZkVFo=
65,38,nhZbj3ReZdPsVBS08Dwz1w8A1QY=,lzsgzr2foJi4wBvodDAjXMZkVFo=
65,36,nhZbj3ReZdPsVBS08Dwz1w8A1QY=,lzsgzr2foJi4wBvodDAjXMZkVFo=
69,36,nhZbj3ReZdPsVBS08Dwz1w8A1QY=,lzsgzr2foJi4wBvodDAjXMZkVFo=
68,36,nhZbj3ReZdPsVBS08Dwz1w8A1QY=,lzsgzr2foJi4wBvodDAjXMZkVFo=
70,38,nhZbj3ReZdPsVBS08Dwz1w8A1QY=,lzsgzr2foJi4wBvodDAjXMZkVFo=
69,38,nhZbj3ReZdPsVBS08Dwz1w8A1QY=,lzsgzr2foJi4wBvodDAjXMZkVFo=
69,35,nhZbj3ReZdPsVBS08Dwz1w8A1QY=,lzsgzr2foJi4wBvodDAjXMZkVFo=
69,37,nhZbj3ReZdPsVBS08Dwz1w8A1QY=,lzsgzr2foJi4wBvodDAjXMZkVFo=
68,37,nhZbj3ReZdPsVBS08Dwz1w8A1QY=,lzsgzr2foJi4wBvodDAjXMZkVFo=
67,35,nhZbj3ReZdPsVBS08Dwz1w8A1QY=,lzsgzr2foJi4wBvodDAjXMZkVFo=
69,40,nhZbj3ReZdPsVBS08Dwz1w8A1QY=,q/ayfhwVERR44ABLfwsvH+40ChE=
68,40,nhZbj3ReZdPsVBS08Dwz1w8A1QY=,q/ayfhwVERR44ABLfwsvH+40ChE=
67,40,nhZbj3ReZdPsVBS08Dwz1w8A1QY=,q/ayfhwVERR44ABLfwsvH+40ChE=
66,40,nhZbj3ReZdPsVBS08Dwz1w8A1QY=,q/ayfhwVERR44ABLfwsvH+40ChE=
65,40,nhZbj3ReZdPsVBS08Dwz1w8A1QY=,q/ayfhwVERR44ABLfwsvH+40ChE=
67,36,nhZbj3ReZdPsVBS08Dwz1w8A1QY=,lzsgzr2foJi4wBvodDAjXMZkVFo=
68,38,nhZbj3ReZdPsVBS08Dwz1w8A1QY=,lzsgzr2foJi4wBvodDAjXMZkVFo=
67,37,nhZbj3ReZdPsVBS08Dwz1w8A1QY=,lzsgzr2foJi4wBvodDAjXMZkVFo=
66,35,nhZbj3ReZdPsVBS08Dwz1w8A1QY=,lzsgzr2foJi4wBvodDAjXMZkVFo=
66,37,nhZbj3ReZdPsVBS08Dwz1w8A1QY=,lzsgzr2foJi4wBvodDAjXMZkVFo=
66,36,nhZbj3ReZdPsVBS08Dwz1w8A1QY=,lzsgzr2foJi4wBvodDAjXMZkVFo=
71,46,nhZbj3ReZdPsVBS08Dwz1w8A1QY=,q/ayfhwVERR44ABLfwsvH+40ChE=
71,47,nhZbj3ReZdPsVBS08Dwz1w8A1QY=,q/ayfhwVERR44ABLfwsvH+40ChE=
76,39,nhZbj3ReZdPsVBS08Dwz1w8A1QY=,QeT+6NaRm5YxvBSM6k9vGoZ5Dvo=
78,40,nhZbj3ReZdPsVBS08Dwz1w8A1QY=,gFi3wvJe9AML9Xhz/dEo89oXPtk=
77,39,nhZbj3ReZdPsVBS08Dwz1w8A1QY=,QeT+6NaRm5YxvBSM6k9vGoZ5Dvo=
78,39,nhZbj3ReZdPsVBS08Dwz1w8A1QY=,QeT+6NaRm5YxvBSM6k9vGoZ5Dvo=
72,46,nhZbj3ReZdPsVBS08Dwz1w8A1QY=,gFi3wvJe9AML9Xhz/dEo89oXPtk=
77,46,nhZbj3ReZdPsVBS08Dwz1w8A1QY=,gFi3wvJe9AML9Xhz/dEo89oXPtk=
78,46,nhZbj3ReZdPsVBS08Dwz1w8A1QY=,gFi3wvJe9AML9Xhz/dEo89oXPtk=
72,47,nhZbj3ReZdPsVBS08Dwz1w8A1QY=,gFi3wvJe9AML9Xhz/dEo89oXPtk=
78,47,nhZbj3ReZdPsVBS08Dwz1w8A1QY=,gFi3wvJe9AML9Xhz/dEo89oXPtk=
71,45,nhZbj3ReZdPsVBS08Dwz1w8A1QY=,q/ayfhwVERR44ABLfwsvH+40ChE=
77,47,nhZbj3ReZdPsVBS08Dwz1w8A1QY=,gFi3wvJe9AML9Xhz/dEo89oXPtk=
76,47,nhZbj3ReZdPsVBS08Dwz1w8A1QY=,gFi3wvJe9AML9Xhz/dEo89oXPtk=
78,41,6BRQk1dcamNEFpV6L+EzdvB+ojw=,gFi3wvJe9AML9Xhz/dEo89oXPtk=
75,47,6BRQk1dcamNEFpV6L+EzdvB+ojw=,gFi3wvJe9AML9Xhz/dEo89oXPtk=
74,47,6BRQk1dcamNEFpV6L+EzdvB+ojw=,gFi3wvJe9AML9Xhz/dEo89oXPtk=
73,47,6BRQk1dcamNEFpV6L+EzdvB+ojw=,gFi3wvJe9AML9Xhz/dEo89oXPtk=
70,42,6BRQk1dcamNEFpV6L+EzdvB+ojw=,q/ayfhwVERR44ABLfwsvH+40ChE=
74,42,6BRQk1dcamNEFpV6L+EzdvB+ojw=,gFi3wvJe9AML9Xhz/dEo89oXPtk=
75,39,6BRQk1dcamNEFpV6L+EzdvB+ojw=,QeT+6NaRm5YxvBSM6k9vGoZ5Dvo=
71,39,6BRQk1dcamNEFpV6L+EzdvB+ojw=,lzsgzr2foJi4wBvodDAjXMZkVFo=
73,36,6BRQk1dcamNEFpV6L+EzdvB+ojw=,QeT+6NaRm5YxvBSM6k9vGoZ5Dvo=
72,42,6BRQk1dcamNEFpV6L+EzdvB+ojw=,gFi3wvJe9AML9Xhz/dEo89oXPtk=
73,42,6BRQk1dcamNEFpV6L+EzdvB+ojw=,gFi3wvJe9AML9Xhz/dEo89oXPtk=
70,41,6BRQk1dcamNEFpV6L+EzdvB+ojw=,q/ayfhwVERR44ABLfwsvH+40ChE=
72,39,6BRQk1dcamNEFpV6L+EzdvB+ojw=,QeT+6NaRm5YxvBSM6k9vGoZ5Dvo=
70,39,6BRQk1dcamNEFpV6L+EzdvB+ojw=,lzsgzr2foJi4wBvodDAjXMZkVFo=
75,42,6BRQk1dcamNEFpV6L+EzdvB+ojw=,gFi3wvJe9AML9Xhz/dEo89oXPtk=
70,40,6BRQk1dcamNEFpV6L+EzdvB+ojw=,q/ayfhwVERR44ABLfwsvH+40ChE=
73,39,6BRQk1dcamNEFpV6L+EzdvB+ojw=,QeT+6NaRm5YxvBSM6k9vGoZ5Dvo=
71,38,6BRQk1dcamNEFpV6L+EzdvB+ojw=,lzsgzr2foJi4wBvodDAjXMZkVFo=
74,38,6BRQk1dcamNEFpV6L+EzdvB+ojw=,QeT+6NaRm5YxvBSM6k9vGoZ5Dvo=
75,46,6BRQk1dcamNEFpV6L+EzdvB+ojw=,gFi3wvJe9AML9Xhz/dEo89oXPtk=
75,43,6BRQk1dcamNEFpV6L+EzdvB+ojw=,gFi3wvJe9AML9Xhz/dEo89oXPtk=
73,38,6BRQk1dcamNEFpV6L+EzdvB+ojw=,QeT+6NaRm5YxvBSM6k9vGoZ5Dvo=
70,37,6BRQk1dcamNEFpV6L+EzdvB+ojw=,lzsgzr2foJi4wBvodDAjXMZkVFo=
73,37,6BRQk1dcamNEFpV6L+EzdvB+ojw=,QeT+6NaRm5YxvBSM6k9vGoZ5Dvo=
74,46,6BRQk1dcamNEFpV6L+EzdvB+ojw=,gFi3wvJe9AML9Xhz/dEo89oXPtk=
72,36,6BRQk1dcamNEFpV6L+EzdvB+ojw=,QeT+6NaRm5YxvBSM6k9vGoZ5Dvo=
73,43,6BRQk1dcamNEFpV6L+EzdvB+ojw=,gFi3wvJe9AML9Xhz/dEo89oXPtk=
72,37,6BRQk1dcamNEFpV6L+EzdvB+ojw=,QeT+6NaRm5YxvBSM6k9vGoZ5Dvo=
72,38,6BRQk1dcamNEFpV6L+EzdvB+ojw=,QeT+6NaRm5YxvBSM6k9vGoZ5Dvo=
71,37,6BRQk1dcamNEFpV6L+EzdvB+ojw=,lzsgzr2foJi4wBvodDAjXMZkVFo=
74,43,6BRQk1dcamNEFpV6L+EzdvB+ojw=,gFi3wvJe9AML9Xhz/dEo89oXPtk=
71,40,6BRQk1dcamNEFpV6L+EzdvB+ojw=,q/ayfhwVERR44ABLfwsvH+40ChE=
70,36,6BRQk1dcamNEFpV6L+EzdvB+ojw=,lzsgzr2foJi4wBvodDAjXMZkVFo=
72,44,6BRQk1dcamNEFpV6L+EzdvB+ojw=,gFi3wvJe9AML9Xhz/dEo89oXPtk=
74,39,6BRQk1dcamNEFpV6L+EzdvB+ojw=,QeT+6NaRm5YxvBSM6k9vGoZ5Dvo=
73,44,6BRQk1dcamNEFpV6L+EzdvB+ojw=,gFi3wvJe9AML9Xhz/dEo89oXPtk=
72,45,6BRQk1dcamNEFpV6L+EzdvB+ojw=,gFi3wvJe9AML9Xhz/dEo89oXPtk=
74,44,6BRQk1dcamNEFpV6L+EzdvB+ojw=,gFi3wvJe9AML9Xhz/dEo89oXPtk=
73,40,6BRQk1dcamNEFpV6L+EzdvB+ojw=,gFi3wvJe9AML9Xhz/dEo89oXPtk=
75,41,6BRQk1dcamNEFpV6L+EzdvB+ojw=,gFi3wvJe9AML9Xhz/dEo89oXPtk=
72,43,6BRQk1dcamNEFpV6L+EzdvB+ojw=,gFi3wvJe9AML9Xhz/dEo89oXPtk=
71,36,6BRQk1dcamNEFpV6L+EzdvB+ojw=,lzsgzr2foJi4wBvodDAjXMZkVFo=
71,44,6BRQk1dcamNEFpV6L+EzdvB+ojw=,q/ayfhwVERR44ABLfwsvH+40ChE=
71,41,6BRQk1dcamNEFpV6L+EzdvB+ojw=,q/ayfhwVERR44ABLfwsvH+40ChE=
73,46,6BRQk1dcamNEFpV6L+EzdvB+ojw=,gFi3wvJe9AML9Xhz/dEo89oXPtk=
72,40,6BRQk1dcamNEFpV6L+EzdvB+ojw=,gFi3wvJe9AML9Xhz/dEo89oXPtk=
71,43,6BRQk1dcamNEFpV6L+EzdvB+ojw=,q/ayfhwVERR44ABLfwsvH+40ChE=
71,42,6BRQk1dcamNEFpV6L+EzdvB+ojw=,q/ayfhwVERR44ABLfwsvH+40ChE=
73,41,6BRQk1dcamNEFpV6L+EzdvB+ojw=,gFi3wvJe9AML9Xhz/dEo89oXPtk=
79,41,6BRQk1dcamNEFpV6L+EzdvB+ojw=,gFi3wvJe9AML9Xhz/dEo89oXPtk=
74,40,6BRQk1dcamNEFpV6L+EzdvB+ojw=,gFi3wvJe9AML9Xhz/dEo89oXPtk=
79,47,6BRQk1dcamNEFpV6L+EzdvB+ojw=,gFi3wvJe9AML9Xhz/dEo89oXPtk=
72,41,6BRQk1dcamNEFpV6L+EzdvB+ojw=,gFi3wvJe9AML9Xhz/dEo89oXPtk=
64,46,6BRQk1dcamNEFpV6L+EzdvB+ojw=,q/ayfhwVERR44ABLfwsvH+40ChE=
64,41,6BRQk1dcamNEFpV6L+EzdvB+ojw=,q/ayfhwVERR44ABLfwsvH+40ChE=
64,42,6BRQk1dcamNEFpV6L+EzdvB+ojw=,q/ayfhwVERR44ABLfwsvH+40ChE=
64,43,6BRQk1dcamNEFpV6L+EzdvB+ojw=,q/ayfhwVERR44ABLfwsvH+40ChE=
64,44,6BRQk1dcamNEFpV6L+EzdvB+ojw=,q/ayfhwVERR44ABLfwsvH+40ChE=
64,45,6BRQk1dcamNEFpV6L+EzdvB+ojw=,q/ayfhwVERR44ABLfwsvH+40ChE=
74,41,6BRQk1dcamNEFpV6L+EzdvB+ojw=,gFi3wvJe9AML9Xhz/dEo89oXPtk=
75,40,6BRQk1dcamNEFpV6L+EzdvB+ojw=,gFi3wvJe9AML9Xhz/dEo89oXPtk=
76,43,6BRQk1dcamNEFpV6L+EzdvB+ojw=,gFi3wvJe9AML9Xhz/dEo89oXPtk=
78,38,6BRQk1dcamNEFpV6L+EzdvB+ojw=,QeT+6NaRm5YxvBSM6k9vGoZ5Dvo=
78,36,6BRQk1dcamNEFpV6L+EzdvB+ojw=,QeT+6NaRm5YxvBSM6k9vGoZ5Dvo=
79,39,6BRQk1dcamNEFpV6L+EzdvB+ojw=,QeT+6NaRm5YxvBSM6k9vGoZ5Dvo=
78,37,6BRQk1dcamNEFpV6L+EzdvB+ojw=,QeT+6NaRm5YxvBSM6k9vGoZ5Dvo=
79,36,6BRQk1dcamNEFpV6L+EzdvB+ojw=,QeT+6NaRm5YxvBSM6k9vGoZ5Dvo=
73,45,6BRQk1dcamNEFpV6L+EzdvB+ojw=,gFi3wvJe9AML9Xhz/dEo89oXPtk=
75,44,6BRQk1dcamNEFpV6L+EzdvB+ojw=,gFi3wvJe9AML9Xhz/dEo89oXPtk=
77,40,6BRQk1dcamNEFpV6L+EzdvB+ojw=,gFi3wvJe9AML9Xhz/dEo89oXPtk=
76,40,6BRQk1dcamNEFpV6L+EzdvB+ojw=,gFi3wvJe9AML9Xhz/dEo89oXPtk=
74,45,6BRQk1dcamNEFpV6L+EzdvB+ojw=,gFi3wvJe9AML9Xhz/dEo89oXPtk=
76,46,6BRQk1dcamNEFpV6L+EzdvB+ojw=,gFi3wvJe9AML9Xhz/dEo89oXPtk=
76,44,6BRQk1dcamNEFpV6L+EzdvB+ojw=,gFi3wvJe9AML9Xhz/dEo89oXPtk=
77,45,6BRQk1dcamNEFpV6L+EzdvB+ojw=,gFi3wvJe9AML9Xhz/dEo89oXPtk=
79,38,6BRQk1dcamNEFpV6L+EzdvB+ojw=,QeT+6NaRm5YxvBSM6k9vGoZ5Dvo=
77,41,6BRQk1dcamNEFpV6L+EzdvB+ojw=,gFi3wvJe9AML9Xhz/dEo89oXPtk=
79,42,6BRQk1dcamNEFpV6L+EzdvB+ojw=,gFi3wvJe9AML9Xhz/dEo89oXPtk=
76,45,6BRQk1dcamNEFpV6L+EzdvB+ojw=,gFi3wvJe9AML9Xhz/dEo89oXPtk=
75,45,6BRQk1dcamNEFpV6L+EzdvB+ojw=,gFi3wvJe9AML9Xhz/dEo89oXPtk=
79,37,6BRQk1dcamNEFpV6L+EzdvB+ojw=,QeT+6NaRm5YxvBSM6k9vGoZ5Dvo=
78,42,6BRQk1dcamNEFpV6L+EzdvB+ojw=,gFi3wvJe9AML9Xhz/dEo89oXPtk=
79,40,6BRQk1dcamNEFpV6L+EzdvB+ojw=,gFi3wvJe9AML9Xhz/dEo89oXPtk=
78,45,6BRQk1dcamNEFpV6L+EzdvB+ojw=,gFi3wvJe9AML9Xhz/dEo89oXPtk=
77,44,6BRQk1dcamNEFpV6L+EzdvB+ojw=,gFi3wvJe9AML9Xhz/dEo89oXPtk=
76,41,6BRQk1dcamNEFpV6L+EzdvB+ojw=,gFi3wvJe9AML9Xhz/dEo89oXPtk=
77,42,6BRQk1dcamNEFpV6L+EzdvB+ojw=,gFi3wvJe9AML9Xhz/dEo89oXPtk=
78,44,6BRQk1dcamNEFpV6L+EzdvB+ojw=,gFi3wvJe9AML9Xhz/dEo89oXPtk=
79,46,6BRQk1dcamNEFpV6L+EzdvB+ojw=,gFi3wvJe9AML9Xhz/dEo89oXPtk=
77,43,6BRQk1dcamNEFpV6L+EzdvB+ojw=,gFi3wvJe9AML9Xhz/dEo89oXPtk=
76,42,6BRQk1dcamNEFpV6L+EzdvB+ojw=,gFi3wvJe9AML9Xhz/dEo89oXPtk=
78,43,6BRQk1dcamNEFpV6L+EzdvB+ojw=,gFi3wvJe9AML9Xhz/dEo89oXPtk=
79,43,6BRQk1dcamNEFpV6L+EzdvB+ojw=,gFi3wvJe9AML9Xhz/dEo89oXPtk=
79,45,6BRQk1dcamNEFpV6L+EzdvB+ojw=,gFi3wvJe9AML9Xhz/dEo89oXPtk=
79,44,6BRQk1dcamNEFpV6L+EzdvB+ojw=,gFi3wvJe9AML9Xhz/dEo89oXPtk=
64,47,6BRQk1dcamNEFpV6L+EzdvB+ojw=,q/ayfhwVERR44ABLfwsvH+40ChE=
79,32,6BRQk1dcamNEFpV6L+EzdvB+ojw=,QeT+6NaRm5YxvBSM6k9vGoZ5Dvo=
78,32,6BRQk1dcamNEFpV6L+EzdvB+ojw=,QeT+6NaRm5YxvBSM6k9vGoZ5Dvo=
76,35,6BRQk1dcamNEFpV6L+EzdvB+ojw=,QeT+6NaRm5YxvBSM6k9vGoZ5Dvo=
79,33,6BRQk1dcamNEFpV6L+EzdvB+ojw=,QeT+6NaRm5YxvBSM6k9vGoZ5Dvo=
77,35,6BRQk1dcamNEFpV6L+EzdvB+ojw=,QeT+6NaRm5YxvBSM6k9vGoZ5Dvo=
78,35,6BRQk1dcamNEFpV6L+EzdvB+ojw=,QeT+6NaRm5YxvBSM6k9vGoZ5Dvo=
76,32,6BRQk1dcamNEFpV6L+EzdvB+ojw=,QeT+6NaRm5YxvBSM6k9vGoZ5Dvo=
78,33,6BRQk1dcamNEFpV6L+EzdvB+ojw=,QeT+6NaRm5YxvBSM6k9vGoZ5Dvo=
77,32,6BRQk1dcamNEFpV6L+EzdvB+ojw=,QeT+6NaRm5YxvBSM6k9vGoZ5Dvo=
79,35,6BRQk1dcamNEFpV6L+EzdvB+ojw=,QeT+6NaRm5YxvBSM6k9vGoZ5Dvo=
76,34,6BRQk1dcamNEFpV6L+EzdvB+ojw=,QeT+6NaRm5YxvBSM6k9vGoZ5Dvo=
64,40,6BRQk1dcamNEFpV6L+EzdvB+ojw=,q/ayfhwVERR44ABLfwsvH+40ChE=
64,39,6BRQk1dcamNEFpV6L+EzdvB+ojw=,lzsgzr2foJi4wBvodDAjXMZkVFo=
64,38,6BRQk1dcamNEFpV6L+EzdvB+ojw=,lzsgzr2foJi4wBvodDAjXMZkVFo=
64,36,6BRQk1dcamNEFpV6L+EzdvB+ojw=,lzsgzr2foJi4wBvodDAjXMZkVFo=
64,37,6BRQk1dcamNEFpV6L+EzdvB+ojw=,lzsgzr2foJi4wBvodDAjXMZkVFo=
76,33,6BRQk1dcamNEFpV6L+EzdvB+ojw=,QeT+6NaRm5YxvBSM6k9vGoZ5Dvo=
73,34,6BRQk1dcamNEFpV6L+EzdvB+ojw=,QeT+6NaRm5YxvBSM6k9vGoZ5Dvo=
77,34,6BRQk1dcamNEFpV6L+EzdvB+ojw=,QeT+6NaRm5YxvBSM6k9vGoZ5Dvo=
78,34,6BRQk1dcamNEFpV6L+EzdvB+ojw=,QeT+6NaRm5YxvBSM6k9vGoZ5Dvo=
77,33,6BRQk1dcamNEFpV6L+EzdvB+ojw=,QeT+6NaRm5YxvBSM6k9vGoZ5Dvo=
75,34,6BRQk1dcamNEFpV6L+EzdvB+ojw=,QeT+6NaRm5YxvBSM6k9vGoZ5Dvo=
79,34,6BRQk1dcamNEFpV6L+EzdvB+ojw=,QeT+6NaRm5YxvBSM6k9vGoZ5Dvo=
72,34,6BRQk1dcamNEFpV6L+EzdvB+ojw=,QeT+6NaRm5YxvBSM6k9vGoZ5Dvo=
68,35,6BRQk1dcamNEFpV6L+EzdvB+ojw=,lzsgzr2foJi4wBvodDAjXMZkVFo=
67,34,6BRQk1dcamNEFpV6L+EzdvB+ojw=,lzsgzr2foJi4wBvodDAjXMZkVFo=
69,34,6BRQk1dcamNEFpV6L+EzdvB+ojw=,lzsgzr2foJi4wBvodDAjXMZkVFo=
70,34,6BRQk1dcamNEFpV6L+EzdvB+ojw=,lzsgzr2foJi4wBvodDAjXMZkVFo=
75,33,6BRQk1dcamNEFpV6L+EzdvB+ojw=,QeT+6NaRm5YxvBSM6k9vGoZ5Dvo=
67,32,6BRQk1dcamNEFpV6L+EzdvB+ojw=,lzsgzr2foJi4wBvodDAjXMZkVFo=
72,35,6BRQk1dcamNEFpV6L+EzdvB+ojw=,QeT+6NaRm5YxvBSM6k9vGoZ5Dvo=
68,33,6BRQk1dcamNEFpV6L+EzdvB+ojw=,lzsgzr2foJi4wBvodDAjXMZkVFo=
68,34,6BRQk1dcamNEFpV6L+EzdvB+ojw=,lzsgzr2foJi4wBvodDAjXMZkVFo=
66,34,6BRQk1dcamNEFpV6L+EzdvB+ojw=,lzsgzr2foJi4wBvodDAjXMZkVFo=
74,33,6BRQk1dcamNEFpV6L+EzdvB+ojw=,QeT+6NaRm5YxvBSM6k9vGoZ5Dvo=
70,35,6BRQk1dcamNEFpV6L+EzdvB+ojw=,lzsgzr2foJi4wBvodDAjXMZkVFo=
74,32,6BRQk1dcamNEFpV6L+EzdvB+ojw=,QeT+6NaRm5YxvBSM6k9vGoZ5Dvo=
67,33,6BRQk1dcamNEFpV6L+EzdvB+ojw=,lzsgzr2foJi4wBvodDAjXMZkVFo=
71,34,6BRQk1dcamNEFpV6L+EzdvB+ojw=,lzsgzr2foJi4wBvodDAjXMZkVFo=
65,32,6BRQk1dcamNEFpV6L+EzdvB+ojw=,lzsgzr2foJi4wBvodDAjXMZkVFo=
75,32,6BRQk1dcamNEFpV6L+EzdvB+ojw=,QeT+6NaRm5YxvBSM6k9vGoZ5Dvo=
69,33,6BRQk1dcamNEFpV6L+EzdvB+ojw=,lzsgzr2foJi4wBvodDAjXMZkVFo=
71,35,6BRQk1dcamNEFpV6L+EzdvB+ojw=,lzsgzr2foJi4wBvodDAjXMZkVFo=
64,32,6BRQk1dcamNEFpV6L+EzdvB+ojw=,lzsgzr2foJi4wBvodDAjXMZkVFo=
64,33,6BRQk1dcamNEFpV6L+EzdvB+ojw=,lzsgzr2foJi4wBvodDAjXMZkVFo=
65,34,6BRQk1dcamNEFpV6L+EzdvB+ojw=,lzsgzr2foJi4wBvodDAjXMZkVFo=
65,33,6BRQk1dcamNEFpV6L+EzdvB+ojw=,lzsgzr2foJi4wBvodDAjXMZkVFo=
68,32,6BRQk1dcamNEFpV6L+EzdvB+ojw=,lzsgzr2foJi4wBvodDAjXMZkVFo=
70,33,6BRQk1dcamNEFpV6L+EzdvB+ojw=,lzsgzr2foJi4wBvodDAjXMZkVFo=
73,33,6BRQk1dcamNEFpV6L+EzdvB+ojw=,QeT+6NaRm5YxvBSM6k9vGoZ5Dvo=
65,35,6BRQk1dcamNEFpV6L+EzdvB+ojw=,lzsgzr2foJi4wBvodDAjXMZkVFo=
64,35,6BRQk1dcamNEFpV6L+EzdvB+ojw=,lzsgzr2foJi4wBvodDAjXMZkVFo=
64,34,6BRQk1dcamNEFpV6L+EzdvB+ojw=,lzsgzr2foJi4wBvodDAjXMZkVFo=
72,33,6BRQk1dcamNEFpV6L+EzdvB+ojw=,QeT+6NaRm5YxvBSM6k9vGoZ5Dvo=
71,33,6BRQk1dcamNEFpV6L+EzdvB+ojw=,lzsgzr2foJi4wBvodDAjXMZkVFo=
66,33,6BRQk1dcamNEFpV6L+EzdvB+ojw=,lzsgzr2foJi4wBvodDAjXMZkVFo=
69,32,6BRQk1dcamNEFpV6L+EzdvB+ojw=,lzsgzr2foJi4wBvodDAjXMZkVFo=
73,32,6BRQk1dcamNEFpV6L+EzdvB+ojw=,QeT+6NaRm5YxvBSM6k9vGoZ5Dvo=
72,32,6BRQk1dcamNEFpV6L+EzdvB+ojw=,QeT+6NaRm5YxvBSM6k9vGoZ5Dvo=
66,32,6BRQk1dcamNEFpV6L+EzdvB+ojw=,lzsgzr2foJi4wBvodDAjXMZkVFo=
71,32,6BRQk1dcamNEFpV6L+EzdvB+ojw=,lzsgzr2foJi4wBvodDAjXMZkVFo=
70,32,6BRQk1dcamNEFpV6L+EzdvB+ojw=,lzsgzr2foJi4wBvodDAjXMZkVFo=
92,38,b57xsZm3Kk8vv7LaT6W7hFjlikk=,mec8gnVzUOouoknq2wlscMd6oyg=
93,38,b57xsZm3Kk8vv7LaT6W7hFjlikk=,mec8gnVzUOouoknq2wlscMd6oyg=
92,40,b57xsZm3Kk8vv7LaT6W7hFjlikk=,vkSLHyuVyBwbBOvpSpGYj6dzPE8=
93,40,b57xsZm3Kk8vv7LaT6W7hFjlikk=,vkSLHyuVyBwbBOvpSpGYj6dzPE8=
94,40,b57xsZm3Kk8vv7LaT6W7hFjlikk=,vkSLHyuVyBwbBOvpSpGYj6dzPE8=
92,41,b57xsZm3Kk8vv7LaT6W7hFjlikk=,vkSLHyuVyBwbBOvpSpGYj6dzPE8=
93,41,b57xsZm3Kk8vv7LaT6W7hFjlikk=,vkSLHyuVyBwbBOvpSpGYj6dzPE8=
94,41,b57xsZm3Kk8vv7LaT6W7hFjlikk=,vkSLHyuVyBwbBOvpSpGYj6dzPE8=
92,39,b57xsZm3Kk8vv7LaT6W7hFjlikk=,mec8gnVzUOouoknq2wlscMd6oyg=
93,39,b57xsZm3Kk8vv7LaT6W7hFjlikk=,mec8gnVzUOouoknq2wlscMd6oyg=
94,39,b57xsZm3Kk8vv7LaT6W7hFjlikk=,mec8gnVzUOouoknq2wlscMd6oyg=
93,42,b57xsZm3Kk8vv7LaT6W7hFjlikk=,vkSLHyuVyBwbBOvpSpGYj6dzPE8=
94,42,b57xsZm3Kk8vv7LaT6W7hFjlikk=,vkSLHyuVyBwbBOvpSpGYj6dzPE8=
93,43,b57xsZm3Kk8vv7LaT6W7hFjlikk=,vkSLHyuVyBwbBOvpSpGYj6dzPE8=
94,43,b57xsZm3Kk8vv7LaT6W7hFjlikk=,vkSLHyuVyBwbBOvpSpGYj6dzPE8=
91,44,b57xsZm3Kk8vv7LaT6W7hFjlikk=,vkSLHyuVyBwbBOvpSpGYj6dzPE8=
92,44,b57xsZm3Kk8vv7LaT6W7hFjlikk=,vkSLHyuVyBwbBOvpSpGYj6dzPE8=
93,44,b57xsZm3Kk8vv7LaT6W7hFjlikk=,vkSLHyuVyBwbBOvpSpGYj6dzPE8=
94,44,b57xsZm3Kk8vv7LaT6W7hFjlikk=,vkSLHyuVyBwbBOvpSpGYj6dzPE8=
91,45,b57xsZm3Kk8vv7LaT6W7hFjlikk=,vkSLHyuVyBwbBOvpSpGYj6dzPE8=
92,45,b57xsZm3Kk8vv7LaT6W7hFjlikk=,vkSLHyuVyBwbBOvpSpGYj6dzPE8=
93,45,b57xsZm3Kk8vv7LaT6W7hFjlikk=,vkSLHyuVyBwbBOvpSpGYj6dzPE8=
94,45,b57xsZm3Kk8vv7LaT6W7hFjlikk=,vkSLHyuVyBwbBOvpSpGYj6dzPE8=
93,46,b57xsZm3Kk8vv7LaT6W7hFjlikk=,vkSLHyuVyBwbBOvpSpGYj6dzPE8=
94,46,b57xsZm3Kk8vv7LaT6W7hFjlikk=,vkSLHyuVyBwbBOvpSpGYj6dzPE8=
90,40,b57xsZm3Kk8vv7LaT6W7hFjlikk=,vkSLHyuVyBwbBOvpSpGYj6dzPE8=
89,32,b57xsZm3Kk8vv7LaT6W7hFjlikk=,mec8gnVzUOouoknq2wlscMd6oyg=
90,32,b57xsZm3Kk8vv7LaT6W7hFjlikk=,mec8gnVzUOouoknq2wlscMd6oyg=
91,32,b57xsZm3Kk8vv7LaT6W7hFjlikk=,mec8gnVzUOouoknq2wlscMd6oyg=
92,32,b57xsZm3Kk8vv7LaT6W7hFjlikk=,mec8gnVzUOouoknq2wlscMd6oyg=
93,32,b57xsZm3Kk8vv7LaT6W7hFjlikk=,mec8gnVzUOouoknq2wlscMd6oyg=
94,32,b57xsZm3Kk8vv7LaT6W7hFjlikk=,mec8gnVzUOouoknq2wlscMd6oyg=
91,38,b57xsZm3Kk8vv7LaT6W7hFjlikk=,mec8gnVzUOouoknq2wlscMd6oyg=
95,35,b57xsZm3Kk8vv7LaT6W7hFjlikk=,mec8gnVzUOouoknq2wlscMd6oyg=
94,35,b57xsZm3Kk8vv7LaT6W7hFjlikk=,mec8gnVzUOouoknq2wlscMd6oyg=
93,35,b57xsZm3Kk8vv7LaT6W7hFjlikk=,mec8gnVzUOouoknq2wlscMd6oyg=
95,37,b57xsZm3Kk8vv7LaT6W7hFjlikk=,mec8gnVzUOouoknq2wlscMd6oyg=
92,35,b57xsZm3Kk8vv7LaT6W7hFjlikk=,mec8gnVzUOouoknq2wlscMd6oyg=
91,35,b57xsZm3Kk8vv7LaT6W7hFjlikk=,mec8gnVzUOouoknq2wlscMd6oyg=
94,37,b57xsZm3Kk8vv7LaT6W7hFjlikk=,mec8gnVzUOouoknq2wlscMd6oyg=
90,35,b57xsZm3Kk8vv7LaT6W7hFjlikk=,mec8gnVzUOouoknq2wlscMd6oyg=
93,37,b57xsZm3Kk8vv7LaT6W7hFjlikk=,mec8gnVzUOouoknq2wlscMd6oyg=
95,34,b57xsZm3Kk8vv7LaT6W7hFjlikk=,mec8gnVzUOouoknq2wlscMd6oyg=
92,37,b57xsZm3Kk8vv7LaT6W7hFjlikk=,mec8gnVzUOouoknq2wlscMd6oyg=
91,37,b57xsZm3Kk8vv7LaT6W7hFjlikk=,mec8gnVzUOouoknq2wlscMd6oyg=
90,37,b57xsZm3Kk8vv7LaT6W7hFjlikk=,mec8gnVzUOouoknq2wlscMd6oyg=
94,34,b57xsZm3Kk8vv7LaT6W7hFjlikk=,mec8gnVzUOouoknq2wlscMd6oyg=
93,34,b57xsZm3Kk8vv7LaT6W7hFjlikk=,mec8gnVzUOouoknq2wlscMd6oyg=
92,34,b57xsZm3Kk8vv7LaT6W7hFjlikk=,mec8gnVzUOouoknq2wlscMd6oyg=
91,34,b57xsZm3Kk8vv7LaT6W7hFjlikk=,mec8gnVzUOouoknq2wlscMd6oyg=
90,34,b57xsZm3Kk8vv7LaT6W7hFjlikk=,mec8gnVzUOouoknq2wlscMd6oyg=
89,34,b57xsZm3Kk8vv7LaT6W7hFjlikk=,mec8gnVzUOouoknq2wlscMd6oyg=
95,36,b57xsZm3Kk8vv7LaT6W7hFjlikk=,mec8gnVzUOouoknq2wlscMd6oyg=
94,36,b57xsZm3Kk8vv7LaT6W7hFjlikk=,mec8gnVzUOouoknq2wlscMd6oyg=
93,36,b57xsZm3Kk8vv7LaT6W7hFjlikk=,mec8gnVzUOouoknq2wlscMd6oyg=
95,33,b57xsZm3Kk8vv7LaT6W7hFjlikk=,mec8gnVzUOouoknq2wlscMd6oyg=
94,33,b57xsZm3Kk8vv7LaT6W7hFjlikk=,mec8gnVzUOouoknq2wlscMd6oyg=
92,36,b57xsZm3Kk8vv7LaT6W7hFjlikk=,mec8gnVzUOouoknq2wlscMd6oyg=
91,36,b57xsZm3Kk8vv7LaT6W7hFjlikk=,mec8gnVzUOouoknq2wlscMd6oyg=
93,33,b57xsZm3Kk8vv7LaT6W7hFjlikk=,mec8gnVzUOouoknq2wlscMd6oyg=
92,33,b57xsZm3Kk8vv7LaT6W7hFjlikk=,mec8gnVzUOouoknq2wlscMd6oyg=
91,33,b57xsZm3Kk8vv7LaT6W7hFjlikk=,mec8gnVzUOouoknq2wlscMd6oyg=
90,33,b57xsZm3Kk8vv7LaT6W7hFjlikk=,mec8gnVzUOouoknq2wlscMd6oyg=
90,36,b57xsZm3Kk8vv7LaT6W7hFjlikk=,mec8gnVzUOouoknq2wlscMd6oyg=
89,33,b57xsZm3Kk8vv7LaT6W7hFjlikk=,mec8gnVzUOouoknq2wlscMd6oyg=
94,38,b57xsZm3Kk8vv7LaT6W7hFjlikk=,mec8gnVzUOouoknq2wlscMd6oyg=
95,38,b57xsZm3Kk8vv7LaT6W7hFjlikk=,mec8gnVzUOouoknq2wlscMd6oyg=
95,40,b57xsZm3Kk8vv7LaT6W7hFjlikk=,vkSLHyuVyBwbBOvpSpGYj6dzPE8=
95,46,b57xsZm3Kk8vv7LaT6W7hFjlikk=,vkSLHyuVyBwbBOvpSpGYj6dzPE8=
95,45,b57xsZm3Kk8vv7LaT6W7hFjlikk=,vkSLHyuVyBwbBOvpSpGYj6dzPE8=
95,44,b57xsZm3Kk8vv7LaT6W7hFjlikk=,vkSLHyuVyBwbBOvpSpGYj6dzPE8=
95,39,b57xsZm3Kk8vv7LaT6W7hFjlikk=,mec8gnVzUOouoknq2wlscMd6oyg=
95,42,b57xsZm3Kk8vv7LaT6W7hFjlikk=,vkSLHyuVyBwbBOvpSpGYj6dzPE8=
95,41,b57xsZm3Kk8vv7LaT6W7hFjlikk=,vkSLHyuVyBwbBOvpSpGYj6dzPE8=
95,43,b57xsZm3Kk8vv7LaT6W7hFjlikk=,vkSLHyuVyBwbBOvpSpGYj6dzPE8=
92,43,b57xsZm3Kk8vv7LaT6W7hFjlikk=,vkSLHyuVyBwbBOvpSpGYj6dzPE8=
92,42,b57xsZm3Kk8vv7LaT6W7hFjlikk=,vkSLHyuVyBwbBOvpSpGYj6dzPE8=
88,41,b57xsZm3Kk8vv7LaT6W7hFjlikk=,vkSLHyuVyBwbBOvpSpGYj6dzPE8=
87,41,b57xsZm3Kk8vv7LaT6W7hFjlikk=,M9chg8MJAFawyc6sQkd0IkWUMj8=
86,47,b57xsZm3Kk8vv7LaT6W7hFjlikk=,M9chg8MJAFawyc6sQkd0IkWUMj8=
85,47,b57xsZm3Kk8vv7LaT6W7hFjlikk=,M9chg8MJAFawyc6sQkd0IkWUMj8=
84,47,b57xsZm3Kk8vv7LaT6W7hFjlikk=,M9chg8MJAFawyc6sQkd0IkWUMj8=
88,46,b57xsZm3Kk8vv7LaT6W7hFjlikk=,vkSLHyuVyBwbBOvpSpGYj6dzPE8=
83,47,b57xsZm3Kk8vv7LaT6W7hFjlikk=,M9chg8MJAFawyc6sQkd0IkWUMj8=
82,47,b57xsZm3Kk8vv7LaT6W7hFjlikk=,M9chg8MJAFawyc6sQkd0IkWUMj8=
81,47,b57xsZm3Kk8vv7LaT6W7hFjlikk=,M9chg8MJAFawyc6sQkd0IkWUMj8=
80,47,b57xsZm3Kk8vv7LaT6W7hFjlikk=,M9chg8MJAFawyc6sQkd0IkWUMj8=
87,46,b57xsZm3Kk8vv7LaT6W7hFjlikk=,M9chg8MJAFawyc6sQkd0IkWUMj8=
88,45,b57xsZm3Kk8vv7LaT6W7hFjlikk=,vkSLHyuVyBwbBOvpSpGYj6dzPE8=
86,46,b57xsZm3Kk8vv7LaT6W7hFjlikk=,M9chg8MJAFawyc6sQkd0IkWUMj8=
85,46,b57xsZm3Kk8vv7LaT6W7hFjlikk=,M9chg8MJAFawyc6sQkd0IkWUMj8=
84,46,b57xsZm3Kk8vv7LaT6W7hFjlikk=,M9chg8MJAFawyc6sQkd0IkWUMj8=
83,46,b57xsZm3Kk8vv7LaT6W7hFjlikk=,M9chg8MJAFawyc6sQkd0IkWUMj8=
82,46,b57xsZm3Kk8vv7LaT6W7hFjlikk=,M9chg8MJAFawyc6sQkd0IkWUMj8=
81,46,A6c+T8MRiOzfG+I505c3CLwJrUU=,M9chg8MJAFawyc6sQkd0IkWUMj8=
87,45,A6c+T8MRiOzfG+I505c3CLwJrUU=,M9chg8MJAFawyc6sQkd0IkWUMj8=
86,45,A6c+T8MRiOzfG+I505c3CLwJrUU=,M9chg8MJAFawyc6sQkd0IkWUMj8=
85,45,A6c+T8MRiOzfG+I505c3CLwJrUU=,M9chg8MJAFawyc6sQkd0IkWUMj8=
84,45,A6c+T8MRiOzfG+I505c3CLwJrUU=,M9chg8MJAFawyc6sQkd0IkWUMj8=
83,45,A6c+T8MRiOzfG+I505c3CLwJrUU=,M9chg8MJAFawyc6sQkd0IkWUMj8=
88,44,A6c+T8MRiOzfG+I505c3CLwJrUU=,vkSLHyuVyBwbBOvpSpGYj6dzPE8=
82,45,A6c+T8MRiOzfG+I505c3CLwJrUU=,M9chg8MJAFawyc6sQkd0IkWUMj8=
87,44,A6c+T8MRiOzfG+I505c3CLwJrUU=,M9chg8MJAFawyc6sQkd0IkWUMj8=
86,44,A6c+T8MRiOzfG+I505c3CLwJrUU=,M9chg8MJAFawyc6sQkd0IkWUMj8=
85,44,A6c+T8MRiOzfG+I505c3CLwJrUU=,M9chg8MJAFawyc6sQkd0IkWUMj8=
88,43,A6c+T8MRiOzfG+I505c3CLwJrUU=,vkSLHyuVyBwbBOvpSpGYj6dzPE8=
84,44,A6c+T8MRiOzfG+I505c3CLwJrUU=,M9chg8MJAFawyc6sQkd0IkWUMj8=
87,43,A6c+T8MRiOzfG+I505c3CLwJrUU=,M9chg8MJAFawyc6sQkd0IkWUMj8=
86,43,A6c+T8MRiOzfG+I505c3CLwJrUU=,M9chg8MJAFawyc6sQkd0IkWUMj8=
85,43,A6c+T8MRiOzfG+I505c3CLwJrUU=,M9chg8MJAFawyc6sQkd0IkWUMj8=
87,42,A6c+T8MRiOzfG+I505c3CLwJrUU=,M9chg8MJAFawyc6sQkd0IkWUMj8=
86,42,A6c+T8MRiOzfG+I505c3CLwJrUU=,M9chg8MJAFawyc6sQkd0IkWUMj8=
95,32,A6c+T8MRiOzfG+I505c3CLwJrUU=,mec8gnVzUOouoknq2wlscMd6oyg=
83,44,A6c+T8MRiOzfG+I505c3CLwJrUU=,M9chg8MJAFawyc6sQkd0IkWUMj8=
88,47,A6c+T8MRiOzfG+I505c3CLwJrUU=,vkSLHyuVyBwbBOvpSpGYj6dzPE8=
93,47,A6c+T8MRiOzfG+I505c3CLwJrUU=,vkSLHyuVyBwbBOvpSpGYj6dzPE8=
94,47,A6c+T8MRiOzfG+I505c3CLwJrUU=,vkSLHyuVyBwbBOvpSpGYj6dzPE8=
95,47,A6c+T8MRiOzfG+I505c3CLwJrUU=,vkSLHyuVyBwbBOvpSpGYj6dzPE8=
87,47,A6c+T8MRiOzfG+I505c3CLwJrUU=,M9chg8MJAFawyc6sQkd0IkWUMj8=
80,46,A6c+T8MRiOzfG+I505c3CLwJrUU=,M9chg8MJAFawyc6sQkd0IkWUMj8=
89,47,A6c+T8MRiOzfG+I505c3CLwJrUU=,vkSLHyuVyBwbBOvpSpGYj6dzPE8=
92,46,A6c+T8MRiOzfG+I505c3CLwJrUU=,vkSLHyuVyBwbBOvpSpGYj6dzPE8=
89,46,A6c+T8MRiOzfG+I505c3CLwJrUU=,vkSLHyuVyBwbBOvpSpGYj6dzPE8=
80,33,A6c+T8MRiOzfG+I505c3CLwJrUU=,PZQwlpFpwPbLxVHuXPxa9n1i/KE=
84,32,A6c+T8MRiOzfG+I505c3CLwJrUU=,PZQwlpFpwPbLxVHuXPxa9n1i/KE=
81,33,A6c+T8MRiOzfG+I505c3CLwJrUU=,PZQwlpFpwPbLxVHuXPxa9n1i/KE=
82,33,A6c+T8MRiOzfG+I505c3CLwJrUU=,PZQwlpFpwPbLxVHuXPxa9n1i/KE=
83,33,A6c+T8MRiOzfG+I505c3CLwJrUU=,PZQwlpFpwPbLxVHuXPxa9n1i/KE=
86,32,A6c+T8MRiOzfG+I505c3CLwJrUU=,PZQwlpFpwPbLxVHuXPxa9n1i/KE=
80,32,A6c+T8MRiOzfG+I505c3CLwJrUU=,PZQwlpFpwPbLxVHuXPxa9n1i/KE=
87,32,A6c+T8MRiOzfG+I505c3CLwJrUU=,PZQwlpFpwPbLxVHuXPxa9n1i/KE=
84,33,A6c+T8MRiOzfG+I505c3CLwJrUU=,PZQwlpFpwPbLxVHuXPxa9n1i/KE=
88,32,A6c+T8MRiOzfG+I505c3CLwJrUU=,mec8gnVzUOouoknq2wlscMd6oyg=
82,32,A6c+T8MRiOzfG+I505c3CLwJrUU=,PZQwlpFpwPbLxVHuXPxa9n1i/KE=
85,33,A6c+T8MRiOzfG+I505c3CLwJrUU=,PZQwlpFpwPbLxVHuXPxa9n1i/KE=
85,32,A6c+T8MRiOzfG+I505c3CLwJrUU=,PZQwlpFpwPbLxVHuXPxa9n1i/KE=
86,33,A6c+T8MRiOzfG+I505c3CLwJrUU=,PZQwlpFpwPbLxVHuXPxa9n1i/KE=
83,32,A6c+T8MRiOzfG+I505c3CLwJrUU=,PZQwlpFpwPbLxVHuXPxa9n1i/KE=
88,33,A6c+T8MRiOzfG+I505c3CLwJrUU=,mec8gnVzUOouoknq2wlscMd6oyg=
87,33,A6c+T8MRiOzfG+I505c3CLwJrUU=,PZQwlpFpwPbLxVHuXPxa9n1i/KE=
87,34,A6c+T8MRiOzfG+I505c3CLwJrUU=,PZQwlpFpwPbLxVHuXPxa9n1i/KE=
81,32,A6c+T8MRiOzfG+I505c3CLwJrUU=,PZQwlpFpwPbLxVHuXPxa9n1i/KE=
88,34,A6c+T8MRiOzfG+I505c3CLwJrUU=,mec8gnVzUOouoknq2wlscMd6oyg=
86,34,A6c+T8MRiOzfG+I505c3CLwJrUU=,PZQwlpFpwPbLxVHuXPxa9n1i/KE=
84,34,A6c+T8MRiOzfG+I505c3CLwJrUU=,PZQwlpFpwPbLxVHuXPxa9n1i/KE=
85,34,A6c+T8MRiOzfG+I505c3CLwJrUU=,PZQwlpFpwPbLxVHuXPxa9n1i/KE=
81,37,A6c+T8MRiOzfG+I505c3CLwJrUU=,PZQwlpFpwPbLxVHuXPxa9n1i/KE=
81,45,A6c+T8MRiOzfG+I505c3CLwJrUU=,M9chg8MJAFawyc6sQkd0IkWUMj8=
92,47,A6c+T8MRiOzfG+I505c3CLwJrUU=,vkSLHyuVyBwbBOvpSpGYj6dzPE8=
89,41,A6c+T8MRiOzfG+I505c3CLwJrUU=,vkSLHyuVyBwbBOvpSpGYj6dzPE8=
90,41,A6c+T8MRiOzfG+I505c3CLwJrUU=,vkSLHyuVyBwbBOvpSpGYj6dzPE8=
89,44,A6c+T8MRiOzfG+I505c3CLwJrUU=,vkSLHyuVyBwbBOvpSpGYj6dzPE8=
91,39,A6c+T8MRiOzfG+I505c3CLwJrUU=,mec8gnVzUOouoknq2wlscMd6oyg=
90,43,A6c+T8MRiOzfG+I505c3CLwJrUU=,vkSLHyuVyBwbBOvpSpGYj6dzPE8=
90,45,A6c+T8MRiOzfG+I505c3CLwJrUU=,vkSLHyuVyBwbBOvpSpGYj6dzPE8=
91,40,A6c+T8MRiOzfG+I505c3CLwJrUU=,vkSLHyuVyBwbBOvpSpGYj6dzPE8=
89,42,A6c+T8MRiOzfG+I505c3CLwJrUU=,vkSLHyuVyBwbBOvpSpGYj6dzPE8=
91,43,A6c+T8MRiOzfG+I505c3CLwJrUU=,vkSLHyuVyBwbBOvpSpGYj6dzPE8=
89,45,A6c+T8MRiOzfG+I505c3CLwJrUU=,vkSLHyuVyBwbBOvpSpGYj6dzPE8=
91,41,A6c+T8MRiOzfG+I505c3CLwJrUU=,vkSLHyuVyBwbBOvpSpGYj6dzPE8=
90,44,A6c+T8MRiOzfG+I505c3CLwJrUU=,vkSLHyuVyBwbBOvpSpGYj6dzPE8=
89,43,A6c+T8MRiOzfG+I505c3CLwJrUU=,vkSLHyuVyBwbBOvpSpGYj6dzPE8=
90,46,A6c+T8MRiOzfG+I505c3CLwJrUU=,vkSLHyuVyBwbBOvpSpGYj6dzPE8=
81,38,A6c+T8MRiOzfG+I505c3CLwJrUU=,PZQwlpFpwPbLxVHuXPxa9n1i/KE=
89,35,A6c+T8MRiOzfG+I505c3CLwJrUU=,mec8gnVzUOouoknq2wlscMd6oyg=
90,42,A6c+T8MRiOzfG+I505c3CLwJrUU=,vkSLHyuVyBwbBOvpSpGYj6dzPE8=
91,46,A6c+T8MRiOzfG+I505c3CLwJrUU=,vkSLHyuVyBwbBOvpSpGYj6dzPE8=
91,47,A6c+T8MRiOzfG+I505c3CLwJrUU=,vkSLHyuVyBwbBOvpSpGYj6dzPE8=
86,41,A6c+T8MRiOzfG+I505c3CLwJrUU=,M9chg8MJAFawyc6sQkd0IkWUMj8=
82,38,A6c+T8MRiOzfG+I505c3CLwJrUU=,PZQwlpFpwPbLxVHuXPxa9n1i/KE=
91,42,A6c+T8MRiOzfG+I505c3CLwJrUU=,vkSLHyuVyBwbBOvpSpGYj6dzPE8=
90,39,A6c+T8MRiOzfG+I505c3CLwJrUU=,mec8gnVzUOouoknq2wlscMd6oyg=
88,42,A6c+T8MRiOzfG+I505c3CLwJrUU=,vkSLHyuVyBwbBOvpSpGYj6dzPE8=
90,38,A6c+T8MRiOzfG+I505c3CLwJrUU=,mec8gnVzUOouoknq2wlscMd6oyg=
82,44,A6c+T8MRiOzfG+I505c3CLwJrUU=,M9chg8MJAFawyc6sQkd0IkWUMj8=
90,47,A6c+T8MRiOzfG+I505c3CLwJrUU=,vkSLHyuVyBwbBOvpSpGYj6dzPE8=
83,41,A6c+T8MRiOzfG+I505c3CLwJrUU=,M9chg8MJAFawyc6sQkd0IkWUMj8=
84,41,A6c+T8MRiOzfG+I505c3CLwJrUU=,M9chg8MJAFawyc6sQkd0IkWUMj8=
80,45,A6c+T8MRiOzfG+I505c3CLwJrUU=,M9chg8MJAFawyc6sQkd0IkWUMj8=
89,40,A6c+T8MRiOzfG+I505c3CLwJrUU=,vkSLHyuVyBwbBOvpSpGYj6dzPE8=
80,44,A6c+T8MRiOzfG+I505c3CLwJrUU=,M9chg8MJAFawyc6sQkd0IkWUMj8=
84,43,A6c+T8MRiOzfG+I505c3CLwJrUU=,M9chg8MJAFawyc6sQkd0IkWUMj8=
89,36,A6c+T8MRiOzfG+I505c3CLwJrUU=,mec8gnVzUOouoknq2wlscMd6oyg=
80,41,A6c+T8MRiOzfG+I505c3CLwJrUU=,M9chg8MJAFawyc6sQkd0IkWUMj8=
85,41,A6c+T8MRiOzfG+I505c3CLwJrUU=,M9chg8MJAFawyc6sQkd0IkWUMj8=
84,42,A6c+T8MRiOzfG+I505c3CLwJrUU=,M9chg8MJAFawyc6sQkd0IkWUMj8=
85,42,A6c+T8MRiOzfG+I505c3CLwJrUU=,M9chg8MJAFawyc6sQkd0IkWUMj8=
82,42,A6c+T8MRiOzfG+I505c3CLwJrUU=,M9chg8MJAFawyc6sQkd0IkWUMj8=
81,34,A6c+T8MRiOzfG+I505c3CLwJrUU=,PZQwlpFpwPbLxVHuXPxa9n1i/KE=
89,39,A6c+T8MRiOzfG+I505c3CLwJrUU=,mec8gnVzUOouoknq2wlscMd6oyg=
81,42,A6c+T8MRiOzfG+I505c3CLwJrUU=,M9chg8MJAFawyc6sQkd0IkWUMj8=
84,37,A6c+T8MRiOzfG+I505c3CLwJrUU=,PZQwlpFpwPbLxVHuXPxa9n1i/KE=
81,44,A6c+T8MRiOzfG+I505c3CLwJrUU=,M9chg8MJAFawyc6sQkd0IkWUMj8=
83,42,A6c+T8MRiOzfG+I505c3CLwJrUU=,M9chg8MJAFawyc6sQkd0IkWUMj8=
81,41,A6c+T8MRiOzfG+I505c3CLwJrUU=,M9chg8MJAFawyc6sQkd0IkWUMj8=
89,37,A6c+T8MRiOzfG+I505c3CLwJrUU=,mec8gnVzUOouoknq2wlscMd6oyg=
82,34,A6c+T8MRiOzfG+I505c3CLwJrUU=,PZQwlpFpwPbLxVHuXPxa9n1i/KE=
89,38,A6c+T8MRiOzfG+I505c3CLwJrUU=,mec8gnVzUOouoknq2wlscMd6oyg=
86,39,A6c+T8MRiOzfG+I505c3CLwJrUU=,PZQwlpFpwPbLxVHuXPxa9n1i/KE=
83,34,A6c+T8MRiOzfG+I505c3CLwJrUU=,PZQwlpFpwPbLxVHuXPxa9n1i/KE=
85,35,A6c+T8MRiOzfG+I505c3CLwJrUU=,PZQwlpFpwPbLxVHuXPxa9n1i/KE=
81,43,A6c+T8MRiOzfG+I505c3CLwJrUU=,M9chg8MJAFawyc6sQkd0IkWUMj8=
85,38,A6c+T8MRiOzfG+I505c3CLwJrUU=,PZQwlpFpwPbLxVHuXPxa9n1i/KE=
80,43,A6c+T8MRiOzfG+I505c3CLwJrUU=,M9chg8MJAFawyc6sQkd0IkWUMj8=
82,40,A6c+T8MRiOzfG+I505c3CLwJrUU=,M9chg8MJAFawyc6sQkd0IkWUMj8=
82,41,A6c+T8MRiOzfG+I505c3CLwJrUU=,M9chg8MJAFawyc6sQkd0IkWUMj8=
80,42,A6c+T8MRiOzfG+I505c3CLwJrUU=,M9chg8MJAFawyc6sQkd0IkWUMj8=
84,35,A6c+T8MRiOzfG+I505c3CLwJrUU=,PZQwlpFpwPbLxVHuXPxa9n1i/KE=
86,38,A6c+T8MRiOzfG+I505c3CLwJrUU=,PZQwlpFpwPbLxVHuXPxa9n1i/KE=
87,39,A6c+T8MRiOzfG+I505c3CLwJrUU=,PZQwlpFpwPbLxVHuXPxa9n1i/KE=
81,40,A6c+T8MRiOzfG+I505c3CLwJrUU=,M9chg8MJAFawyc6sQkd0IkWUMj8=
80,40,A6c+T8MRiOzfG+I505c3CLwJrUU=,M9chg8MJAFawyc6sQkd0IkWUMj8=
81,35,A6c+T8MRiOzfG+I505c3CLwJrUU=,PZQwlpFpwPbLxVHuXPxa9n1i/KE=
82,43,A6c+T8MRiOzfG+I505c3CLwJrUU=,M9chg8MJAFawyc6sQkd0IkWUMj8=
85,37,A6c+T8MRiOzfG+I505c3CLwJrUU=,PZQwlpFpwPbLxVHuXPxa9n1i/KE=
88,37,A6c+T8MRiOzfG+I505c3CLwJrUU=,mec8gnVzUOouoknq2wlscMd6oyg=
80,34,A6c+T8MRiOzfG+I505c3CLwJrUU=,PZQwlpFpwPbLxVHuXPxa9n1i/KE=
84,39,A6c+T8MRiOzfG+I505c3CLwJrUU=,PZQwlpFpwPbLxVHuXPxa9n1i/KE=
86,35,A6c+T8MRiOzfG+I505c3CLwJrUU=,PZQwlpFpwPbLxVHuXPxa9n1i/KE=
83,35,A6c+T8MRiOzfG+I505c3CLwJrUU=,PZQwlpFpwPbLxVHuXPxa9n1i/KE=
85,39,A6c+T8MRiOzfG+I505c3CLwJrUU=,PZQwlpFpwPbLxVHuXPxa9n1i/KE=
83,43,A6c+T8MRiOzfG+I505c3CLwJrUU=,M9chg8MJAFawyc6sQkd0IkWUMj8=
83,38,A6c+T8MRiOzfG+I505c3CLwJrUU=,PZQwlpFpwPbLxVHuXPxa9n1i/KE=
82,37,A6c+T8MRiOzfG+I505c3CLwJrUU=,PZQwlpFpwPbLxVHuXPxa9n1i/KE=
82,35,A6c+T8MRiOzfG+I505c3CLwJrUU=,PZQwlpFpwPbLxVHuXPxa9n1i/KE=
83,37,A6c+T8MRiOzfG+I505c3CLwJrUU=,PZQwlpFpwPbLxVHuXPxa9n1i/KE=
80,35,A6c+T8MRiOzfG+I505c3CLwJrUU=,PZQwlpFpwPbLxVHuXPxa9n1i/KE=
84,36,A6c+T8MRiOzfG+I505c3CLwJrUU=,PZQwlpFpwPbLxVHuXPxa9n1i/KE=
84,38,A6c+T8MRiOzfG+I505c3CLwJrUU=,PZQwlpFpwPbLxVHuXPxa9n1i/KE=
82,39,A6c+T8MRiOzfG+I505c3CLwJrUU=,PZQwlpFpwPbLxVHuXPxa9n1i/KE=
81,39,A6c+T8MRiOzfG+I505c3CLwJrUU=,PZQwlpFpwPbLxVHuXPxa9n1i/KE=
80,36,A6c+T8MRiOzfG+I505c3CLwJrUU=,PZQwlpFpwPbLxVHuXPxa9n1i/KE=
87,40,A6c+T8MRiOzfG+I505c3CLwJrUU=,M9chg8MJAFawyc6sQkd0IkWUMj8=
80,39,A6c+T8MRiOzfG+I505c3CLwJrUU=,PZQwlpFpwPbLxVHuXPxa9n1i/KE=
84,40,A6c+T8MRiOzfG+I505c3CLwJrUU=,M9chg8MJAFawyc6sQkd0IkWUMj8=
86,37,A6c+T8MRiOzfG+I505c3CLwJrUU=,PZQwlpFpwPbLxVHuXPxa9n1i/KE=
88,39,A6c+T8MRiOzfG+I505c3CLwJrUU=,mec8gnVzUOouoknq2wlscMd6oyg=
88,40,A6c+T8MRiOzfG+I505c3CLwJrUU=,vkSLHyuVyBwbBOvpSpGYj6dzPE8=
87,37,A6c+T8MRiOzfG+I505c3CLwJrUU=,PZQwlpFpwPbLxVHuXPxa9n1i/KE=
83,39,A6c+T8MRiOzfG+I505c3CLwJrUU=,PZQwlpFpwPbLxVHuXPxa9n1i/KE=
83,40,A6c+T8MRiOzfG+I505c3CLwJrUU=,M9chg8MJAFawyc6sQkd0IkWUMj8=
85,36,A6c+T8MRiOzfG+I505c3CLwJrUU=,PZQwlpFpwPbLxVHuXPxa9n1i/KE=
85,40,A6c+T8MRiOzfG+I505c3CLwJrUU=,M9chg8MJAFawyc6sQkd0IkWUMj8=
86,36,A6c+T8MRiOzfG+I505c3CLwJrUU=,PZQwlpFpwPbLxVHuXPxa9n1i/KE=
88,36,A6c+T8MRiOzfG+I505c3CLwJrUU=,mec8gnVzUOouoknq2wlscMd6oyg=
81,36,A6c+T8MRiOzfG+I505c3CLwJrUU=,PZQwlpFpwPbLxVHuXPxa9n1i/KE=
87,36,A6c+T8MRiOzfG+I505c3CLwJrUU=,PZQwlpFpwPbLxVHuXPxa9n1i/KE=
86,40,A6c+T8MRiOzfG+I505c3CLwJrUU=,M9chg8MJAFawyc6sQkd0IkWUMj8=
87,35,A6c+T8MRiOzfG+I505c3CLwJrUU=,PZQwlpFpwPbLxVHuXPxa9n1i/KE=
88,38,A6c+T8MRiOzfG+I505c3CLwJrUU=,mec8gnVzUOouoknq2wlscMd6oyg=
80,37,A6c+T8MRiOzfG+I505c3CLwJrUU=,PZQwlpFpwPbLxVHuXPxa9n1i/KE=
88,35,A6c+T8MRiOzfG+I505c3CLwJrUU=,mec8gnVzUOouoknq2wlscMd6oyg=
82,36,A6c+T8MRiOzfG+I505c3CLwJrUU=,PZQwlpFpwPbLxVHuXPxa9n1i/KE=
87,38,A6c+T8MRiOzfG+I505c3CLwJrUU=,PZQwlpFpwPbLxVHuXPxa9n1i/KE=
83,36,A6c+T8MRiOzfG+I505c3CLwJrUU=,PZQwlpFpwPbLxVHuXPxa9n1i/KE=
80,38,A6c+T8MRiOzfG+I505c3CLwJrUU=,PZQwlpFpwPbLxVHuXPxa9n1i/KE=
88,61,PXXP1sqqbEk9qdWGZ/+kLTc+9Pc=,lIiDayulvCY1gm/UcOqXnSROr9Y=
88,60,PXXP1sqqbEk9qdWGZ/+kLTc+9Pc=,lIiDayulvCY1gm/UcOqXnSROr9Y=
94,60,PXXP1sqqbEk9qdWGZ/+kLTc+9Pc=,lIiDayulvCY1gm/UcOqXnSROr9Y=
93,58,PXXP1sqqbEk9qdWGZ/+kLTc+9Pc=,lIiDayulvCY1gm/UcOqXnSROr9Y=
92,58,PXXP1sqqbEk9qdWGZ/+kLTc+9Pc=,lIiDayulvCY1gm/UcOqXnSROr9Y=
91,58,PXXP1sqqbEk9qdWGZ/+kLTc+9Pc=,lIiDayulvCY1gm/UcOqXnSROr9Y=
92,63,PXXP1sqqbEk9qdWGZ/+kLTc+9Pc=,lIiDayulvCY1gm/UcOqXnSROr9Y=
93,63,PXXP1sqqbEk9qdWGZ/+kLTc+9Pc=,lIiDayulvCY1gm/UcOqXnSROr9Y=
94,63,PXXP1sqqbEk9qdWGZ/+kLTc+9Pc=,lIiDayulvCY1gm/UcOqXnSROr9Y=
90,63,PXXP1sqqbEk9qdWGZ/+kLTc+9Pc=,lIiDayulvCY1gm/UcOqXnSROr9Y=
89,63,PXXP1sqqbEk9qdWGZ/+kLTc+9Pc=,lIiDayulvCY1gm/UcOqXnSROr9Y=
91,63,PXXP1sqqbEk9qdWGZ/+kLTc+9Pc=,lIiDayulvCY1gm/UcOqXnSROr9Y=
94,59,PXXP1sqqbEk9qdWGZ/+kLTc+9Pc=,lIiDayulvCY1gm/UcOqXnSROr9Y=
94,62,PXXP1sqqbEk9qdWGZ/+kLTc+9Pc=,lIiDayulvCY1gm/UcOqXnSROr9Y=
93,59,PXXP1sqqbEk9qdWGZ/+kLTc+9Pc=,lIiDayulvCY1gm/UcOqXnSROr9Y=
92,59,PXXP1sqqbEk9qdWGZ/+kLTc+9Pc=,lIiDayulvCY1gm/UcOqXnSROr9Y=
93,62,PXXP1sqqbEk9qdWGZ/+kLTc+9Pc=,lIiDayulvCY1gm/UcOqXnSROr9Y=
91,59,PXXP1sqqbEk9qdWGZ/+kLTc+9Pc=,lIiDayulvCY1gm/UcOqXnSROr9Y=
93,60,PXXP1sqqbEk9qdWGZ/+kLTc+9Pc=,lIiDayulvCY1gm/UcOqXnSROr9Y=
92,62,PXXP1sqqbEk9qdWGZ/+kLTc+9Pc=,lIiDayulvCY1gm/UcOqXnSROr9Y=
92,57,PXXP1sqqbEk9qdWGZ/+kLTc+9Pc=,lIiDayulvCY1gm/UcOqXnSROr9Y=
90,58,PXXP1sqqbEk9qdWGZ/+kLTc+9Pc=,lIiDayulvCY1gm/UcOqXnSROr9Y=
91,62,PXXP1sqqbEk9qdWGZ/+kLTc+9Pc=,lIiDayulvCY1gm/UcOqXnSROr9Y=
89,58,PXXP1sqqbEk9qdWGZ/+kLTc+9Pc=,lIiDayulvCY1gm/UcOqXnSROr9Y=
91,57,PXXP1sqqbEk9qdWGZ/+kLTc+9Pc=,lIiDayulvCY1gm/UcOqXnSROr9Y=
92,60,PXXP1sqqbEk9qdWGZ/+kLTc+9Pc=,lIiDayulvCY1gm/UcOqXnSROr9Y=
90,57,PXXP1sqqbEk9qdWGZ/+kLTc+9Pc=,lIiDayulvCY1gm/UcOqXnSROr9Y=
91,60,PXXP1sqqbEk9qdWGZ/+kLTc+9Pc=,lIiDayulvCY1gm/UcOqXnSROr9Y=
90,62,PXXP1sqqbEk9qdWGZ/+kLTc+9Pc=,lIiDayulvCY1gm/UcOqXnSROr9Y=
90,59,PXXP1sqqbEk9qdWGZ/+kLTc+9Pc=,lIiDayulvCY1gm/UcOqXnSROr9Y=
89,62,PXXP1sqqbEk9qdWGZ/+kLTc+9Pc=,lIiDayulvCY1gm/UcOqXnSROr9Y=
89,57,PXXP1sqqbEk9qdWGZ/+kLTc+9Pc=,lIiDayulvCY1gm/UcOqXnSROr9Y=
88,62,PXXP1sqqbEk9qdWGZ/+kLTc+9Pc=,lIiDayulvCY1gm/UcOqXnSROr9Y=
94,61,PXXP1sqqbEk9qdWGZ/+kLTc+9Pc=,lIiDayulvCY1gm/UcOqXnSROr9Y=
93,61,PXXP1sqqbEk9qdWGZ/+kLTc+9Pc=,lIiDayulvCY1gm/UcOqXnSROr9Y=
92,61,PXXP1sqqbEk9qdWGZ/+kLTc+9Pc=,lIiDayulvCY1gm/UcOqXnSROr9Y=
91,61,PXXP1sqqbEk9qdWGZ/+kLTc+9Pc=,lIiDayulvCY1gm/UcOqXnSROr9Y=
88,58,PXXP1sqqbEk9qdWGZ/+kLTc+9Pc=,lIiDayulvCY1gm/UcOqXnSROr9Y=
88,57,PXXP1sqqbEk9qdWGZ/+kLTc+9Pc=,lIiDayulvCY1gm/UcOqXnSROr9Y=
90,60,PXXP1sqqbEk9qdWGZ/+kLTc+9Pc=,lIiDayulvCY1gm/UcOqXnSROr9Y=
89,59,PXXP1sqqbEk9qdWGZ/+kLTc+9Pc=,lIiDayulvCY1gm/UcOqXnSROr9Y=
90,61,PXXP1sqqbEk9qdWGZ/+kLTc+9Pc=,lIiDayulvCY1gm/UcOqXnSROr9Y=
88,59,PXXP1sqqbEk9qdWGZ/+kLTc+9Pc=,lIiDayulvCY1gm/UcOqXnSROr9Y=
89,60,PXXP1sqqbEk9qdWGZ/+kLTc+9Pc=,lIiDayulvCY1gm/UcOqXnSROr9Y=
88,63,PXXP1sqqbEk9qdWGZ/+kLTc+9Pc=,lIiDayulvCY1gm/UcOqXnSROr9Y=
89,61,PXXP1sqqbEk9qdWGZ/+kLTc+9Pc=,lIiDayulvCY1gm/UcOqXnSROr9Y=
95,61,PXXP1sqqbEk9qdWGZ/+kLTc+9Pc=,lIiDayulvCY1gm/UcOqXnSROr9Y=
95,62,PXXP1sqqbEk9qdWGZ/+kLTc+9Pc=,lIiDayulvCY1gm/UcOqXnSROr9Y=
95,63,PXXP1sqqbEk9qdWGZ/+kLTc+9Pc=,lIiDayulvCY1gm/UcOqXnSROr9Y=
95,60,PXXP1sqqbEk9qdWGZ/+kLTc+9Pc=,lIiDayulvCY1gm/UcOqXnSROr9Y=
95,49,PXXP1sqqbEk9qdWGZ/+kLTc+9Pc=,V7UCpvgqkaUgODTYab6lLS4tmlw=
94,49,PXXP1sqqbEk9qdWGZ/+kLTc+9Pc=,V7UCpvgqkaUgODTYab6lLS4tmlw=
93,49,PXXP1sqqbEk9qdWGZ/+kLTc+9Pc=,V7UCpvgqkaUgODTYab6lLS4tmlw=
92,56,PXXP1sqqbEk9qdWGZ/+kLTc+9Pc=,lIiDayulvCY1gm/UcOqXnSROr9Y=
93,56,PXXP1sqqbEk9qdWGZ/+kLTc+9Pc=,lIiDayulvCY1gm/UcOqXnSROr9Y=
88,49,PXXP1sqqbEk9qdWGZ/+kLTc+9Pc=,V7UCpvgqkaUgODTYab6lLS4tmlw=
89,49,PXXP1sqqbEk9qdWGZ/+kLTc+9Pc=,V7UCpvgqkaUgODTYab6lLS4tmlw=
90,56,PXXP1sqqbEk9qdWGZ/+kLTc+9Pc=,lIiDayulvCY1gm/UcOqXnSROr9Y=
94,48,PXXP1sqqbEk9qdWGZ/+kLTc+9Pc=,V7UCpvgqkaUgODTYab6lLS4tmlw=
95,48,PXXP1sqqbEk9qdWGZ/+kLTc+9Pc=,V7UCpvgqkaUgODTYab6lLS4tmlw=
89,48,PXXP1sqqbEk9qdWGZ/+kLTc+9Pc=,V7UCpvgqkaUgODTYab6lLS4tmlw=
93,48,PXXP1sqqbEk9qdWGZ/+kLTc+9Pc=,V7UCpvgqkaUgODTYab6lLS4tmlw=
88,48,PXXP1sqqbEk9qdWGZ/+kLTc+9Pc=,V7UCpvgqkaUgODTYab6lLS4tmlw=
92,55,PXXP1sqqbEk9qdWGZ/+kLTc+9Pc=,V7UCpvgqkaUgODTYab6lLS4tmlw=
91,55,PXXP1sqqbEk9qdWGZ/+kLTc+9Pc=,V7UCpvgqkaUgODTYab6lLS4tmlw=
88,55,PXXP1sqqbEk9qdWGZ/+kLTc+9Pc=,V7UCpvgqkaUgODTYab6lLS4tmlw=
90,55,PXXP1sqqbEk9qdWGZ/+kLTc+9Pc=,V7UCpvgqkaUgODTYab6lLS4tmlw=
91,54,PXXP1sqqbEk9qdWGZ/+kLTc+9Pc=,V7UCpvgqkaUgODTYab6lLS4tmlw=
90,54,PXXP1sqqbEk9qdWGZ/+kLTc+9Pc=,V7UCpvgqkaUgODTYab6lLS4tmlw=
89,54,PXXP1sqqbEk9qdWGZ/+kLTc+9Pc=,V7UCpvgqkaUgODTYab6lLS4tmlw=
95,53,PXXP1sqqbEk9qdWGZ/+kLTc+9Pc=,V7UCpvgqkaUgODTYab6lLS4tmlw=
89,55,PXXP1sqqbEk9qdWGZ/+kLTc+9Pc=,V7UCpvgqkaUgODTYab6lLS4tmlw=
88,54,PXXP1sqqbEk9qdWGZ/+kLTc+9Pc=,V7UCpvgqkaUgODTYab6lLS4tmlw=
89,53,PXXP1sqqbEk9qdWGZ/+kLTc+9Pc=,V7UCpvgqkaUgODTYab6lLS4tmlw=
88,53,PXXP1sqqbEk9qdWGZ/+kLTc+9Pc=,V7UCpvgqkaUgODTYab6lLS4tmlw=
95,52,PXXP1sqqbEk9qdWGZ/+kLTc+9Pc=,V7UCpvgqkaUgODTYab6lLS4tmlw=
94,52,PXXP1sqqbEk9qdWGZ/+kLTc+9Pc=,V7UCpvgqkaUgODTYab6lLS4tmlw=
90,53,PXXP1sqqbEk9qdWGZ/+kLTc+9Pc=,V7UCpvgqkaUgODTYab6lLS4tmlw=
90,52,PXXP1sqqbEk9qdWGZ/+kLTc+9Pc=,V7UCpvgqkaUgODTYab6lLS4tmlw=
95,51,PXXP1sqqbEk9qdWGZ/+kLTc+9Pc=,V7UCpvgqkaUgODTYab6lLS4tmlw=
89,52,PXXP1sqqbEk9qdWGZ/+kLTc+9Pc=,V7UCpvgqkaUgODTYab6lLS4tmlw=
94,51,PXXP1sqqbEk9qdWGZ/+kLTc+9Pc=,V7UCpvgqkaUgODTYab6lLS4tmlw=
88,52,PXXP1sqqbEk9qdWGZ/+kLTc+9Pc=,V7UCpvgqkaUgODTYab6lLS4tmlw=
90,51,PXXP1sqqbEk9qdWGZ/+kLTc+9Pc=,V7UCpvgqkaUgODTYab6lLS4tmlw=
88,51,PXXP1sqqbEk9qdWGZ/+kLTc+9Pc=,V7UCpvgqkaUgODTYab6lLS4tmlw=
89,56,PXXP1sqqbEk9qdWGZ/+kLTc+9Pc=,lIiDayulvCY1gm/UcOqXnSROr9Y=
90,49,PXXP1sqqbEk9qdWGZ/+kLTc+9Pc=,V7UCpvgqkaUgODTYab6lLS4tmlw=
89,51,PXXP1sqqbEk9qdWGZ/+kLTc+9Pc=,V7UCpvgqkaUgODTYab6lLS4tmlw=
95,50,PXXP1sqqbEk9qdWGZ/+kLTc+9Pc=,V7UCpvgqkaUgODTYab6lLS4tmlw=
94,50,PXXP1sqqbEk9qdWGZ/+kLTc+9Pc=,V7UCpvgqkaUgODTYab6lLS4tmlw=
93,57,PXXP1sqqbEk9qdWGZ/+kLTc+9Pc=,lIiDayulvCY1gm/UcOqXnSROr9Y=
92,49,PXXP1sqqbEk9qdWGZ/+kLTc+9Pc=,V7UCpvgqkaUgODTYab6lLS4tmlw=
92,51,PXXP1sqqbEk9qdWGZ/+kLTc+9Pc=,V7UCpvgqkaUgODTYab6lLS4tmlw=
93,50,PXXP1sqqbEk9qdWGZ/+kLTc+9Pc=,V7UCpvgqkaUgODTYab6lLS4tmlw=
91,51,PXXP1sqqbEk9qdWGZ/+kLTc+9Pc=,V7UCpvgqkaUgODTYab6lLS4tmlw=
92,48,PXXP1sqqbEk9qdWGZ/+kLTc+9Pc=,V7UCpvgqkaUgODTYab6lLS4tmlw=
93,51,PXXP1sqqbEk9qdWGZ/+kLTc+9Pc=,V7UCpvgqkaUgODTYab6lLS4tmlw=
93,55,PXXP1sqqbEk9qdWGZ/+kLTc+9Pc=,V7UCpvgqkaUgODTYab6lLS4tmlw=
91,52,PXXP1sqqbEk9qdWGZ/+kLTc+9Pc=,V7UCpvgqkaUgODTYab6lLS4tmlw=
91,49,PXXP1sqqbEk9qdWGZ/+kLTc+9Pc=,V7UCpvgqkaUgODTYab6lLS4tmlw=
91,48,PXXP1sqqbEk9qdWGZ/+kLTc+9Pc=,V7UCpvgqkaUgODTYab6lLS4tmlw=
95,59,PXXP1sqqbEk9qdWGZ/+kLTc+9Pc=,lIiDayulvCY1gm/UcOqXnSROr9Y=
92,52,PXXP1sqqbEk9qdWGZ/+kLTc+9Pc=,V7UCpvgqkaUgODTYab6lLS4tmlw=
90,48,PXXP1sqqbEk9qdWGZ/+kLTc+9Pc=,V7UCpvgqkaUgODTYab6lLS4tmlw=
95,55,PXXP1sqqbEk9qdWGZ/+kLTc+9Pc=,V7UCpvgqkaUgODTYab6lLS4tmlw=
94,53,PXXP1sqqbEk9qdWGZ/+kLTc+9Pc=,V7UCpvgqkaUgODTYab6lLS4tmlw=
95,54,PXXP1sqqbEk9qdWGZ/+kLTc+9Pc=,V7UCpvgqkaUgODTYab6lLS4tmlw=
88,56,PXXP1sqqbEk9qdWGZ/+kLTc+9Pc=,lIiDayulvCY1gm/UcOqXnSROr9Y=
91,53,PXXP1sqqbEk9qdWGZ/+kLTc+9Pc=,V7UCpvgqkaUgODTYab6lLS4tmlw=
89,50,PXXP1sqqbEk9qdWGZ/+kLTc+9Pc=,V7UCpvgqkaUgODTYab6lLS4tmlw=
91,56,PXXP1sqqbEk9qdWGZ/+kLTc+9Pc=,lIiDayulvCY1gm/UcOqXnSROr9Y=
92,54,PXXP1sqqbEk9qdWGZ/+kLTc+9Pc=,V7UCpvgqkaUgODTYab6lLS4tmlw=
90,50,PXXP1sqqbEk9qdWGZ/+kLTc+9Pc=,V7UCpvgqkaUgODTYab6lLS4tmlw=
88,50,PXXP1sqqbEk9qdWGZ/+kLTc+9Pc=,V7UCpvgqkaUgODTYab6lLS4tmlw=
92,50,PXXP1sqqbEk9qdWGZ/+kLTc+9Pc=,V7UCpvgqkaUgODTYab6lLS4tmlw=
93,52,PXXP1sqqbEk9qdWGZ/+kLTc+9Pc=,V7UCpvgqkaUgODTYab6lLS4tmlw=
92,53,PXXP1sqqbEk9qdWGZ/+kLTc+9Pc=,V7UCpvgqkaUgODTYab6lLS4tmlw=
93,53,PXXP1sqqbEk9qdWGZ/+kLTc+9Pc=,V7UCpvgqkaUgODTYab6lLS4tmlw=
91,50,PXXP1sqqbEk9qdWGZ/+kLTc+9Pc=,V7UCpvgqkaUgODTYab6lLS4tmlw=
93,54,PXXP1sqqbEk9qdWGZ/+kLTc+9Pc=,V7UCpvgqkaUgODTYab6lLS4tmlw=
95,58,PXXP1sqqbEk9qdWGZ/+kLTc+9Pc=,lIiDayulvCY1gm/UcOqXnSROr9Y=
95,56,PXXP1sqqbEk9qdWGZ/+kLTc+9Pc=,lIiDayulvCY1gm/UcOqXnSROr9Y=
94,57,PXXP1sqqbEk9qdWGZ/+kLTc+9Pc=,lIiDayulvCY1gm/UcOqXnSROr9Y=
94,56,PXXP1sqqbEk9qdWGZ/+kLTc+9Pc=,lIiDayulvCY1gm/UcOqXnSROr9Y=
95,57,PXXP1sqqbEk9qdWGZ/+kLTc+9Pc=,lIiDayulvCY1gm/UcOqXnSROr9Y=
94,58,PXXP1sqqbEk9qdWGZ/+kLTc+9Pc=,lIiDayulvCY1gm/UcOqXnSROr9Y=
94,55,PXXP1sqqbEk9qdWGZ/+kLTc+9Pc=,V7UCpvgqkaUgODTYab6lLS4tmlw=
94,54,PXXP1sqqbEk9qdWGZ/+kLTc+9Pc=,V7UCpvgqkaUgODTYab6lLS4tmlw=
