105,67,UU9xylZf1yT6TbjqwQ+CFsqqWh0=,jckHQVAODOEpz9xv/1p+hl1VbGQ=
102,67,UU9xylZf1yT6TbjqwQ+CFsqqWh0=,jckHQVAODOEpz9xv/1p+hl1VbGQ=
97,64,4EBZl8ynWkf2RvFr6EkJNeX6nm4=,jckHQVAODOEpz9xv/1p+hl1VbGQ=
110,79,UU9xylZf1yT6TbjqwQ+CFsqqWh0=,jckHQVAODOEpz9xv/1p+hl1VbGQ=
109,79,UU9xylZf1yT6TbjqwQ+CFsqqWh0=,jckHQVAODOEpz9xv/1p+hl1VbGQ=
108,79,UU9xylZf1yT6TbjqwQ+CFsqqWh0=,jckHQVAODOEpz9xv/1p+hl1VbGQ=
107,79,UU9xylZf1yT6TbjqwQ+CFsqqWh0=,jckHQVAODOEpz9xv/1p+hl1VbGQ=
106,79,UU9xylZf1yT6TbjqwQ+CFsqqWh0=,jckHQVAODOEpz9xv/1p+hl1VbGQ=
105,79,UU9xylZf1yT6TbjqwQ+CFsqqWh0=,jckHQVAODOEpz9xv/1p+hl1VbGQ=
104,79,4EBZl8ynWkf2RvFr6EkJNeX6nm4=,jckHQVAODOEpz9xv/1p+hl1VbGQ=
103,79,4EBZl8ynWkf2RvFr6EkJNeX6nm4=,jckHQVAODOEpz9xv/1p+hl1VbGQ=
102,79,4EBZl8ynWkf2RvFr6EkJNeX6nm4=,jckHQVAODOEpz9xv/1p+hl1VbGQ=
101,79,4EBZl8ynWkf2RvFr6EkJNeX6nm4=,jckHQVAODOEpz9xv/1p+hl1VbGQ=
100,79,4EBZl8ynWkf2RvFr6EkJNeX6nm4=,jckHQVAODOEpz9xv/1p+hl1VbGQ=
99,79,4EBZl8ynWkf2RvFr6EkJNeX6nm4=,jckHQVAODOEpz9xv/1p+hl1VbGQ=
98,79,4EBZl8ynWkf2RvFr6EkJNeX6nm4=,jckHQVAODOEpz9xv/1p+hl1VbGQ=
97,79,4EBZl8ynWkf2RvFr6EkJNeX6nm4=,jckHQVAODOEpz9xv/1p+hl1VbGQ=
97,67,4EBZl8ynWkf2RvFr6EkJNeX6nm4=,jckHQVAODOEpz9xv/1p+hl1VbGQ=
110,78,4EBZl8ynWkf2RvFr6EkJNeX6nm4=,jckHQVAODOEpz9xv/1p+hl1VbGQ=
109,78,4EBZl8ynWkf2RvFr6EkJNeX6nm4=,jckHQVAODOEpz9xv/1p+hl1VbGQ=
108,78,4EBZl8ynWkf2RvFr6EkJNeX6nm4=,jckHQVAODOEpz9xv/1p+hl1VbGQ=
106,78,4EBZl8ynWkf2RvFr6EkJNeX6nm4=,jckHQVAODOEpz9xv/1p+hl1VbGQ=
107,78,4EBZl8ynWkf2RvFr6EkJNeX6nm4=,jckHQVAODOEpz9xv/1p+hl1VbGQ=
105,78,4EBZl8ynWkf2RvFr6EkJNeX6nm4=,jckHQVAODOEpz9xv/1p+hl1VbGQ=
104,78,4EBZl8ynWkf2RvFr6EkJNeX6nm4=,jckHQVAODOEpz9xv/1p+hl1VbGQ=
103,78,4EBZl8ynWkf2RvFr6EkJNeX6nm4=,jckHQVAODOEpz9xv/1p+hl1VbGQ=
102,78,4EBZl8ynWkf2RvFr6EkJNeX6nm4=,jckHQVAODOEpz9xv/1p+hl1VbGQ=
101,78,4EBZl8ynWkf2RvFr6EkJNeX6nm4=,jckHQVAODOEpz9xv/1p+hl1VbGQ=
100,78,4EBZl8ynWkf2RvFr6EkJNeX6nm4=,jckHQVAODOEpz9xv/1p+hl1VbGQ=
99,78,4EBZl8ynWkf2RvFr6EkJNeX6nm4=,jckHQVAODOEpz9xv/1p+hl1VbGQ=
98,78,4EBZl8ynWkf2RvFr6EkJNeX6nm4=,jckHQVAODOEpz9xv/1p+hl1VbGQ=
97,78,4EBZl8ynWkf2RvFr6EkJNeX6nm4=,jckHQVAODOEpz9xv/1p+hl1VbGQ=
96,78,UU9xylZf1yT6TbjqwQ+CFsqqWh0=,jckHQVAODOEpz9xv/1p+hl1VbGQ=
109,77,4EBZl8ynWkf2RvFr6EkJNeX6nm4=,jckHQVAODOEpz9xv/1p+hl1VbGQ=
108,77,4EBZl8ynWkf2RvFr6EkJNeX6nm4=,jckHQVAODOEpz9xv/1p+hl1VbGQ=
107,77,4EBZl8ynWkf2RvFr6EkJNeX6nm4=,jckHQVAODOEpz9xv/1p+hl1VbGQ=
106,77,4EBZl8ynWkf2RvFr6EkJNeX6nm4=,jckHQVAODOEpz9xv/1p+hl1VbGQ=
105,77,4EBZl8ynWkf2RvFr6EkJNeX6nm4=,jckHQVAODOEpz9xv/1p+hl1VbGQ=
104,77,4EBZl8ynWkf2RvFr6EkJNeX6nm4=,jckHQVAODOEpz9xv/1p+hl1VbGQ=
103,77,4EBZl8ynWkf2RvFr6EkJNeX6nm4=,jckHQVAODOEpz9xv/1p+hl1VbGQ=
102,77,4EBZl8ynWkf2RvFr6EkJNeX6nm4=,jckHQVAODOEpz9xv/1p+hl1VbGQ=
101,77,4EBZl8ynWkf2RvFr6EkJNeX6nm4=,jckHQVAODOEpz9xv/1p+hl1VbGQ=
100,77,4EBZl8ynWkf2RvFr6EkJNeX6nm4=,jckHQVAODOEpz9xv/1p+hl1VbGQ=
99,77,4EBZl8ynWkf2RvFr6EkJNeX6nm4=,jckHQVAODOEpz9xv/1p+hl1VbGQ=
98,77,4EBZl8ynWkf2RvFr6EkJNeX6nm4=,jckHQVAODOEpz9xv/1p+hl1VbGQ=
97,77,4EBZl8ynWkf2RvFr6EkJNeX6nm4=,jckHQVAODOEpz9xv/1p+hl1VbGQ=
96,77,UU9xylZf1yT6TbjqwQ+CFsqqWh0=,jckHQVAODOEpz9xv/1p+hl1VbGQ=
109,76,4EBZl8ynWkf2RvFr6EkJNeX6nm4=,jckHQVAODOEpz9xv/1p+hl1VbGQ=
108,76,4EBZl8ynWkf2RvFr6EkJNeX6nm4=,jckHQVAODOEpz9xv/1p+hl1VbGQ=
107,76,4EBZl8ynWkf2RvFr6EkJNeX6nm4=,jckHQVAODOEpz9xv/1p+hl1VbGQ=
106,76,4EBZl8ynWkf2RvFr6EkJNeX6nm4=,jckHQVAODOEpz9xv/1p+hl1VbGQ=
105,76,4EBZl8ynWkf2RvFr6EkJNeX6nm4=,jckHQVAODOEpz9xv/1p+hl1VbGQ=
104,76,4EBZl8ynWkf2RvFr6EkJNeX6nm4=,jckHQVAODOEpz9xv/1p+hl1VbGQ=
103,76,4EBZl8ynWkf2RvFr6EkJNeX6nm4=,jckHQVAODOEpz9xv/1p+hl1VbGQ=
102,76,4EBZl8ynWkf2RvFr6EkJNeX6nm4=,jckHQVAODOEpz9xv/1p+hl1VbGQ=
101,76,4EBZl8ynWkf2RvFr6EkJNeX6nm4=,jckHQVAODOEpz9xv/1p+hl1VbGQ=
100,76,4EBZl8ynWkf2RvFr6EkJNeX6nm4=,jckHQVAODOEpz9xv/1p+hl1VbGQ=
99,76,4EBZl8ynWkf2RvFr6EkJNeX6nm4=,jckHQVAODOEpz9xv/1p+hl1VbGQ=
98,76,4EBZl8ynWkf2RvFr6EkJNeX6nm4=,jckHQVAODOEpz9xv/1p+hl1VbGQ=
97,76,4EBZl8ynWkf2RvFr6EkJNeX6nm4=,jckHQVAODOEpz9xv/1p+hl1VbGQ=
96,76,UU9xylZf1yT6TbjqwQ+CFsqqWh0=,jckHQVAODOEpz9xv/1p+hl1VbGQ=
110,75,4EBZl8ynWkf2RvFr6EkJNeX6nm4=,jckHQVAODOEpz9xv/1p+hl1VbGQ=
108,75,4EBZl8ynWkf2RvFr6EkJNeX6nm4=,jckHQVAODOEpz9xv/1p+hl1VbGQ=
107,75,4EBZl8ynWkf2RvFr6EkJNeX6nm4=,jckHQVAODOEpz9xv/1p+hl1VbGQ=
106,75,4EBZl8ynWkf2RvFr6EkJNeX6nm4=,jckHQVAODOEpz9xv/1p+hl1VbGQ=
105,75,4EBZl8ynWkf2RvFr6EkJNeX6nm4=,jckHQVAODOEpz9xv/1p+hl1VbGQ=
103,75,4EBZl8ynWkf2RvFr6EkJNeX6nm4=,jckHQVAODOEpz9xv/1p+hl1VbGQ=
102,75,4EBZl8ynWkf2RvFr6EkJNeX6nm4=,jckHQVAODOEpz9xv/1p+hl1VbGQ=
101,75,4EBZl8ynWkf2RvFr6EkJNeX6nm4=,jckHQVAODOEpz9xv/1p+hl1VbGQ=
100,75,4EBZl8ynWkf2RvFr6EkJNeX6nm4=,jckHQVAODOEpz9xv/1p+hl1VbGQ=
99,75,4EBZl8ynWkf2RvFr6EkJNeX6nm4=,jckHQVAODOEpz9xv/1p+hl1VbGQ=
98,75,4EBZl8ynWkf2RvFr6EkJNeX6nm4=,jckHQVAODOEpz9xv/1p+hl1VbGQ=
97,75,4EBZl8ynWkf2RvFr6EkJNeX6nm4=,jckHQVAODOEpz9xv/1p+hl1VbGQ=
96,75,UU9xylZf1yT6TbjqwQ+CFsqqWh0=,jckHQVAODOEpz9xv/1p+hl1VbGQ=
104,75,4EBZl8ynWkf2RvFr6EkJNeX6nm4=,jckHQVAODOEpz9xv/1p+hl1VbGQ=
109,74,4EBZl8ynWkf2RvFr6EkJNeX6nm4=,jckHQVAODOEpz9xv/1p+hl1VbGQ=
108,74,4EBZl8ynWkf2RvFr6EkJNeX6nm4=,jckHQVAODOEpz9xv/1p+hl1VbGQ=
107,74,4EBZl8ynWkf2RvFr6EkJNeX6nm4=,jckHQVAODOEpz9xv/1p+hl1VbGQ=
106,74,4EBZl8ynWkf2RvFr6EkJNeX6nm4=,jckHQVAODOEpz9xv/1p+hl1VbGQ=
105,74,4EBZl8ynWkf2RvFr6EkJNeX6nm4=,jckHQVAODOEpz9xv/1p+hl1VbGQ=
104,74,4EBZl8ynWkf2RvFr6EkJNeX6nm4=,jckHQVAODOEpz9xv/1p+hl1VbGQ=
103,74,4EBZl8ynWkf2RvFr6EkJNeX6nm4=,jckHQVAODOEpz9xv/1p+hl1VbGQ=
102,74,4EBZl8ynWkf2RvFr6EkJNeX6nm4=,jckHQVAODOEpz9xv/1p+hl1VbGQ=
101,74,4EBZl8ynWkf2RvFr6EkJNeX6nm4=,jckHQVAODOEpz9xv/1p+hl1VbGQ=
100,74,4EBZl8ynWkf2RvFr6EkJNeX6nm4=,jckHQVAODOEpz9xv/1p+hl1VbGQ=
99,74,4EBZl8ynWkf2RvFr6EkJNeX6nm4=,jckHQVAODOEpz9xv/1p+hl1VbGQ=
98,74,4EBZl8ynWkf2RvFr6EkJNeX6nm4=,jckHQVAODOEpz9xv/1p+hl1VbGQ=
97,74,4EBZl8ynWkf2RvFr6EkJNeX6nm4=,jckHQVAODOEpz9xv/1p+hl1VbGQ=
96,74,UU9xylZf1yT6TbjqwQ+CFsqqWh0=,jckHQVAODOEpz9xv/1p+hl1VbGQ=
109,73,4EBZl8ynWkf2RvFr6EkJNeX6nm4=,jckHQVAODOEpz9xv/1p+hl1VbGQ=
107,73,4EBZl8ynWkf2RvFr6EkJNeX6nm4=,jckHQVAODOEpz9xv/1p+hl1VbGQ=
106,73,4EBZl8ynWkf2RvFr6EkJNeX6nm4=,jckHQVAODOEpz9xv/1p+hl1VbGQ=
105,73,4EBZl8ynWkf2RvFr6EkJNeX6nm4=,jckHQVAODOEpz9xv/1p+hl1VbGQ=
104,73,4EBZl8ynWkf2RvFr6EkJNeX6nm4=,jckHQVAODOEpz9xv/1p+hl1VbGQ=
103,73,4EBZl8ynWkf2RvFr6EkJNeX6nm4=,jckHQVAODOEpz9xv/1p+hl1VbGQ=
102,73,4EBZl8ynWkf2RvFr6EkJNeX6nm4=,jckHQVAODOEpz9xv/1p+hl1VbGQ=
101,73,4EBZl8ynWkf2RvFr6EkJNeX6nm4=,jckHQVAODOEpz9xv/1p+hl1VbGQ=
100,73,4EBZl8ynWkf2RvFr6EkJNeX6nm4=,jckHQVAODOEpz9xv/1p+hl1VbGQ=
99,73,4EBZl8ynWkf2RvFr6EkJNeX6nm4=,jckHQVAODOEpz9xv/1p+hl1VbGQ=
98,73,4EBZl8ynWkf2RvFr6EkJNeX6nm4=,jckHQVAODOEpz9xv/1p+hl1VbGQ=
97,73,4EBZl8ynWkf2RvFr6EkJNeX6nm4=,jckHQVAODOEpz9xv/1p+hl1VbGQ=
96,73,UU9xylZf1yT6TbjqwQ+CFsqqWh0=,jckHQVAODOEpz9xv/1p+hl1VbGQ=
108,72,4EBZl8ynWkf2RvFr6EkJNeX6nm4=,jckHQVAODOEpz9xv/1p+hl1VbGQ=
107,72,4EBZl8ynWkf2RvFr6EkJNeX6nm4=,jckHQVAODOEpz9xv/1p+hl1VbGQ=
106,72,4EBZl8ynWkf2RvFr6EkJNeX6nm4=,jckHQVAODOEpz9xv/1p+hl1VbGQ=
105,72,4EBZl8ynWkf2RvFr6EkJNeX6nm4=,jckHQVAODOEpz9xv/1p+hl1VbGQ=
104,72,4EBZl8ynWkf2RvFr6EkJNeX6nm4=,jckHQVAODOEpz9xv/1p+hl1VbGQ=
103,72,4EBZl8ynWkf2RvFr6EkJNeX6nm4=,jckHQVAODOEpz9xv/1p+hl1VbGQ=
102,72,4EBZl8ynWkf2RvFr6EkJNeX6nm4=,jckHQVAODOEpz9xv/1p+hl1VbGQ=
101,72,4EBZl8ynWkf2RvFr6EkJNeX6nm4=,jckHQVAODOEpz9xv/1p+hl1VbGQ=
100,72,4EBZl8ynWkf2RvFr6EkJNeX6nm4=,jckHQVAODOEpz9xv/1p+hl1VbGQ=
99,72,4EBZl8ynWkf2RvFr6EkJNeX6nm4=,jckHQVAODOEpz9xv/1p+hl1VbGQ=
98,72,4EBZl8ynWkf2RvFr6EkJNeX6nm4=,jckHQVAODOEpz9xv/1p+hl1VbGQ=
97,72,4EBZl8ynWkf2RvFr6EkJNeX6nm4=,jckHQVAODOEpz9xv/1p+hl1VbGQ=
96,72,UU9xylZf1yT6TbjqwQ+CFsqqWh0=,jckHQVAODOEpz9xv/1p+hl1VbGQ=
107,71,4EBZl8ynWkf2RvFr6EkJNeX6nm4=,jckHQVAODOEpz9xv/1p+hl1VbGQ=
106,71,4EBZl8ynWkf2RvFr6EkJNeX6nm4=,jckHQVAODOEpz9xv/1p+hl1VbGQ=
104,71,4EBZl8ynWkf2RvFr6EkJNeX6nm4=,jckHQVAODOEpz9xv/1p+hl1VbGQ=
103,71,4EBZl8ynWkf2RvFr6EkJNeX6nm4=,jckHQVAODOEpz9xv/1p+hl1VbGQ=
105,71,4EBZl8ynWkf2RvFr6EkJNeX6nm4=,jckHQVAODOEpz9xv/1p+hl1VbGQ=
102,71,4EBZl8ynWkf2RvFr6EkJNeX6nm4=,jckHQVAODOEpz9xv/1p+hl1VbGQ=
101,71,4EBZl8ynWkf2RvFr6EkJNeX6nm4=,jckHQVAODOEpz9xv/1p+hl1VbGQ=
100,71,4EBZl8ynWkf2RvFr6EkJNeX6nm4=,jckHQVAODOEpz9xv/1p+hl1VbGQ=
99,71,4EBZl8ynWkf2RvFr6EkJNeX6nm4=,jckHQVAODOEpz9xv/1p+hl1VbGQ=
96,71,UU9xylZf1yT6TbjqwQ+CFsqqWh0=,jckHQVAODOEpz9xv/1p+hl1VbGQ=
106,70,4EBZl8ynWkf2RvFr6EkJNeX6nm4=,jckHQVAODOEpz9xv/1p+hl1VbGQ=
105,70,4EBZl8ynWkf2RvFr6EkJNeX6nm4=,jckHQVAODOEpz9xv/1p+hl1VbGQ=
104,70,4EBZl8ynWkf2RvFr6EkJNeX6nm4=,jckHQVAODOEpz9xv/1p+hl1VbGQ=
103,70,4EBZl8ynWkf2RvFr6EkJNeX6nm4=,jckHQVAODOEpz9xv/1p+hl1VbGQ=
102,70,4EBZl8ynWkf2RvFr6EkJNeX6nm4=,jckHQVAODOEpz9xv/1p+hl1VbGQ=
100,70,4EBZl8ynWkf2RvFr6EkJNeX6nm4=,jckHQVAODOEpz9xv/1p+hl1VbGQ=
104,64,4EBZl8ynWkf2RvFr6EkJNeX6nm4=,jckHQVAODOEpz9xv/1p+hl1VbGQ=
104,65,4EBZl8ynWkf2RvFr6EkJNeX6nm4=,jckHQVAODOEpz9xv/1p+hl1VbGQ=
106,69,4EBZl8ynWkf2RvFr6EkJNeX6nm4=,jckHQVAODOEpz9xv/1p+hl1VbGQ=
105,69,4EBZl8ynWkf2RvFr6EkJNeX6nm4=,jckHQVAODOEpz9xv/1p+hl1VbGQ=
104,69,4EBZl8ynWkf2RvFr6EkJNeX6nm4=,jckHQVAODOEpz9xv/1p+hl1VbGQ=
103,69,4EBZl8ynWkf2RvFr6EkJNeX6nm4=,jckHQVAODOEpz9xv/1p+hl1VbGQ=
102,69,4EBZl8ynWkf2RvFr6EkJNeX6nm4=,jckHQVAODOEpz9xv/1p+hl1VbGQ=
104,66,4EBZl8ynWkf2RvFr6EkJNeX6nm4=,jckHQVAODOEpz9xv/1p+hl1VbGQ=
106,68,4EBZl8ynWkf2RvFr6EkJNeX6nm4=,jckHQVAODOEpz9xv/1p+hl1VbGQ=
105,68,4EBZl8ynWkf2RvFr6EkJNeX6nm4=,jckHQVAODOEpz9xv/1p+hl1VbGQ=
101,68,4EBZl8ynWkf2RvFr6EkJNeX6nm4=,jckHQVAODOEpz9xv/1p+hl1VbGQ=
96,79,4EBZl8ynWkf2RvFr6EkJNeX6nm4=,jckHQVAODOEpz9xv/1p+hl1VbGQ=
96,64,4EBZl8ynWkf2RvFr6EkJNeX6nm4=,jckHQVAODOEpz9xv/1p+hl1VbGQ=
101,67,4EBZl8ynWkf2RvFr6EkJNeX6nm4=,jckHQVAODOEpz9xv/1p+hl1VbGQ=
98,67,4EBZl8ynWkf2RvFr6EkJNeX6nm4=,jckHQVAODOEpz9xv/1p+hl1VbGQ=
102,66,4EBZl8ynWkf2RvFr6EkJNeX6nm4=,jckHQVAODOEpz9xv/1p+hl1VbGQ=
102,65,4EBZl8ynWkf2RvFr6EkJNeX6nm4=,jckHQVAODOEpz9xv/1p+hl1VbGQ=
111,78,4EBZl8ynWkf2RvFr6EkJNeX6nm4=,jckHQVAODOEpz9xv/1p+hl1VbGQ=
111,79,4EBZl8ynWkf2RvFr6EkJNeX6nm4=,jckHQVAODOEpz9xv/1p+hl1VbGQ=
96,68,4EBZl8ynWkf2RvFr6EkJNeX6nm4=,jckHQVAODOEpz9xv/1p+hl1VbGQ=
111,77,4EBZl8ynWkf2RvFr6EkJNeX6nm4=,jckHQVAODOEpz9xv/1p+hl1VbGQ=
110,77,4EBZl8ynWkf2RvFr6EkJNeX6nm4=,jckHQVAODOEpz9xv/1p+hl1VbGQ=
110,76,4EBZl8ynWkf2RvFr6EkJNeX6nm4=,jckHQVAODOEpz9xv/1p+hl1VbGQ=
103,67,4EBZl8ynWkf2RvFr6EkJNeX6nm4=,jckHQVAODOEpz9xv/1p+hl1VbGQ=
100,66,4EBZl8ynWkf2RvFr6EkJNeX6nm4=,jckHQVAODOEpz9xv/1p+hl1VbGQ=
100,67,4EBZl8ynWkf2RvFr6EkJNeX6nm4=,jckHQVAODOEpz9xv/1p+hl1VbGQ=
101,64,4EBZl8ynWkf2RvFr6EkJNeX6nm4=,jckHQVAODOEpz9xv/1p+hl1VbGQ=
109,75,4EBZl8ynWkf2RvFr6EkJNeX6nm4=,jckHQVAODOEpz9xv/1p+hl1VbGQ=
101,65,4EBZl8ynWkf2RvFr6EkJNeX6nm4=,jckHQVAODOEpz9xv/1p+hl1VbGQ=
100,64,4EBZl8ynWkf2RvFr6EkJNeX6nm4=,jckHQVAODOEpz9xv/1p+hl1VbGQ=
101,66,4EBZl8ynWkf2RvFr6EkJNeX6nm4=,jckHQVAODOEpz9xv/1p+hl1VbGQ=
108,73,4EBZl8ynWkf2RvFr6EkJNeX6nm4=,jckHQVAODOEpz9xv/1p+hl1VbGQ=
100,65,4EBZl8ynWkf2RvFr6EkJNeX6nm4=,jckHQVAODOEpz9xv/1p+hl1VbGQ=
99,67,4EBZl8ynWkf2RvFr6EkJNeX6nm4=,jckHQVAODOEpz9xv/1p+hl1VbGQ=
99,64,4EBZl8ynWkf2RvFr6EkJNeX6nm4=,jckHQVAODOEpz9xv/1p+hl1VbGQ=
104,67,4EBZl8ynWkf2RvFr6EkJNeX6nm4=,jckHQVAODOEpz9xv/1p+hl1VbGQ=
111,76,4EBZl8ynWkf2RvFr6EkJNeX6nm4=,jckHQVAODOEpz9xv/1p+hl1VbGQ=
110,74,4EBZl8ynWkf2RvFr6EkJNeX6nm4=,jckHQVAODOEpz9xv/1p+hl1VbGQ=
111,74,4EBZl8ynWkf2RvFr6EkJNeX6nm4=,jckHQVAODOEpz9xv/1p+hl1VbGQ=
110,72,4EBZl8ynWkf2RvFr6EkJNeX6nm4=,jckHQVAODOEpz9xv/1p+hl1VbGQ=
97,66,4EBZl8ynWkf2RvFr6EkJNeX6nm4=,jckHQVAODOEpz9xv/1p+hl1VbGQ=
111,64,4EBZl8ynWkf2RvFr6EkJNeX6nm4=,jckHQVAODOEpz9xv/1p+hl1VbGQ=
97,65,4EBZl8ynWkf2RvFr6EkJNeX6nm4=,jckHQVAODOEpz9xv/1p+hl1VbGQ=
110,73,4EBZl8ynWkf2RvFr6EkJNeX6nm4=,jckHQVAODOEpz9xv/1p+hl1VbGQ=
109,72,4EBZl8ynWkf2RvFr6EkJNeX6nm4=,jckHQVAODOEpz9xv/1p+hl1VbGQ=
111,66,4EBZl8ynWkf2RvFr6EkJNeX6nm4=,jckHQVAODOEpz9xv/1p+hl1VbGQ=
99,65,4EBZl8ynWkf2RvFr6EkJNeX6nm4=,jckHQVAODOEpz9xv/1p+hl1VbGQ=
111,73,4EBZl8ynWkf2RvFr6EkJNeX6nm4=,jckHQVAODOEpz9xv/1p+hl1VbGQ=
111,72,4EBZl8ynWkf2RvFr6EkJNeX6nm4=,jckHQVAODOEpz9xv/1p+hl1VbGQ=
98,64,4EBZl8ynWkf2RvFr6EkJNeX6nm4=,jckHQVAODOEpz9xv/1p+hl1VbGQ=
99,66,4EBZl8ynWkf2RvFr6EkJNeX6nm4=,jckHQVAODOEpz9xv/1p+hl1VbGQ=
111,65,4EBZl8ynWkf2RvFr6EkJNeX6nm4=,jckHQVAODOEpz9xv/1p+hl1VbGQ=
98,71,4EBZl8ynWkf2RvFr6EkJNeX6nm4=,jckHQVAODOEpz9xv/1p+hl1VbGQ=
111,75,4EBZl8ynWkf2RvFr6EkJNeX6nm4=,jckHQVAODOEpz9xv/1p+hl1VbGQ=
96,65,4EBZl8ynWkf2RvFr6EkJNeX6nm4=,jckHQVAODOEpz9xv/1p+hl1VbGQ=
102,64,4EBZl8ynWkf2RvFr6EkJNeX6nm4=,jckHQVAODOEpz9xv/1p+hl1VbGQ=
110,65,4EBZl8ynWkf2RvFr6EkJNeX6nm4=,jckHQVAODOEpz9xv/1p+hl1VbGQ=
98,66,4EBZl8ynWkf2RvFr6EkJNeX6nm4=,jckHQVAODOEpz9xv/1p+hl1VbGQ=
97,70,4EBZl8ynWkf2RvFr6EkJNeX6nm4=,jckHQVAODOEpz9xv/1p+hl1VbGQ=
97,71,4EBZl8ynWkf2RvFr6EkJNeX6nm4=,jckHQVAODOEpz9xv/1p+hl1VbGQ=
96,67,4EBZl8ynWkf2RvFr6EkJNeX6nm4=,jckHQVAODOEpz9xv/1p+hl1VbGQ=
103,66,4EBZl8ynWkf2RvFr6EkJNeX6nm4=,jckHQVAODOEpz9xv/1p+hl1VbGQ=
110,64,4EBZl8ynWkf2RvFr6EkJNeX6nm4=,jckHQVAODOEpz9xv/1p+hl1VbGQ=
98,65,4EBZl8ynWkf2RvFr6EkJNeX6nm4=,jckHQVAODOEpz9xv/1p+hl1VbGQ=
109,64,4EBZl8ynWkf2RvFr6EkJNeX6nm4=,jckHQVAODOEpz9xv/1p+hl1VbGQ=
108,64,4EBZl8ynWkf2RvFr6EkJNeX6nm4=,jckHQVAODOEpz9xv/1p+hl1VbGQ=
96,70,4EBZl8ynWkf2RvFr6EkJNeX6nm4=,jckHQVAODOEpz9xv/1p+hl1VbGQ=
110,66,4EBZl8ynWkf2RvFr6EkJNeX6nm4=,jckHQVAODOEpz9xv/1p+hl1VbGQ=
96,66,4EBZl8ynWkf2RvFr6EkJNeX6nm4=,jckHQVAODOEpz9xv/1p+hl1VbGQ=
98,70,4EBZl8ynWkf2RvFr6EkJNeX6nm4=,jckHQVAODOEpz9xv/1p+hl1VbGQ=
97,69,4EBZl8ynWkf2RvFr6EkJNeX6nm4=,jckHQVAODOEpz9xv/1p+hl1VbGQ=
99,69,4EBZl8ynWkf2RvFr6EkJNeX6nm4=,jckHQVAODOEpz9xv/1p+hl1VbGQ=
99,70,4EBZl8ynWkf2RvFr6EkJNeX6nm4=,jckHQVAODOEpz9xv/1p+hl1VbGQ=
109,65,4EBZl8ynWkf2RvFr6EkJNeX6nm4=,jckHQVAODOEpz9xv/1p+hl1VbGQ=
101,70,4EBZl8ynWkf2RvFr6EkJNeX6nm4=,jckHQVAODOEpz9xv/1p+hl1VbGQ=
109,66,4EBZl8ynWkf2RvFr6EkJNeX6nm4=,jckHQVAODOEpz9xv/1p+hl1VbGQ=
100,69,4EBZl8ynWkf2RvFr6EkJNeX6nm4=,jckHQVAODOEpz9xv/1p+hl1VbGQ=
103,64,4EBZl8ynWkf2RvFr6EkJNeX6nm4=,jckHQVAODOEpz9xv/1p+hl1VbGQ=
103,68,4EBZl8ynWkf2RvFr6EkJNeX6nm4=,jckHQVAODOEpz9xv/1p+hl1VbGQ=
107,64,4EBZl8ynWkf2RvFr6EkJNeX6nm4=,jckHQVAODOEpz9xv/1p+hl1VbGQ=
96,69,4EBZl8ynWkf2RvFr6EkJNeX6nm4=,jckHQVAODOEpz9xv/1p+hl1VbGQ=
98,69,4EBZl8ynWkf2RvFr6EkJNeX6nm4=,jckHQVAODOEpz9xv/1p+hl1VbGQ=
111,71,4EBZl8ynWkf2RvFr6EkJNeX6nm4=,jckHQVAODOEpz9xv/1p+hl1VbGQ=
103,65,4EBZl8ynWkf2RvFr6EkJNeX6nm4=,jckHQVAODOEpz9xv/1p+hl1VbGQ=
108,65,4EBZl8ynWkf2RvFr6EkJNeX6nm4=,jckHQVAODOEpz9xv/1p+hl1VbGQ=
102,68,4EBZl8ynWkf2RvFr6EkJNeX6nm4=,jckHQVAODOEpz9xv/1p+hl1VbGQ=
97,68,4EBZl8ynWkf2RvFr6EkJNeX6nm4=,jckHQVAODOEpz9xv/1p+hl1VbGQ=
98,68,4EBZl8ynWkf2RvFr6EkJNeX6nm4=,jckHQVAODOEpz9xv/1p+hl1VbGQ=
101,69,4EBZl8ynWkf2RvFr6EkJNeX6nm4=,jckHQVAODOEpz9xv/1p+hl1VbGQ=
108,66,4EBZl8ynWkf2RvFr6EkJNeX6nm4=,jckHQVAODOEpz9xv/1p+hl1VbGQ=
108,71,4EBZl8ynWkf2RvFr6EkJNeX6nm4=,jckHQVAODOEpz9xv/1p+hl1VbGQ=
106,64,4EBZl8ynWkf2RvFr6EkJNeX6nm4=,jckHQVAODOEpz9xv/1p+hl1VbGQ=
107,65,4EBZl8ynWkf2RvFr6EkJNeX6nm4=,jckHQVAODOEpz9xv/1p+hl1VbGQ=
99,68,4EBZl8ynWkf2RvFr6EkJNeX6nm4=,jckHQVAODOEpz9xv/1p+hl1VbGQ=
107,66,4EBZl8ynWkf2RvFr6EkJNeX6nm4=,jckHQVAODOEpz9xv/1p+hl1VbGQ=
105,64,4EBZl8ynWkf2RvFr6EkJNeX6nm4=,jckHQVAODOEpz9xv/1p+hl1VbGQ=
106,65,4EBZl8ynWkf2RvFr6EkJNeX6nm4=,jckHQVAODOEpz9xv/1p+hl1VbGQ=
100,68,4EBZl8ynWkf2RvFr6EkJNeX6nm4=,jckHQVAODOEpz9xv/1p+hl1VbGQ=
107,70,4EBZl8ynWkf2RvFr6EkJNeX6nm4=,jckHQVAODOEpz9xv/1p+hl1VbGQ=
107,69,4EBZl8ynWkf2RvFr6EkJNeX6nm4=,jckHQVAODOEpz9xv/1p+hl1VbGQ=
110,71,4EBZl8ynWkf2RvFr6EkJNeX6nm4=,jckHQVAODOEpz9xv/1p+hl1VbGQ=
111,70,4EBZl8ynWkf2RvFr6EkJNeX6nm4=,jckHQVAODOEpz9xv/1p+hl1VbGQ=
109,69,4EBZl8ynWkf2RvFr6EkJNeX6nm4=,jckHQVAODOEpz9xv/1p+hl1VbGQ=
109,70,4EBZl8ynWkf2RvFr6EkJNeX6nm4=,jckHQVAODOEpz9xv/1p+hl1VbGQ=
108,70,4EBZl8ynWkf2RvFr6EkJNeX6nm4=,jckHQVAODOEpz9xv/1p+hl1VbGQ=
105,66,4EBZl8ynWkf2RvFr6EkJNeX6nm4=,jckHQVAODOEpz9xv/1p+hl1VbGQ=
109,71,4EBZl8ynWkf2RvFr6EkJNeX6nm4=,jckHQVAODOEpz9xv/1p+hl1VbGQ=
104,68,4EBZl8ynWkf2RvFr6EkJNeX6nm4=,jckHQVAODOEpz9xv/1p+hl1VbGQ=
107,68,4EBZl8ynWkf2RvFr6EkJNeX6nm4=,jckHQVAODOEpz9xv/1p+hl1VbGQ=
106,66,4EBZl8ynWkf2RvFr6EkJNeX6nm4=,jckHQVAODOEpz9xv/1p+hl1VbGQ=
108,69,4EBZl8ynWkf2RvFr6EkJNeX6nm4=,jckHQVAODOEpz9xv/1p+hl1VbGQ=
111,68,4EBZl8ynWkf2RvFr6EkJNeX6nm4=,jckHQVAODOEpz9xv/1p+hl1VbGQ=
105,65,4EBZl8ynWkf2RvFr6EkJNeX6nm4=,jckHQVAODOEpz9xv/1p+hl1VbGQ=
109,68,4EBZl8ynWkf2RvFr6EkJNeX6nm4=,jckHQVAODOEpz9xv/1p+hl1VbGQ=
108,68,4EBZl8ynWkf2RvFr6EkJNeX6nm4=,jckHQVAODOEpz9xv/1p+hl1VbGQ=
111,67,4EBZl8ynWkf2RvFr6EkJNeX6nm4=,jckHQVAODOEpz9xv/1p+hl1VbGQ=
110,67,4EBZl8ynWkf2RvFr6EkJNeX6nm4=,jckHQVAODOEpz9xv/1p+hl1VbGQ=
110,70,4EBZl8ynWkf2RvFr6EkJNeX6nm4=,jckHQVAODOEpz9xv/1p+hl1VbGQ=
106,67,4EBZl8ynWkf2RvFr6EkJNeX6nm4=,jckHQVAODOEpz9xv/1p+hl1VbGQ=
111,69,4EBZl8ynWkf2RvFr6EkJNeX6nm4=,jckHQVAODOEpz9xv/1p+hl1VbGQ=
110,68,4EBZl8ynWkf2RvFr6EkJNeX6nm4=,jckHQVAODOEpz9xv/1p+hl1VbGQ=
109,67,4EBZl8ynWkf2RvFr6EkJNeX6nm4=,jckHQVAODOEpz9xv/1p+hl1VbGQ=
108,67,4EBZl8ynWkf2RvFr6EkJNeX6nm4=,jckHQVAODOEpz9xv/1p+hl1VbGQ=
110,69,4EBZl8ynWkf2RvFr6EkJNeX6nm4=,jckHQVAODOEpz9xv/1p+hl1VbGQ=
107,67,4EBZl8ynWkf2RvFr6EkJNeX6nm4=,jckHQVAODOEpz9xv/1p+hl1VbGQ=
101,80,4EBZl8ynWkf2RvFr6EkJNeX6nm4=,HuQ6D3dku/uWRu2ec9mqHN3+3zM=
102,83,4EBZl8ynWkf2RvFr6EkJNeX6nm4=,HuQ6D3dku/uWRu2ec9mqHN3+3zM=
101,82,4EBZl8ynWkf2RvFr6EkJNeX6nm4=,HuQ6D3dku/uWRu2ec9mqHN3+3zM=
99,80,4EBZl8ynWkf2RvFr6EkJNeX6nm4=,HuQ6D3dku/uWRu2ec9mqHN3+3zM=
102,82,4EBZl8ynWkf2RvFr6EkJNeX6nm4=,HuQ6D3dku/uWRu2ec9mqHN3+3zM=
100,83,4EBZl8ynWkf2RvFr6EkJNeX6nm4=,HuQ6D3dku/uWRu2ec9mqHN3+3zM=
99,83,4EBZl8ynWkf2RvFr6EkJNeX6nm4=,HuQ6D3dku/uWRu2ec9mqHN3+3zM=
101,81,4EBZl8ynWkf2RvFr6EkJNeX6nm4=,HuQ6D3dku/uWRu2ec9mqHN3+3zM=
101,83,4EBZl8ynWkf2RvFr6EkJNeX6nm4=,HuQ6D3dku/uWRu2ec9mqHN3+3zM=
100,81,4EBZl8ynWkf2RvFr6EkJNeX6nm4=,HuQ6D3dku/uWRu2ec9mqHN3+3zM=
97,80,4EBZl8ynWkf2RvFr6EkJNeX6nm4=,HuQ6D3dku/uWRu2ec9mqHN3+3zM=
103,83,4EBZl8ynWkf2RvFr6EkJNeX6nm4=,HuQ6D3dku/uWRu2ec9mqHN3+3zM=
100,82,4EBZl8ynWkf2RvFr6EkJNeX6nm4=,HuQ6D3dku/uWRu2ec9mqHN3+3zM=
110,95,4EBZl8ynWkf2RvFr6EkJNeX6nm4=,HuQ6D3dku/uWRu2ec9mqHN3+3zM=
109,95,4EBZl8ynWkf2RvFr6EkJNeX6nm4=,HuQ6D3dku/uWRu2ec9mqHN3+3zM=
107,95,4EBZl8ynWkf2RvFr6EkJNeX6nm4=,HuQ6D3dku/uWRu2ec9mqHN3+3zM=
106,95,4EBZl8ynWkf2RvFr6EkJNeX6nm4=,HuQ6D3dku/uWRu2ec9mqHN3+3zM=
104,83,4EBZl8ynWkf2RvFr6EkJNeX6nm4=,HuQ6D3dku/uWRu2ec9mqHN3+3zM=
108,95,4EBZl8ynWkf2RvFr6EkJNeX6nm4=,HuQ6D3dku/uWRu2ec9mqHN3+3zM=
105,95,4EBZl8ynWkf2RvFr6EkJNeX6nm4=,HuQ6D3dku/uWRu2ec9mqHN3+3zM=
104,95,4EBZl8ynWkf2RvFr6EkJNeX6nm4=,HuQ6D3dku/uWRu2ec9mqHN3+3zM=
103,95,4EBZl8ynWkf2RvFr6EkJNeX6nm4=,HuQ6D3dku/uWRu2ec9mqHN3+3zM=
106,83,4EBZl8ynWkf2RvFr6EkJNeX6nm4=,HuQ6D3dku/uWRu2ec9mqHN3+3zM=
105,83,4EBZl8ynWkf2RvFr6EkJNeX6nm4=,HuQ6D3dku/uWRu2ec9mqHN3+3zM=
99,95,4EBZl8ynWkf2RvFr6EkJNeX6nm4=,HuQ6D3dku/uWRu2ec9mqHN3+3zM=
102,95,4EBZl8ynWkf2RvFr6EkJNeX6nm4=,HuQ6D3dku/uWRu2ec9mqHN3+3zM=
98,83,4EBZl8ynWkf2RvFr6EkJNeX6nm4=,HuQ6D3dku/uWRu2ec9mqHN3+3zM=
98,95,4EBZl8ynWkf2RvFr6EkJNeX6nm4=,HuQ6D3dku/uWRu2ec9mqHN3+3zM=
100,95,4EBZl8ynWkf2RvFr6EkJNeX6nm4=,HuQ6D3dku/uWRu2ec9mqHN3+3zM=
107,83,4EBZl8ynWkf2RvFr6EkJNeX6nm4=,HuQ6D3dku/uWRu2ec9mqHN3+3zM=
96,95,4EBZl8ynWkf2RvFr6EkJNeX6nm4=,HuQ6D3dku/uWRu2ec9mqHN3+3zM=
97,83,4EBZl8ynWkf2RvFr6EkJNeX6nm4=,HuQ6D3dku/uWRu2ec9mqHN3+3zM=
99,82,4EBZl8ynWkf2RvFr6EkJNeX6nm4=,HuQ6D3dku/uWRu2ec9mqHN3+3zM=
97,95,4EBZl8ynWkf2RvFr6EkJNeX6nm4=,HuQ6D3dku/uWRu2ec9mqHN3+3zM=
101,95,4EBZl8ynWkf2RvFr6EkJNeX6nm4=,HuQ6D3dku/uWRu2ec9mqHN3+3zM=
110,94,4EBZl8ynWkf2RvFr6EkJNeX6nm4=,HuQ6D3dku/uWRu2ec9mqHN3+3zM=
100,80,4EBZl8ynWkf2RvFr6EkJNeX6nm4=,HuQ6D3dku/uWRu2ec9mqHN3+3zM=
109,94,4EBZl8ynWkf2RvFr6EkJNeX6nm4=,HuQ6D3dku/uWRu2ec9mqHN3+3zM=
108,83,4EBZl8ynWkf2RvFr6EkJNeX6nm4=,HuQ6D3dku/uWRu2ec9mqHN3+3zM=
105,94,4EBZl8ynWkf2RvFr6EkJNeX6nm4=,HuQ6D3dku/uWRu2ec9mqHN3+3zM=
108,94,4EBZl8ynWkf2RvFr6EkJNeX6nm4=,HuQ6D3dku/uWRu2ec9mqHN3+3zM=
106,94,4EBZl8ynWkf2RvFr6EkJNeX6nm4=,HuQ6D3dku/uWRu2ec9mqHN3+3zM=
103,94,4EBZl8ynWkf2RvFr6EkJNeX6nm4=,HuQ6D3dku/uWRu2ec9mqHN3+3zM=
109,83,4EBZl8ynWkf2RvFr6EkJNeX6nm4=,HuQ6D3dku/uWRu2ec9mqHN3+3zM=
104,94,4EBZl8ynWkf2RvFr6EkJNeX6nm4=,HuQ6D3dku/uWRu2ec9mqHN3+3zM=
102,94,4EBZl8ynWkf2RvFr6EkJNeX6nm4=,HuQ6D3dku/uWRu2ec9mqHN3+3zM=
107,94,4EBZl8ynWkf2RvFr6EkJNeX6nm4=,HuQ6D3dku/uWRu2ec9mqHN3+3zM=
110,83,4EBZl8ynWkf2RvFr6EkJNeX6nm4=,HuQ6D3dku/uWRu2ec9mqHN3+3zM=
101,94,4EBZl8ynWkf2RvFr6EkJNeX6nm4=,HuQ6D3dku/uWRu2ec9mqHN3+3zM=
100,94,4EBZl8ynWkf2RvFr6EkJNeX6nm4=,HuQ6D3dku/uWRu2ec9mqHN3+3zM=
97,94,4EBZl8ynWkf2RvFr6EkJNeX6nm4=,HuQ6D3dku/uWRu2ec9mqHN3+3zM=
99,94,4EBZl8ynWkf2RvFr6EkJNeX6nm4=,HuQ6D3dku/uWRu2ec9mqHN3+3zM=
96,94,4EBZl8ynWkf2RvFr6EkJNeX6nm4=,HuQ6D3dku/uWRu2ec9mqHN3+3zM=
98,94,4EBZl8ynWkf2RvFr6EkJNeX6nm4=,HuQ6D3dku/uWRu2ec9mqHN3+3zM=
110,93,4EBZl8ynWkf2RvFr6EkJNeX6nm4=,HuQ6D3dku/uWRu2ec9mqHN3+3zM=
99,81,4EBZl8ynWkf2RvFr6EkJNeX6nm4=,HuQ6D3dku/uWRu2ec9mqHN3+3zM=
102,81,4EBZl8ynWkf2RvFr6EkJNeX6nm4=,HuQ6D3dku/uWRu2ec9mqHN3+3zM=
98,82,4EBZl8ynWkf2RvFr6EkJNeX6nm4=,HuQ6D3dku/uWRu2ec9mqHN3+3zM=
109,93,4EBZl8ynWkf2RvFr6EkJNeX6nm4=,HuQ6D3dku/uWRu2ec9mqHN3+3zM=
105,93,4EBZl8ynWkf2RvFr6EkJNeX6nm4=,HuQ6D3dku/uWRu2ec9mqHN3+3zM=
108,93,4EBZl8ynWkf2RvFr6EkJNeX6nm4=,HuQ6D3dku/uWRu2ec9mqHN3+3zM=
104,93,4EBZl8ynWkf2RvFr6EkJNeX6nm4=,HuQ6D3dku/uWRu2ec9mqHN3+3zM=
106,93,4EBZl8ynWkf2RvFr6EkJNeX6nm4=,HuQ6D3dku/uWRu2ec9mqHN3+3zM=
103,93,4EBZl8ynWkf2RvFr6EkJNeX6nm4=,HuQ6D3dku/uWRu2ec9mqHN3+3zM=
102,80,4EBZl8ynWkf2RvFr6EkJNeX6nm4=,HuQ6D3dku/uWRu2ec9mqHN3+3zM=
102,93,4EBZl8ynWkf2RvFr6EkJNeX6nm4=,HuQ6D3dku/uWRu2ec9mqHN3+3zM=
101,93,4EBZl8ynWkf2RvFr6EkJNeX6nm4=,HuQ6D3dku/uWRu2ec9mqHN3+3zM=
98,93,4EBZl8ynWkf2RvFr6EkJNeX6nm4=,HuQ6D3dku/uWRu2ec9mqHN3+3zM=
107,93,4EBZl8ynWkf2RvFr6EkJNeX6nm4=,HuQ6D3dku/uWRu2ec9mqHN3+3zM=
96,93,4EBZl8ynWkf2RvFr6EkJNeX6nm4=,HuQ6D3dku/uWRu2ec9mqHN3+3zM=
103,82,4EBZl8ynWkf2RvFr6EkJNeX6nm4=,HuQ6D3dku/uWRu2ec9mqHN3+3zM=
99,93,4EBZl8ynWkf2RvFr6EkJNeX6nm4=,HuQ6D3dku/uWRu2ec9mqHN3+3zM=
100,93,4EBZl8ynWkf2RvFr6EkJNeX6nm4=,HuQ6D3dku/uWRu2ec9mqHN3+3zM=
98,81,4EBZl8ynWkf2RvFr6EkJNeX6nm4=,HuQ6D3dku/uWRu2ec9mqHN3+3zM=
108,92,4EBZl8ynWkf2RvFr6EkJNeX6nm4=,HuQ6D3dku/uWRu2ec9mqHN3+3zM=
97,93,4EBZl8ynWkf2RvFr6EkJNeX6nm4=,HuQ6D3dku/uWRu2ec9mqHN3+3zM=
110,92,4EBZl8ynWkf2RvFr6EkJNeX6nm4=,HuQ6D3dku/uWRu2ec9mqHN3+3zM=
97,82,4EBZl8ynWkf2RvFr6EkJNeX6nm4=,HuQ6D3dku/uWRu2ec9mqHN3+3zM=
107,92,4EBZl8ynWkf2RvFr6EkJNeX6nm4=,HuQ6D3dku/uWRu2ec9mqHN3+3zM=
96,84,4EBZl8ynWkf2RvFr6EkJNeX6nm4=,HuQ6D3dku/uWRu2ec9mqHN3+3zM=
105,92,4EBZl8ynWkf2RvFr6EkJNeX6nm4=,HuQ6D3dku/uWRu2ec9mqHN3+3zM=
102,92,4EBZl8ynWkf2RvFr6EkJNeX6nm4=,HuQ6D3dku/uWRu2ec9mqHN3+3zM=
109,92,4EBZl8ynWkf2RvFr6EkJNeX6nm4=,HuQ6D3dku/uWRu2ec9mqHN3+3zM=
97,84,4EBZl8ynWkf2RvFr6EkJNeX6nm4=,HuQ6D3dku/uWRu2ec9mqHN3+3zM=
106,92,4EBZl8ynWkf2RvFr6EkJNeX6nm4=,HuQ6D3dku/uWRu2ec9mqHN3+3zM=
99,92,4EBZl8ynWkf2RvFr6EkJNeX6nm4=,HuQ6D3dku/uWRu2ec9mqHN3+3zM=
98,92,4EBZl8ynWkf2RvFr6EkJNeX6nm4=,HuQ6D3dku/uWRu2ec9mqHN3+3zM=
103,92,4EBZl8ynWkf2RvFr6EkJNeX6nm4=,HuQ6D3dku/uWRu2ec9mqHN3+3zM=
97,92,4EBZl8ynWkf2RvFr6EkJNeX6nm4=,HuQ6D3dku/uWRu2ec9mqHN3+3zM=
101,92,4EBZl8ynWkf2RvFr6EkJNeX6nm4=,HuQ6D3dku/uWRu2ec9mqHN3+3zM=
96,92,4EBZl8ynWkf2RvFr6EkJNeX6nm4=,HuQ6D3dku/uWRu2ec9mqHN3+3zM=
104,92,4EBZl8ynWkf2RvFr6EkJNeX6nm4=,HuQ6D3dku/uWRu2ec9mqHN3+3zM=
100,92,4EBZl8ynWkf2RvFr6EkJNeX6nm4=,HuQ6D3dku/uWRu2ec9mqHN3+3zM=
98,80,4EBZl8ynWkf2RvFr6EkJNeX6nm4=,HuQ6D3dku/uWRu2ec9mqHN3+3zM=
98,84,4EBZl8ynWkf2RvFr6EkJNeX6nm4=,HuQ6D3dku/uWRu2ec9mqHN3+3zM=
97,81,4EBZl8ynWkf2RvFr6EkJNeX6nm4=,HuQ6D3dku/uWRu2ec9mqHN3+3zM=
96,83,4EBZl8ynWkf2RvFr6EkJNeX6nm4=,HuQ6D3dku/uWRu2ec9mqHN3+3zM=
96,81,4EBZl8ynWkf2RvFr6EkJNeX6nm4=,HuQ6D3dku/uWRu2ec9mqHN3+3zM=
110,81,4EBZl8ynWkf2RvFr6EkJNeX6nm4=,HuQ6D3dku/uWRu2ec9mqHN3+3zM=
110,91,4EBZl8ynWkf2RvFr6EkJNeX6nm4=,HuQ6D3dku/uWRu2ec9mqHN3+3zM=
96,82,4EBZl8ynWkf2RvFr6EkJNeX6nm4=,HuQ6D3dku/uWRu2ec9mqHN3+3zM=
106,91,4EBZl8ynWkf2RvFr6EkJNeX6nm4=,HuQ6D3dku/uWRu2ec9mqHN3+3zM=
110,80,4EBZl8ynWkf2RvFr6EkJNeX6nm4=,HuQ6D3dku/uWRu2ec9mqHN3+3zM=
108,91,4EBZl8ynWkf2RvFr6EkJNeX6nm4=,HuQ6D3dku/uWRu2ec9mqHN3+3zM=
105,91,4EBZl8ynWkf2RvFr6EkJNeX6nm4=,HuQ6D3dku/uWRu2ec9mqHN3+3zM=
109,91,4EBZl8ynWkf2RvFr6EkJNeX6nm4=,HuQ6D3dku/uWRu2ec9mqHN3+3zM=
107,91,4EBZl8ynWkf2RvFr6EkJNeX6nm4=,HuQ6D3dku/uWRu2ec9mqHN3+3zM=
103,91,4EBZl8ynWkf2RvFr6EkJNeX6nm4=,HuQ6D3dku/uWRu2ec9mqHN3+3zM=
104,91,4EBZl8ynWkf2RvFr6EkJNeX6nm4=,HuQ6D3dku/uWRu2ec9mqHN3+3zM=
99,84,4EBZl8ynWkf2RvFr6EkJNeX6nm4=,HuQ6D3dku/uWRu2ec9mqHN3+3zM=
100,91,4EBZl8ynWkf2RvFr6EkJNeX6nm4=,HuQ6D3dku/uWRu2ec9mqHN3+3zM=
101,91,4EBZl8ynWkf2RvFr6EkJNeX6nm4=,HuQ6D3dku/uWRu2ec9mqHN3+3zM=
97,91,4EBZl8ynWkf2RvFr6EkJNeX6nm4=,HuQ6D3dku/uWRu2ec9mqHN3+3zM=
110,82,4EBZl8ynWkf2RvFr6EkJNeX6nm4=,HuQ6D3dku/uWRu2ec9mqHN3+3zM=
109,80,4EBZl8ynWkf2RvFr6EkJNeX6nm4=,HuQ6D3dku/uWRu2ec9mqHN3+3zM=
98,91,4EBZl8ynWkf2RvFr6EkJNeX6nm4=,HuQ6D3dku/uWRu2ec9mqHN3+3zM=
102,91,4EBZl8ynWkf2RvFr6EkJNeX6nm4=,HuQ6D3dku/uWRu2ec9mqHN3+3zM=
107,90,4EBZl8ynWkf2RvFr6EkJNeX6nm4=,HuQ6D3dku/uWRu2ec9mqHN3+3zM=
99,91,4EBZl8ynWkf2RvFr6EkJNeX6nm4=,HuQ6D3dku/uWRu2ec9mqHN3+3zM=
100,84,4EBZl8ynWkf2RvFr6EkJNeX6nm4=,HuQ6D3dku/uWRu2ec9mqHN3+3zM=
110,90,4EBZl8ynWkf2RvFr6EkJNeX6nm4=,HuQ6D3dku/uWRu2ec9mqHN3+3zM=
96,91,4EBZl8ynWkf2RvFr6EkJNeX6nm4=,HuQ6D3dku/uWRu2ec9mqHN3+3zM=
106,90,4EBZl8ynWkf2RvFr6EkJNeX6nm4=,HuQ6D3dku/uWRu2ec9mqHN3+3zM=
105,90,4EBZl8ynWkf2RvFr6EkJNeX6nm4=,HuQ6D3dku/uWRu2ec9mqHN3+3zM=
103,90,4EBZl8ynWkf2RvFr6EkJNeX6nm4=,HuQ6D3dku/uWRu2ec9mqHN3+3zM=
108,90,4EBZl8ynWkf2RvFr6EkJNeX6nm4=,HuQ6D3dku/uWRu2ec9mqHN3+3zM=
102,90,4EBZl8ynWkf2RvFr6EkJNeX6nm4=,HuQ6D3dku/uWRu2ec9mqHN3+3zM=
101,90,4EBZl8ynWkf2RvFr6EkJNeX6nm4=,HuQ6D3dku/uWRu2ec9mqHN3+3zM=
101,84,4EBZl8ynWkf2RvFr6EkJNeX6nm4=,HuQ6D3dku/uWRu2ec9mqHN3+3zM=
104,90,4EBZl8ynWkf2RvFr6EkJNeX6nm4=,HuQ6D3dku/uWRu2ec9mqHN3+3zM=
97,90,4EBZl8ynWkf2RvFr6EkJNeX6nm4=,HuQ6D3dku/uWRu2ec9mqHN3+3zM=
102,84,4EBZl8ynWkf2RvFr6EkJNeX6nm4=,HuQ6D3dku/uWRu2ec9mqHN3+3zM=
99,90,4EBZl8ynWkf2RvFr6EkJNeX6nm4=,HuQ6D3dku/uWRu2ec9mqHN3+3zM=
108,80,4EBZl8ynWkf2RvFr6EkJNeX6nm4=,HuQ6D3dku/uWRu2ec9mqHN3+3zM=
100,90,4EBZl8ynWkf2RvFr6EkJNeX6nm4=,HuQ6D3dku/uWRu2ec9mqHN3+3zM=
96,90,4EBZl8ynWkf2RvFr6EkJNeX6nm4=,HuQ6D3dku/uWRu2ec9mqHN3+3zM=
109,90,4EBZl8ynWkf2RvFr6EkJNeX6nm4=,HuQ6D3dku/uWRu2ec9mqHN3+3zM=
110,89,4EBZl8ynWkf2RvFr6EkJNeX6nm4=,HuQ6D3dku/uWRu2ec9mqHN3+3zM=
109,82,4EBZl8ynWkf2RvFr6EkJNeX6nm4=,HuQ6D3dku/uWRu2ec9mqHN3+3zM=
108,89,4EBZl8ynWkf2RvFr6EkJNeX6nm4=,HuQ6D3dku/uWRu2ec9mqHN3+3zM=
103,84,4EBZl8ynWkf2RvFr6EkJNeX6nm4=,HuQ6D3dku/uWRu2ec9mqHN3+3zM=
98,90,4EBZl8ynWkf2RvFr6EkJNeX6nm4=,HuQ6D3dku/uWRu2ec9mqHN3+3zM=
107,89,4EBZl8ynWkf2RvFr6EkJNeX6nm4=,HuQ6D3dku/uWRu2ec9mqHN3+3zM=
108,81,4EBZl8ynWkf2RvFr6EkJNeX6nm4=,HuQ6D3dku/uWRu2ec9mqHN3+3zM=
105,89,4EBZl8ynWkf2RvFr6EkJNeX6nm4=,HuQ6D3dku/uWRu2ec9mqHN3+3zM=
104,84,4EBZl8ynWkf2RvFr6EkJNeX6nm4=,HuQ6D3dku/uWRu2ec9mqHN3+3zM=
104,89,4EBZl8ynWkf2RvFr6EkJNeX6nm4=,HuQ6D3dku/uWRu2ec9mqHN3+3zM=
100,89,4EBZl8ynWkf2RvFr6EkJNeX6nm4=,HuQ6D3dku/uWRu2ec9mqHN3+3zM=
97,89,4EBZl8ynWkf2RvFr6EkJNeX6nm4=,HuQ6D3dku/uWRu2ec9mqHN3+3zM=
103,89,4EBZl8ynWkf2RvFr6EkJNeX6nm4=,HuQ6D3dku/uWRu2ec9mqHN3+3zM=
102,89,4EBZl8ynWkf2RvFr6EkJNeX6nm4=,HuQ6D3dku/uWRu2ec9mqHN3+3zM=
107,80,4EBZl8ynWkf2RvFr6EkJNeX6nm4=,HuQ6D3dku/uWRu2ec9mqHN3+3zM=
105,84,4EBZl8ynWkf2RvFr6EkJNeX6nm4=,HuQ6D3dku/uWRu2ec9mqHN3+3zM=
101,89,4EBZl8ynWkf2RvFr6EkJNeX6nm4=,HuQ6D3dku/uWRu2ec9mqHN3+3zM=
99,89,4EBZl8ynWkf2RvFr6EkJNeX6nm4=,HuQ6D3dku/uWRu2ec9mqHN3+3zM=
108,82,4EBZl8ynWkf2RvFr6EkJNeX6nm4=,HuQ6D3dku/uWRu2ec9mqHN3+3zM=
107,81,4EBZl8ynWkf2RvFr6EkJNeX6nm4=,HuQ6D3dku/uWRu2ec9mqHN3+3zM=
110,88,4EBZl8ynWkf2RvFr6EkJNeX6nm4=,HuQ6D3dku/uWRu2ec9mqHN3+3zM=
96,89,4EBZl8ynWkf2RvFr6EkJNeX6nm4=,HuQ6D3dku/uWRu2ec9mqHN3+3zM=
109,88,4EBZl8ynWkf2RvFr6EkJNeX6nm4=,HuQ6D3dku/uWRu2ec9mqHN3+3zM=
109,89,4EBZl8ynWkf2RvFr6EkJNeX6nm4=,HuQ6D3dku/uWRu2ec9mqHN3+3zM=
107,88,4EBZl8ynWkf2RvFr6EkJNeX6nm4=,HuQ6D3dku/uWRu2ec9mqHN3+3zM=
104,88,4EBZl8ynWkf2RvFr6EkJNeX6nm4=,HuQ6D3dku/uWRu2ec9mqHN3+3zM=
105,88,4EBZl8ynWkf2RvFr6EkJNeX6nm4=,HuQ6D3dku/uWRu2ec9mqHN3+3zM=
103,88,4EBZl8ynWkf2RvFr6EkJNeX6nm4=,HuQ6D3dku/uWRu2ec9mqHN3+3zM=
106,88,4EBZl8ynWkf2RvFr6EkJNeX6nm4=,HuQ6D3dku/uWRu2ec9mqHN3+3zM=
106,84,4EBZl8ynWkf2RvFr6EkJNeX6nm4=,HuQ6D3dku/uWRu2ec9mqHN3+3zM=
102,88,4EBZl8ynWkf2RvFr6EkJNeX6nm4=,HuQ6D3dku/uWRu2ec9mqHN3+3zM=
108,88,4EBZl8ynWkf2RvFr6EkJNeX6nm4=,HuQ6D3dku/uWRu2ec9mqHN3+3zM=
100,88,4EBZl8ynWkf2RvFr6EkJNeX6nm4=,HuQ6D3dku/uWRu2ec9mqHN3+3zM=
99,88,4EBZl8ynWkf2RvFr6EkJNeX6nm4=,HuQ6D3dku/uWRu2ec9mqHN3+3zM=
97,88,4EBZl8ynWkf2RvFr6EkJNeX6nm4=,HuQ6D3dku/uWRu2ec9mqHN3+3zM=
98,88,4EBZl8ynWkf2RvFr6EkJNeX6nm4=,HuQ6D3dku/uWRu2ec9mqHN3+3zM=
106,80,4EBZl8ynWkf2RvFr6EkJNeX6nm4=,HuQ6D3dku/uWRu2ec9mqHN3+3zM=
107,84,4EBZl8ynWkf2RvFr6EkJNeX6nm4=,HuQ6D3dku/uWRu2ec9mqHN3+3zM=
107,82,4EBZl8ynWkf2RvFr6EkJNeX6nm4=,HuQ6D3dku/uWRu2ec9mqHN3+3zM=
101,88,4EBZl8ynWkf2RvFr6EkJNeX6nm4=,HuQ6D3dku/uWRu2ec9mqHN3+3zM=
96,88,4EBZl8ynWkf2RvFr6EkJNeX6nm4=,HuQ6D3dku/uWRu2ec9mqHN3+3zM=
107,87,4EBZl8ynWkf2RvFr6EkJNeX6nm4=,HuQ6D3dku/uWRu2ec9mqHN3+3zM=
109,87,4EBZl8ynWkf2RvFr6EkJNeX6nm4=,HuQ6D3dku/uWRu2ec9mqHN3+3zM=
106,87,4EBZl8ynWkf2RvFr6EkJNeX6nm4=,HuQ6D3dku/uWRu2ec9mqHN3+3zM=
104,87,4EBZl8ynWkf2RvFr6EkJNeX6nm4=,HuQ6D3dku/uWRu2ec9mqHN3+3zM=
108,87,4EBZl8ynWkf2RvFr6EkJNeX6nm4=,HuQ6D3dku/uWRu2ec9mqHN3+3zM=
109,81,4EBZl8ynWkf2RvFr6EkJNeX6nm4=,HuQ6D3dku/uWRu2ec9mqHN3+3zM=
110,87,4EBZl8ynWkf2RvFr6EkJNeX6nm4=,HuQ6D3dku/uWRu2ec9mqHN3+3zM=
108,84,4EBZl8ynWkf2RvFr6EkJNeX6nm4=,HuQ6D3dku/uWRu2ec9mqHN3+3zM=
106,81,4EBZl8ynWkf2RvFr6EkJNeX6nm4=,HuQ6D3dku/uWRu2ec9mqHN3+3zM=
102,87,4EBZl8ynWkf2RvFr6EkJNeX6nm4=,HuQ6D3dku/uWRu2ec9mqHN3+3zM=
103,87,4EBZl8ynWkf2RvFr6EkJNeX6nm4=,HuQ6D3dku/uWRu2ec9mqHN3+3zM=
105,87,4EBZl8ynWkf2RvFr6EkJNeX6nm4=,HuQ6D3dku/uWRu2ec9mqHN3+3zM=
101,87,4EBZl8ynWkf2RvFr6EkJNeX6nm4=,HuQ6D3dku/uWRu2ec9mqHN3+3zM=
98,87,4EBZl8ynWkf2RvFr6EkJNeX6nm4=,HuQ6D3dku/uWRu2ec9mqHN3+3zM=
97,87,4EBZl8ynWkf2RvFr6EkJNeX6nm4=,HuQ6D3dku/uWRu2ec9mqHN3+3zM=
99,87,4EBZl8ynWkf2RvFr6EkJNeX6nm4=,HuQ6D3dku/uWRu2ec9mqHN3+3zM=
106,82,4EBZl8ynWkf2RvFr6EkJNeX6nm4=,HuQ6D3dku/uWRu2ec9mqHN3+3zM=
96,87,4EBZl8ynWkf2RvFr6EkJNeX6nm4=,HuQ6D3dku/uWRu2ec9mqHN3+3zM=
105,81,4EBZl8ynWkf2RvFr6EkJNeX6nm4=,HuQ6D3dku/uWRu2ec9mqHN3+3zM=
100,87,4EBZl8ynWkf2RvFr6EkJNeX6nm4=,HuQ6D3dku/uWRu2ec9mqHN3+3zM=
109,84,4EBZl8ynWkf2RvFr6EkJNeX6nm4=,HuQ6D3dku/uWRu2ec9mqHN3+3zM=
109,86,4EBZl8ynWkf2RvFr6EkJNeX6nm4=,HuQ6D3dku/uWRu2ec9mqHN3+3zM=
108,86,4EBZl8ynWkf2RvFr6EkJNeX6nm4=,HuQ6D3dku/uWRu2ec9mqHN3+3zM=
105,80,4EBZl8ynWkf2RvFr6EkJNeX6nm4=,HuQ6D3dku/uWRu2ec9mqHN3+3zM=
110,86,4EBZl8ynWkf2RvFr6EkJNeX6nm4=,HuQ6D3dku/uWRu2ec9mqHN3+3zM=
106,86,4EBZl8ynWkf2RvFr6EkJNeX6nm4=,HuQ6D3dku/uWRu2ec9mqHN3+3zM=
105,86,4EBZl8ynWkf2RvFr6EkJNeX6nm4=,HuQ6D3dku/uWRu2ec9mqHN3+3zM=
107,86,4EBZl8ynWkf2RvFr6EkJNeX6nm4=,HuQ6D3dku/uWRu2ec9mqHN3+3zM=
104,86,4EBZl8ynWkf2RvFr6EkJNeX6nm4=,HuQ6D3dku/uWRu2ec9mqHN3+3zM=
103,86,4EBZl8ynWkf2RvFr6EkJNeX6nm4=,HuQ6D3dku/uWRu2ec9mqHN3+3zM=
98,89,4EBZl8ynWkf2RvFr6EkJNeX6nm4=,HuQ6D3dku/uWRu2ec9mqHN3+3zM=
102,86,4EBZl8ynWkf2RvFr6EkJNeX6nm4=,HuQ6D3dku/uWRu2ec9mqHN3+3zM=
101,86,4EBZl8ynWkf2RvFr6EkJNeX6nm4=,HuQ6D3dku/uWRu2ec9mqHN3+3zM=
110,84,4EBZl8ynWkf2RvFr6EkJNeX6nm4=,HuQ6D3dku/uWRu2ec9mqHN3+3zM=
100,86,4EBZl8ynWkf2RvFr6EkJNeX6nm4=,HuQ6D3dku/uWRu2ec9mqHN3+3zM=
97,86,4EBZl8ynWkf2RvFr6EkJNeX6nm4=,HuQ6D3dku/uWRu2ec9mqHN3+3zM=
104,81,4EBZl8ynWkf2RvFr6EkJNeX6nm4=,HuQ6D3dku/uWRu2ec9mqHN3+3zM=
103,81,4EBZl8ynWkf2RvFr6EkJNeX6nm4=,HuQ6D3dku/uWRu2ec9mqHN3+3zM=
99,86,4EBZl8ynWkf2RvFr6EkJNeX6nm4=,HuQ6D3dku/uWRu2ec9mqHN3+3zM=
104,80,4EBZl8ynWkf2RvFr6EkJNeX6nm4=,HuQ6D3dku/uWRu2ec9mqHN3+3zM=
96,86,4EBZl8ynWkf2RvFr6EkJNeX6nm4=,HuQ6D3dku/uWRu2ec9mqHN3+3zM=
105,82,4EBZl8ynWkf2RvFr6EkJNeX6nm4=,HuQ6D3dku/uWRu2ec9mqHN3+3zM=
98,86,4EBZl8ynWkf2RvFr6EkJNeX6nm4=,HuQ6D3dku/uWRu2ec9mqHN3+3zM=
109,85,4EBZl8ynWkf2RvFr6EkJNeX6nm4=,HuQ6D3dku/uWRu2ec9mqHN3+3zM=
108,85,4EBZl8ynWkf2RvFr6EkJNeX6nm4=,HuQ6D3dku/uWRu2ec9mqHN3+3zM=
110,85,4EBZl8ynWkf2RvFr6EkJNeX6nm4=,HuQ6D3dku/uWRu2ec9mqHN3+3zM=
96,85,4EBZl8ynWkf2RvFr6EkJNeX6nm4=,HuQ6D3dku/uWRu2ec9mqHN3+3zM=
105,85,4EBZl8ynWkf2RvFr6EkJNeX6nm4=,HuQ6D3dku/uWRu2ec9mqHN3+3zM=
103,85,4EBZl8ynWkf2RvFr6EkJNeX6nm4=,HuQ6D3dku/uWRu2ec9mqHN3+3zM=
106,89,4EBZl8ynWkf2RvFr6EkJNeX6nm4=,HuQ6D3dku/uWRu2ec9mqHN3+3zM=
100,85,4EBZl8ynWkf2RvFr6EkJNeX6nm4=,HuQ6D3dku/uWRu2ec9mqHN3+3zM=
102,85,4EBZl8ynWkf2RvFr6EkJNeX6nm4=,HuQ6D3dku/uWRu2ec9mqHN3+3zM=
106,85,4EBZl8ynWkf2RvFr6EkJNeX6nm4=,HuQ6D3dku/uWRu2ec9mqHN3+3zM=
99,85,4EBZl8ynWkf2RvFr6EkJNeX6nm4=,HuQ6D3dku/uWRu2ec9mqHN3+3zM=
104,82,4EBZl8ynWkf2RvFr6EkJNeX6nm4=,HuQ6D3dku/uWRu2ec9mqHN3+3zM=
101,85,4EBZl8ynWkf2RvFr6EkJNeX6nm4=,HuQ6D3dku/uWRu2ec9mqHN3+3zM=
104,85,4EBZl8ynWkf2RvFr6EkJNeX6nm4=,HuQ6D3dku/uWRu2ec9mqHN3+3zM=
103,80,4EBZl8ynWkf2RvFr6EkJNeX6nm4=,HuQ6D3dku/uWRu2ec9mqHN3+3zM=
97,85,4EBZl8ynWkf2RvFr6EkJNeX6nm4=,HuQ6D3dku/uWRu2ec9mqHN3+3zM=
107,85,4EBZl8ynWkf2RvFr6EkJNeX6nm4=,HuQ6D3dku/uWRu2ec9mqHN3+3zM=
98,85,4EBZl8ynWkf2RvFr6EkJNeX6nm4=,HuQ6D3dku/uWRu2ec9mqHN3+3zM=
111,84,4EBZl8ynWkf2RvFr6EkJNeX6nm4=,HuQ6D3dku/uWRu2ec9mqHN3+3zM=
111,83,4EBZl8ynWkf2RvFr6EkJNeX6nm4=,HuQ6D3dku/uWRu2ec9mqHN3+3zM=
111,85,4EBZl8ynWkf2RvFr6EkJNeX6nm4=,HuQ6D3dku/uWRu2ec9mqHN3+3zM=
111,86,4EBZl8ynWkf2RvFr6EkJNeX6nm4=,HuQ6D3dku/uWRu2ec9mqHN3+3zM=
111,87,4EBZl8ynWkf2RvFr6EkJNeX6nm4=,HuQ6D3dku/uWRu2ec9mqHN3+3zM=
111,88,4EBZl8ynWkf2RvFr6EkJNeX6nm4=,HuQ6D3dku/uWRu2ec9mqHN3+3zM=
111,89,4EBZl8ynWkf2RvFr6EkJNeX6nm4=,HuQ6D3dku/uWRu2ec9mqHN3+3zM=
111,90,4EBZl8ynWkf2RvFr6EkJNeX6nm4=,HuQ6D3dku/uWRu2ec9mqHN3+3zM=
111,91,4EBZl8ynWkf2RvFr6EkJNeX6nm4=,HuQ6D3dku/uWRu2ec9mqHN3+3zM=
111,81,4EBZl8ynWkf2RvFr6EkJNeX6nm4=,HuQ6D3dku/uWRu2ec9mqHN3+3zM=
111,93,4EBZl8ynWkf2RvFr6EkJNeX6nm4=,HuQ6D3dku/uWRu2ec9mqHN3+3zM=
111,92,4EBZl8ynWkf2RvFr6EkJNeX6nm4=,HuQ6D3dku/uWRu2ec9mqHN3+3zM=
111,94,4EBZl8ynWkf2RvFr6EkJNeX6nm4=,HuQ6D3dku/uWRu2ec9mqHN3+3zM=
111,80,4EBZl8ynWkf2RvFr6EkJNeX6nm4=,HuQ6D3dku/uWRu2ec9mqHN3+3zM=
111,95,4EBZl8ynWkf2RvFr6EkJNeX6nm4=,HuQ6D3dku/uWRu2ec9mqHN3+3zM=
96,80,4EBZl8ynWkf2RvFr6EkJNeX6nm4=,HuQ6D3dku/uWRu2ec9mqHN3+3zM=
111,82,4EBZl8ynWkf2RvFr6EkJNeX6nm4=,HuQ6D3dku/uWRu2ec9mqHN3+3zM=
119,83,uIn7iy/2VEK77cer1dtfHaX0fZE=,0YFFOeM9Xhuay+l4UG4OQ19mGoU=
118,83,uIn7iy/2VEK77cer1dtfHaX0fZE=,0YFFOeM9Xhuay+l4UG4OQ19mGoU=
117,82,uIn7iy/2VEK77cer1dtfHaX0fZE=,0YFFOeM9Xhuay+l4UG4OQ19mGoU=
117,83,uIn7iy/2VEK77cer1dtfHaX0fZE=,0YFFOeM9Xhuay+l4UG4OQ19mGoU=
127,95,uIn7iy/2VEK77cer1dtfHaX0fZE=,0YFFOeM9Xhuay+l4UG4OQ19mGoU=
126,95,uIn7iy/2VEK77cer1dtfHaX0fZE=,0YFFOeM9Xhuay+l4UG4OQ19mGoU=
124,95,uIn7iy/2VEK77cer1dtfHaX0fZE=,0YFFOeM9Xhuay+l4UG4OQ19mGoU=
125,95,uIn7iy/2VEK77cer1dtfHaX0fZE=,0YFFOeM9Xhuay+l4UG4OQ19mGoU=
123,95,uIn7iy/2VEK77cer1dtfHaX0fZE=,0YFFOeM9Xhuay+l4UG4OQ19mGoU=
122,95,uIn7iy/2VEK77cer1dtfHaX0fZE=,0YFFOeM9Xhuay+l4UG4OQ19mGoU=
121,95,uIn7iy/2VEK77cer1dtfHaX0fZE=,0YFFOeM9Xhuay+l4UG4OQ19mGoU=
120,95,uIn7iy/2VEK77cer1dtfHaX0fZE=,0YFFOeM9Xhuay+l4UG4OQ19mGoU=
119,95,uIn7iy/2VEK77cer1dtfHaX0fZE=,0YFFOeM9Xhuay+l4UG4OQ19mGoU=
118,95,uIn7iy/2VEK77cer1dtfHaX0fZE=,0YFFOeM9Xhuay+l4UG4OQ19mGoU=
117,95,uIn7iy/2VEK77cer1dtfHaX0fZE=,0YFFOeM9Xhuay+l4UG4OQ19mGoU=
115,95,uIn7iy/2VEK77cer1dtfHaX0fZE=,0YFFOeM9Xhuay+l4UG4OQ19mGoU=
116,95,uIn7iy/2VEK77cer1dtfHaX0fZE=,0YFFOeM9Xhuay+l4UG4OQ19mGoU=
114,95,uIn7iy/2VEK77cer1dtfHaX0fZE=,0YFFOeM9Xhuay+l4UG4OQ19mGoU=
113,95,uIn7iy/2VEK77cer1dtfHaX0fZE=,0YFFOeM9Xhuay+l4UG4OQ19mGoU=
112,95,uIn7iy/2VEK77cer1dtfHaX0fZE=,0YFFOeM9Xhuay+l4UG4OQ19mGoU=
127,94,uIn7iy/2VEK77cer1dtfHaX0fZE=,0YFFOeM9Xhuay+l4UG4OQ19mGoU=
126,94,uIn7iy/2VEK77cer1dtfHaX0fZE=,0YFFOeM9Xhuay+l4UG4OQ19mGoU=
124,94,uIn7iy/2VEK77cer1dtfHaX0fZE=,0YFFOeM9Xhuay+l4UG4OQ19mGoU=
125,94,uIn7iy/2VEK77cer1dtfHaX0fZE=,0YFFOeM9Xhuay+l4UG4OQ19mGoU=
123,94,uIn7iy/2VEK77cer1dtfHaX0fZE=,0YFFOeM9Xhuay+l4UG4OQ19mGoU=
122,94,uIn7iy/2VEK77cer1dtfHaX0fZE=,0YFFOeM9Xhuay+l4UG4OQ19mGoU=
121,94,uIn7iy/2VEK77cer1dtfHaX0fZE=,0YFFOeM9Xhuay+l4UG4OQ19mGoU=
120,94,uIn7iy/2VEK77cer1dtfHaX0fZE=,0YFFOeM9Xhuay+l4UG4OQ19mGoU=
119,94,uIn7iy/2VEK77cer1dtfHaX0fZE=,0YFFOeM9Xhuay+l4UG4OQ19mGoU=
118,94,uIn7iy/2VEK77cer1dtfHaX0fZE=,0YFFOeM9Xhuay+l4UG4OQ19mGoU=
117,94,uIn7iy/2VEK77cer1dtfHaX0fZE=,0YFFOeM9Xhuay+l4UG4OQ19mGoU=
115,94,uIn7iy/2VEK77cer1dtfHaX0fZE=,0YFFOeM9Xhuay+l4UG4OQ19mGoU=
116,94,uIn7iy/2VEK77cer1dtfHaX0fZE=,0YFFOeM9Xhuay+l4UG4OQ19mGoU=
113,94,uIn7iy/2VEK77cer1dtfHaX0fZE=,0YFFOeM9Xhuay+l4UG4OQ19mGoU=
112,94,uIn7iy/2VEK77cer1dtfHaX0fZE=,0YFFOeM9Xhuay+l4UG4OQ19mGoU=
114,94,uIn7iy/2VEK77cer1dtfHaX0fZE=,0YFFOeM9Xhuay+l4UG4OQ19mGoU=
127,93,uIn7iy/2VEK77cer1dtfHaX0fZE=,0YFFOeM9Xhuay+l4UG4OQ19mGoU=
126,93,uIn7iy/2VEK77cer1dtfHaX0fZE=,0YFFOeM9Xhuay+l4UG4OQ19mGoU=
125,93,uIn7iy/2VEK77cer1dtfHaX0fZE=,0YFFOeM9Xhuay+l4UG4OQ19mGoU=
124,93,uIn7iy/2VEK77cer1dtfHaX0fZE=,0YFFOeM9Xhuay+l4UG4OQ19mGoU=
123,93,uIn7iy/2VEK77cer1dtfHaX0fZE=,0YFFOeM9Xhuay+l4UG4OQ19mGoU=
122,93,uIn7iy/2VEK77cer1dtfHaX0fZE=,0YFFOeM9Xhuay+l4UG4OQ19mGoU=
121,93,uIn7iy/2VEK77cer1dtfHaX0fZE=,0YFFOeM9Xhuay+l4UG4OQ19mGoU=
120,93,uIn7iy/2VEK77cer1dtfHaX0fZE=,0YFFOeM9Xhuay+l4UG4OQ19mGoU=
118,93,uIn7iy/2VEK77cer1dtfHaX0fZE=,0YFFOeM9Xhuay+l4UG4OQ19mGoU=
119,93,uIn7iy/2VEK77cer1dtfHaX0fZE=,0YFFOeM9Xhuay+l4UG4OQ19mGoU=
117,93,uIn7iy/2VEK77cer1dtfHaX0fZE=,0YFFOeM9Xhuay+l4UG4OQ19mGoU=
116,93,uIn7iy/2VEK77cer1dtfHaX0fZE=,0YFFOeM9Xhuay+l4UG4OQ19mGoU=
115,93,uIn7iy/2VEK77cer1dtfHaX0fZE=,0YFFOeM9Xhuay+l4UG4OQ19mGoU=
114,93,uIn7iy/2VEK77cer1dtfHaX0fZE=,0YFFOeM9Xhuay+l4UG4OQ19mGoU=
113,93,uIn7iy/2VEK77cer1dtfHaX0fZE=,0YFFOeM9Xhuay+l4UG4OQ19mGoU=
112,93,uIn7iy/2VEK77cer1dtfHaX0fZE=,0YFFOeM9Xhuay+l4UG4OQ19mGoU=
127,92,uIn7iy/2VEK77cer1dtfHaX0fZE=,0YFFOeM9Xhuay+l4UG4OQ19mGoU=
126,92,uIn7iy/2VEK77cer1dtfHaX0fZE=,0YFFOeM9Xhuay+l4UG4OQ19mGoU=
125,92,uIn7iy/2VEK77cer1dtfHaX0fZE=,0YFFOeM9Xhuay+l4UG4OQ19mGoU=
124,92,uIn7iy/2VEK77cer1dtfHaX0fZE=,0YFFOeM9Xhuay+l4UG4OQ19mGoU=
123,92,uIn7iy/2VEK77cer1dtfHaX0fZE=,0YFFOeM9Xhuay+l4UG4OQ19mGoU=
122,92,uIn7iy/2VEK77cer1dtfHaX0fZE=,0YFFOeM9Xhuay+l4UG4OQ19mGoU=
121,92,uIn7iy/2VEK77cer1dtfHaX0fZE=,0YFFOeM9Xhuay+l4UG4OQ19mGoU=
120,92,uIn7iy/2VEK77cer1dtfHaX0fZE=,0YFFOeM9Xhuay+l4UG4OQ19mGoU=
119,92,uIn7iy/2VEK77cer1dtfHaX0fZE=,0YFFOeM9Xhuay+l4UG4OQ19mGoU=
118,92,uIn7iy/2VEK77cer1dtfHaX0fZE=,0YFFOeM9Xhuay+l4UG4OQ19mGoU=
117,92,uIn7iy/2VEK77cer1dtfHaX0fZE=,0YFFOeM9Xhuay+l4UG4OQ19mGoU=
116,92,uIn7iy/2VEK77cer1dtfHaX0fZE=,0YFFOeM9Xhuay+l4UG4OQ19mGoU=
113,92,uIn7iy/2VEK77cer1dtfHaX0fZE=,0YFFOeM9Xhuay+l4UG4OQ19mGoU=
114,92,uIn7iy/2VEK77cer1dtfHaX0fZE=,0YFFOeM9Xhuay+l4UG4OQ19mGoU=
115,92,uIn7iy/2VEK77cer1dtfHaX0fZE=,0YFFOeM9Xhuay+l4UG4OQ19mGoU=
112,92,uIn7iy/2VEK77cer1dtfHaX0fZE=,0YFFOeM9Xhuay+l4UG4OQ19mGoU=
127,82,uIn7iy/2VEK77cer1dtfHaX0fZE=,0YFFOeM9Xhuay+l4UG4OQ19mGoU=
127,91,uIn7iy/2VEK77cer1dtfHaX0fZE=,0YFFOeM9Xhuay+l4UG4OQ19mGoU=
126,81,uIn7iy/2VEK77cer1dtfHaX0fZE=,0YFFOeM9Xhuay+l4UG4OQ19mGoU=
126,91,uIn7iy/2VEK77cer1dtfHaX0fZE=,0YFFOeM9Xhuay+l4UG4OQ19mGoU=
127,81,uIn7iy/2VEK77cer1dtfHaX0fZE=,0YFFOeM9Xhuay+l4UG4OQ19mGoU=
124,91,uIn7iy/2VEK77cer1dtfHaX0fZE=,0YFFOeM9Xhuay+l4UG4OQ19mGoU=
125,91,uIn7iy/2VEK77cer1dtfHaX0fZE=,0YFFOeM9Xhuay+l4UG4OQ19mGoU=
123,91,uIn7iy/2VEK77cer1dtfHaX0fZE=,0YFFOeM9Xhuay+l4UG4OQ19mGoU=
121,91,uIn7iy/2VEK77cer1dtfHaX0fZE=,0YFFOeM9Xhuay+l4UG4OQ19mGoU=
122,91,uIn7iy/2VEK77cer1dtfHaX0fZE=,0YFFOeM9Xhuay+l4UG4OQ19mGoU=
119,91,uIn7iy/2VEK77cer1dtfHaX0fZE=,0YFFOeM9Xhuay+l4UG4OQ19mGoU=
120,91,uIn7iy/2VEK77cer1dtfHaX0fZE=,0YFFOeM9Xhuay+l4UG4OQ19mGoU=
118,91,uIn7iy/2VEK77cer1dtfHaX0fZE=,0YFFOeM9Xhuay+l4UG4OQ19mGoU=
117,91,uIn7iy/2VEK77cer1dtfHaX0fZE=,0YFFOeM9Xhuay+l4UG4OQ19mGoU=
116,91,uIn7iy/2VEK77cer1dtfHaX0fZE=,0YFFOeM9Xhuay+l4UG4OQ19mGoU=
115,91,uIn7iy/2VEK77cer1dtfHaX0fZE=,0YFFOeM9Xhuay+l4UG4OQ19mGoU=
114,91,uIn7iy/2VEK77cer1dtfHaX0fZE=,0YFFOeM9Xhuay+l4UG4OQ19mGoU=
113,91,uIn7iy/2VEK77cer1dtfHaX0fZE=,0YFFOeM9Xhuay+l4UG4OQ19mGoU=
126,82,uIn7iy/2VEK77cer1dtfHaX0fZE=,0YFFOeM9Xhuay+l4UG4OQ19mGoU=
125,81,uIn7iy/2VEK77cer1dtfHaX0fZE=,0YFFOeM9Xhuay+l4UG4OQ19mGoU=
127,90,uIn7iy/2VEK77cer1dtfHaX0fZE=,0YFFOeM9Xhuay+l4UG4OQ19mGoU=
112,91,uIn7iy/2VEK77cer1dtfHaX0fZE=,0YFFOeM9Xhuay+l4UG4OQ19mGoU=
125,90,uIn7iy/2VEK77cer1dtfHaX0fZE=,0YFFOeM9Xhuay+l4UG4OQ19mGoU=
126,90,uIn7iy/2VEK77cer1dtfHaX0fZE=,0YFFOeM9Xhuay+l4UG4OQ19mGoU=
124,90,uIn7iy/2VEK77cer1dtfHaX0fZE=,0YFFOeM9Xhuay+l4UG4OQ19mGoU=
122,90,uIn7iy/2VEK77cer1dtfHaX0fZE=,0YFFOeM9Xhuay+l4UG4OQ19mGoU=
121,90,uIn7iy/2VEK77cer1dtfHaX0fZE=,0YFFOeM9Xhuay+l4UG4OQ19mGoU=
123,90,uIn7iy/2VEK77cer1dtfHaX0fZE=,0YFFOeM9Xhuay+l4UG4OQ19mGoU=
120,90,uIn7iy/2VEK77cer1dtfHaX0fZE=,0YFFOeM9Xhuay+l4UG4OQ19mGoU=
119,90,uIn7iy/2VEK77cer1dtfHaX0fZE=,0YFFOeM9Xhuay+l4UG4OQ19mGoU=
118,90,uIn7iy/2VEK77cer1dtfHaX0fZE=,0YFFOeM9Xhuay+l4UG4OQ19mGoU=
116,90,uIn7iy/2VEK77cer1dtfHaX0fZE=,0YFFOeM9Xhuay+l4UG4OQ19mGoU=
117,90,uIn7iy/2VEK77cer1dtfHaX0fZE=,0YFFOeM9Xhuay+l4UG4OQ19mGoU=
115,90,uIn7iy/2VEK77cer1dtfHaX0fZE=,0YFFOeM9Xhuay+l4UG4OQ19mGoU=
113,90,uIn7iy/2VEK77cer1dtfHaX0fZE=,0YFFOeM9Xhuay+l4UG4OQ19mGoU=
114,90,uIn7iy/2VEK77cer1dtfHaX0fZE=,0YFFOeM9Xhuay+l4UG4OQ19mGoU=
125,82,uIn7iy/2VEK77cer1dtfHaX0fZE=,0YFFOeM9Xhuay+l4UG4OQ19mGoU=
127,89,uIn7iy/2VEK77cer1dtfHaX0fZE=,0YFFOeM9Xhuay+l4UG4OQ19mGoU=
126,89,uIn7iy/2VEK77cer1dtfHaX0fZE=,0YFFOeM9Xhuay+l4UG4OQ19mGoU=
124,81,uIn7iy/2VEK77cer1dtfHaX0fZE=,0YFFOeM9Xhuay+l4UG4OQ19mGoU=
112,90,uIn7iy/2VEK77cer1dtfHaX0fZE=,0YFFOeM9Xhuay+l4UG4OQ19mGoU=
125,89,uIn7iy/2VEK77cer1dtfHaX0fZE=,0YFFOeM9Xhuay+l4UG4OQ19mGoU=
124,89,uIn7iy/2VEK77cer1dtfHaX0fZE=,0YFFOeM9Xhuay+l4UG4OQ19mGoU=
123,89,uIn7iy/2VEK77cer1dtfHaX0fZE=,0YFFOeM9Xhuay+l4UG4OQ19mGoU=
121,89,uIn7iy/2VEK77cer1dtfHaX0fZE=,0YFFOeM9Xhuay+l4UG4OQ19mGoU=
120,89,uIn7iy/2VEK77cer1dtfHaX0fZE=,0YFFOeM9Xhuay+l4UG4OQ19mGoU=
119,89,uIn7iy/2VEK77cer1dtfHaX0fZE=,0YFFOeM9Xhuay+l4UG4OQ19mGoU=
118,89,uIn7iy/2VEK77cer1dtfHaX0fZE=,0YFFOeM9Xhuay+l4UG4OQ19mGoU=
122,89,uIn7iy/2VEK77cer1dtfHaX0fZE=,0YFFOeM9Xhuay+l4UG4OQ19mGoU=
117,89,uIn7iy/2VEK77cer1dtfHaX0fZE=,0YFFOeM9Xhuay+l4UG4OQ19mGoU=
116,89,uIn7iy/2VEK77cer1dtfHaX0fZE=,0YFFOeM9Xhuay+l4UG4OQ19mGoU=
114,89,uIn7iy/2VEK77cer1dtfHaX0fZE=,0YFFOeM9Xhuay+l4UG4OQ19mGoU=
115,89,uIn7iy/2VEK77cer1dtfHaX0fZE=,0YFFOeM9Xhuay+l4UG4OQ19mGoU=
113,89,uIn7iy/2VEK77cer1dtfHaX0fZE=,0YFFOeM9Xhuay+l4UG4OQ19mGoU=
124,82,uIn7iy/2VEK77cer1dtfHaX0fZE=,0YFFOeM9Xhuay+l4UG4OQ19mGoU=
112,89,uIn7iy/2VEK77cer1dtfHaX0fZE=,0YFFOeM9Xhuay+l4UG4OQ19mGoU=
123,81,uIn7iy/2VEK77cer1dtfHaX0fZE=,0YFFOeM9Xhuay+l4UG4OQ19mGoU=
127,88,uIn7iy/2VEK77cer1dtfHaX0fZE=,0YFFOeM9Xhuay+l4UG4OQ19mGoU=
126,88,uIn7iy/2VEK77cer1dtfHaX0fZE=,0YFFOeM9Xhuay+l4UG4OQ19mGoU=
125,88,uIn7iy/2VEK77cer1dtfHaX0fZE=,0YFFOeM9Xhuay+l4UG4OQ19mGoU=
124,88,uIn7iy/2VEK77cer1dtfHaX0fZE=,0YFFOeM9Xhuay+l4UG4OQ19mGoU=
123,88,uIn7iy/2VEK77cer1dtfHaX0fZE=,0YFFOeM9Xhuay+l4UG4OQ19mGoU=
122,88,uIn7iy/2VEK77cer1dtfHaX0fZE=,0YFFOeM9Xhuay+l4UG4OQ19mGoU=
121,88,uIn7iy/2VEK77cer1dtfHaX0fZE=,0YFFOeM9Xhuay+l4UG4OQ19mGoU=
120,88,uIn7iy/2VEK77cer1dtfHaX0fZE=,0YFFOeM9Xhuay+l4UG4OQ19mGoU=
119,88,uIn7iy/2VEK77cer1dtfHaX0fZE=,0YFFOeM9Xhuay+l4UG4OQ19mGoU=
118,88,uIn7iy/2VEK77cer1dtfHaX0fZE=,0YFFOeM9Xhuay+l4UG4OQ19mGoU=
117,88,uIn7iy/2VEK77cer1dtfHaX0fZE=,0YFFOeM9Xhuay+l4UG4OQ19mGoU=
116,88,uIn7iy/2VEK77cer1dtfHaX0fZE=,0YFFOeM9Xhuay+l4UG4OQ19mGoU=
115,88,uIn7iy/2VEK77cer1dtfHaX0fZE=,0YFFOeM9Xhuay+l4UG4OQ19mGoU=
114,88,uIn7iy/2VEK77cer1dtfHaX0fZE=,0YFFOeM9Xhuay+l4UG4OQ19mGoU=
113,88,uIn7iy/2VEK77cer1dtfHaX0fZE=,0YFFOeM9Xhuay+l4UG4OQ19mGoU=
123,82,uIn7iy/2VEK77cer1dtfHaX0fZE=,0YFFOeM9Xhuay+l4UG4OQ19mGoU=
112,88,uIn7iy/2VEK77cer1dtfHaX0fZE=,0YFFOeM9Xhuay+l4UG4OQ19mGoU=
122,81,uIn7iy/2VEK77cer1dtfHaX0fZE=,0YFFOeM9Xhuay+l4UG4OQ19mGoU=
127,87,uIn7iy/2VEK77cer1dtfHaX0fZE=,0YFFOeM9Xhuay+l4UG4OQ19mGoU=
126,87,uIn7iy/2VEK77cer1dtfHaX0fZE=,0YFFOeM9Xhuay+l4UG4OQ19mGoU=
125,87,uIn7iy/2VEK77cer1dtfHaX0fZE=,0YFFOeM9Xhuay+l4UG4OQ19mGoU=
124,87,uIn7iy/2VEK77cer1dtfHaX0fZE=,0YFFOeM9Xhuay+l4UG4OQ19mGoU=
123,87,uIn7iy/2VEK77cer1dtfHaX0fZE=,0YFFOeM9Xhuay+l4UG4OQ19mGoU=
122,87,uIn7iy/2VEK77cer1dtfHaX0fZE=,0YFFOeM9Xhuay+l4UG4OQ19mGoU=
121,87,uIn7iy/2VEK77cer1dtfHaX0fZE=,0YFFOeM9Xhuay+l4UG4OQ19mGoU=
120,87,uIn7iy/2VEK77cer1dtfHaX0fZE=,0YFFOeM9Xhuay+l4UG4OQ19mGoU=
119,87,uIn7iy/2VEK77cer1dtfHaX0fZE=,0YFFOeM9Xhuay+l4UG4OQ19mGoU=
118,87,uIn7iy/2VEK77cer1dtfHaX0fZE=,0YFFOeM9Xhuay+l4UG4OQ19mGoU=
117,87,uIn7iy/2VEK77cer1dtfHaX0fZE=,0YFFOeM9Xhuay+l4UG4OQ19mGoU=
116,87,uIn7iy/2VEK77cer1dtfHaX0fZE=,0YFFOeM9Xhuay+l4UG4OQ19mGoU=
115,87,uIn7iy/2VEK77cer1dtfHaX0fZE=,0YFFOeM9Xhuay+l4UG4OQ19mGoU=
114,87,uIn7iy/2VEK77cer1dtfHaX0fZE=,0YFFOeM9Xhuay+l4UG4OQ19mGoU=
113,87,uIn7iy/2VEK77cer1dtfHaX0fZE=,0YFFOeM9Xhuay+l4UG4OQ19mGoU=
122,82,uIn7iy/2VEK77cer1dtfHaX0fZE=,0YFFOeM9Xhuay+l4UG4OQ19mGoU=
112,87,uIn7iy/2VEK77cer1dtfHaX0fZE=,0YFFOeM9Xhuay+l4UG4OQ19mGoU=
121,81,uIn7iy/2VEK77cer1dtfHaX0fZE=,0YFFOeM9Xhuay+l4UG4OQ19mGoU=
127,86,uIn7iy/2VEK77cer1dtfHaX0fZE=,0YFFOeM9Xhuay+l4UG4OQ19mGoU=
126,86,uIn7iy/2VEK77cer1dtfHaX0fZE=,0YFFOeM9Xhuay+l4UG4OQ19mGoU=
125,86,uIn7iy/2VEK77cer1dtfHaX0fZE=,0YFFOeM9Xhuay+l4UG4OQ19mGoU=
124,86,uIn7iy/2VEK77cer1dtfHaX0fZE=,0YFFOeM9Xhuay+l4UG4OQ19mGoU=
123,86,uIn7iy/2VEK77cer1dtfHaX0fZE=,0YFFOeM9Xhuay+l4UG4OQ19mGoU=
122,86,uIn7iy/2VEK77cer1dtfHaX0fZE=,0YFFOeM9Xhuay+l4UG4OQ19mGoU=
121,86,uIn7iy/2VEK77cer1dtfHaX0fZE=,0YFFOeM9Xhuay+l4UG4OQ19mGoU=
120,86,uIn7iy/2VEK77cer1dtfHaX0fZE=,0YFFOeM9Xhuay+l4UG4OQ19mGoU=
118,86,uIn7iy/2VEK77cer1dtfHaX0fZE=,0YFFOeM9Xhuay+l4UG4OQ19mGoU=
119,86,uIn7iy/2VEK77cer1dtfHaX0fZE=,0YFFOeM9Xhuay+l4UG4OQ19mGoU=
117,86,uIn7iy/2VEK77cer1dtfHaX0fZE=,0YFFOeM9Xhuay+l4UG4OQ19mGoU=
116,86,uIn7iy/2VEK77cer1dtfHaX0fZE=,0YFFOeM9Xhuay+l4UG4OQ19mGoU=
115,86,uIn7iy/2VEK77cer1dtfHaX0fZE=,0YFFOeM9Xhuay+l4UG4OQ19mGoU=
113,86,uIn7iy/2VEK77cer1dtfHaX0fZE=,0YFFOeM9Xhuay+l4UG4OQ19mGoU=
121,82,uIn7iy/2VEK77cer1dtfHaX0fZE=,0YFFOeM9Xhuay+l4UG4OQ19mGoU=
112,86,uIn7iy/2VEK77cer1dtfHaX0fZE=,0YFFOeM9Xhuay+l4UG4OQ19mGoU=
120,81,uIn7iy/2VEK77cer1dtfHaX0fZE=,0YFFOeM9Xhuay+l4UG4OQ19mGoU=
127,85,uIn7iy/2VEK77cer1dtfHaX0fZE=,0YFFOeM9Xhuay+l4UG4OQ19mGoU=
126,85,uIn7iy/2VEK77cer1dtfHaX0fZE=,0YFFOeM9Xhuay+l4UG4OQ19mGoU=
125,85,uIn7iy/2VEK77cer1dtfHaX0fZE=,0YFFOeM9Xhuay+l4UG4OQ19mGoU=
124,85,uIn7iy/2VEK77cer1dtfHaX0fZE=,0YFFOeM9Xhuay+l4UG4OQ19mGoU=
123,85,uIn7iy/2VEK77cer1dtfHaX0fZE=,0YFFOeM9Xhuay+l4UG4OQ19mGoU=
122,85,uIn7iy/2VEK77cer1dtfHaX0fZE=,0YFFOeM9Xhuay+l4UG4OQ19mGoU=
120,85,uIn7iy/2VEK77cer1dtfHaX0fZE=,0YFFOeM9Xhuay+l4UG4OQ19mGoU=
119,85,uIn7iy/2VEK77cer1dtfHaX0fZE=,0YFFOeM9Xhuay+l4UG4OQ19mGoU=
121,85,uIn7iy/2VEK77cer1dtfHaX0fZE=,0YFFOeM9Xhuay+l4UG4OQ19mGoU=
118,85,uIn7iy/2VEK77cer1dtfHaX0fZE=,0YFFOeM9Xhuay+l4UG4OQ19mGoU=
117,85,uIn7iy/2VEK77cer1dtfHaX0fZE=,0YFFOeM9Xhuay+l4UG4OQ19mGoU=
116,85,uIn7iy/2VEK77cer1dtfHaX0fZE=,0YFFOeM9Xhuay+l4UG4OQ19mGoU=
115,85,uIn7iy/2VEK77cer1dtfHaX0fZE=,0YFFOeM9Xhuay+l4UG4OQ19mGoU=
120,82,uIn7iy/2VEK77cer1dtfHaX0fZE=,0YFFOeM9Xhuay+l4UG4OQ19mGoU=
119,81,uIn7iy/2VEK77cer1dtfHaX0fZE=,0YFFOeM9Xhuay+l4UG4OQ19mGoU=
127,84,uIn7iy/2VEK77cer1dtfHaX0fZE=,0YFFOeM9Xhuay+l4UG4OQ19mGoU=
126,84,uIn7iy/2VEK77cer1dtfHaX0fZE=,0YFFOeM9Xhuay+l4UG4OQ19mGoU=
125,84,uIn7iy/2VEK77cer1dtfHaX0fZE=,0YFFOeM9Xhuay+l4UG4OQ19mGoU=
124,84,uIn7iy/2VEK77cer1dtfHaX0fZE=,0YFFOeM9Xhuay+l4UG4OQ19mGoU=
123,84,uIn7iy/2VEK77cer1dtfHaX0fZE=,0YFFOeM9Xhuay+l4UG4OQ19mGoU=
122,84,uIn7iy/2VEK77cer1dtfHaX0fZE=,0YFFOeM9Xhuay+l4UG4OQ19mGoU=
120,84,uIn7iy/2VEK77cer1dtfHaX0fZE=,0YFFOeM9Xhuay+l4UG4OQ19mGoU=
121,84,uIn7iy/2VEK77cer1dtfHaX0fZE=,0YFFOeM9Xhuay+l4UG4OQ19mGoU=
119,84,uIn7iy/2VEK77cer1dtfHaX0fZE=,0YFFOeM9Xhuay+l4UG4OQ19mGoU=
118,84,uIn7iy/2VEK77cer1dtfHaX0fZE=,0YFFOeM9Xhuay+l4UG4OQ19mGoU=
117,84,uIn7iy/2VEK77cer1dtfHaX0fZE=,0YFFOeM9Xhuay+l4UG4OQ19mGoU=
112,84,uIn7iy/2VEK77cer1dtfHaX0fZE=,0YFFOeM9Xhuay+l4UG4OQ19mGoU=
127,83,uIn7iy/2VEK77cer1dtfHaX0fZE=,0YFFOeM9Xhuay+l4UG4OQ19mGoU=
119,82,uIn7iy/2VEK77cer1dtfHaX0fZE=,0YFFOeM9Xhuay+l4UG4OQ19mGoU=
126,83,uIn7iy/2VEK77cer1dtfHaX0fZE=,0YFFOeM9Xhuay+l4UG4OQ19mGoU=
125,83,uIn7iy/2VEK77cer1dtfHaX0fZE=,0YFFOeM9Xhuay+l4UG4OQ19mGoU=
124,83,uIn7iy/2VEK77cer1dtfHaX0fZE=,0YFFOeM9Xhuay+l4UG4OQ19mGoU=
123,83,uIn7iy/2VEK77cer1dtfHaX0fZE=,0YFFOeM9Xhuay+l4UG4OQ19mGoU=
122,83,uIn7iy/2VEK77cer1dtfHaX0fZE=,0YFFOeM9Xhuay+l4UG4OQ19mGoU=
121,83,uIn7iy/2VEK77cer1dtfHaX0fZE=,0YFFOeM9Xhuay+l4UG4OQ19mGoU=
120,83,uIn7iy/2VEK77cer1dtfHaX0fZE=,0YFFOeM9Xhuay+l4UG4OQ19mGoU=
118,80,uIn7iy/2VEK77cer1dtfHaX0fZE=,0YFFOeM9Xhuay+l4UG4OQ19mGoU=
119,80,uIn7iy/2VEK77cer1dtfHaX0fZE=,0YFFOeM9Xhuay+l4UG4OQ19mGoU=
120,80,uIn7iy/2VEK77cer1dtfHaX0fZE=,0YFFOeM9Xhuay+l4UG4OQ19mGoU=
121,80,uIn7iy/2VEK77cer1dtfHaX0fZE=,0YFFOeM9Xhuay+l4UG4OQ19mGoU=
122,80,uIn7iy/2VEK77cer1dtfHaX0fZE=,0YFFOeM9Xhuay+l4UG4OQ19mGoU=
123,80,uIn7iy/2VEK77cer1dtfHaX0fZE=,0YFFOeM9Xhuay+l4UG4OQ19mGoU=
124,80,uIn7iy/2VEK77cer1dtfHaX0fZE=,0YFFOeM9Xhuay+l4UG4OQ19mGoU=
127,80,uIn7iy/2VEK77cer1dtfHaX0fZE=,0YFFOeM9Xhuay+l4UG4OQ19mGoU=
125,80,uIn7iy/2VEK77cer1dtfHaX0fZE=,0YFFOeM9Xhuay+l4UG4OQ19mGoU=
126,80,uIn7iy/2VEK77cer1dtfHaX0fZE=,0YFFOeM9Xhuay+l4UG4OQ19mGoU=
118,82,uIn7iy/2VEK77cer1dtfHaX0fZE=,0YFFOeM9Xhuay+l4UG4OQ19mGoU=
116,83,uIn7iy/2VEK77cer1dtfHaX0fZE=,0YFFOeM9Xhuay+l4UG4OQ19mGoU=
115,83,uIn7iy/2VEK77cer1dtfHaX0fZE=,0YFFOeM9Xhuay+l4UG4OQ19mGoU=
114,83,uIn7iy/2VEK77cer1dtfHaX0fZE=,0YFFOeM9Xhuay+l4UG4OQ19mGoU=
116,82,uIn7iy/2VEK77cer1dtfHaX0fZE=,0YFFOeM9Xhuay+l4UG4OQ19mGoU=
112,83,uIn7iy/2VEK77cer1dtfHaX0fZE=,0YFFOeM9Xhuay+l4UG4OQ19mGoU=
114,86,uIn7iy/2VEK77cer1dtfHaX0fZE=,0YFFOeM9Xhuay+l4UG4OQ19mGoU=
114,85,uIn7iy/2VEK77cer1dtfHaX0fZE=,0YFFOeM9Xhuay+l4UG4OQ19mGoU=
115,82,uIn7iy/2VEK77cer1dtfHaX0fZE=,0YFFOeM9Xhuay+l4UG4OQ19mGoU=
116,84,uIn7iy/2VEK77cer1dtfHaX0fZE=,0YFFOeM9Xhuay+l4UG4OQ19mGoU=
112,80,uIn7iy/2VEK77cer1dtfHaX0fZE=,0YFFOeM9Xhuay+l4UG4OQ19mGoU=
113,85,uIn7iy/2VEK77cer1dtfHaX0fZE=,0YFFOeM9Xhuay+l4UG4OQ19mGoU=
112,85,uIn7iy/2VEK77cer1dtfHaX0fZE=,0YFFOeM9Xhuay+l4UG4OQ19mGoU=
118,81,uIn7iy/2VEK77cer1dtfHaX0fZE=,0YFFOeM9Xhuay+l4UG4OQ19mGoU=
115,84,uIn7iy/2VEK77cer1dtfHaX0fZE=,0YFFOeM9Xhuay+l4UG4OQ19mGoU=
114,82,uIn7iy/2VEK77cer1dtfHaX0fZE=,0YFFOeM9Xhuay+l4UG4OQ19mGoU=
117,81,uIn7iy/2VEK77cer1dtfHaX0fZE=,0YFFOeM9Xhuay+l4UG4OQ19mGoU=
113,81,uIn7iy/2VEK77cer1dtfHaX0fZE=,0YFFOeM9Xhuay+l4UG4OQ19mGoU=
114,84,uIn7iy/2VEK77cer1dtfHaX0fZE=,0YFFOeM9Xhuay+l4UG4OQ19mGoU=
113,83,uIn7iy/2VEK77cer1dtfHaX0fZE=,0YFFOeM9Xhuay+l4UG4OQ19mGoU=
117,80,uIn7iy/2VEK77cer1dtfHaX0fZE=,0YFFOeM9Xhuay+l4UG4OQ19mGoU=
114,80,uIn7iy/2VEK77cer1dtfHaX0fZE=,0YFFOeM9Xhuay+l4UG4OQ19mGoU=
113,84,uIn7iy/2VEK77cer1dtfHaX0fZE=,0YFFOeM9Xhuay+l4UG4OQ19mGoU=
112,82,uIn7iy/2VEK77cer1dtfHaX0fZE=,0YFFOeM9Xhuay+l4UG4OQ19mGoU=
116,81,uIn7iy/2VEK77cer1dtfHaX0fZE=,0YFFOeM9Xhuay+l4UG4OQ19mGoU=
115,81,uIn7iy/2VEK77cer1dtfHaX0fZE=,0YFFOeM9Xhuay+l4UG4OQ19mGoU=
113,82,uIn7iy/2VEK77cer1dtfHaX0fZE=,0YFFOeM9Xhuay+l4UG4OQ19mGoU=
114,81,uIn7iy/2VEK77cer1dtfHaX0fZE=,0YFFOeM9Xhuay+l4UG4OQ19mGoU=
115,80,uIn7iy/2VEK77cer1dtfHaX0fZE=,0YFFOeM9Xhuay+l4UG4OQ19mGoU=
112,81,uIn7iy/2VEK77cer1dtfHaX0fZE=,0YFFOeM9Xhuay+l4UG4OQ19mGoU=
116,80,uIn7iy/2VEK77cer1dtfHaX0fZE=,0YFFOeM9Xhuay+l4UG4OQ19mGoU=
113,80,uIn7iy/2VEK77cer1dtfHaX0fZE=,0YFFOeM9Xhuay+l4UG4OQ19mGoU=
124,67,s0kjeThV5kMQQAd++K9La40J4kU=,TWn7egpuMHohM8hiB0/VKz8cd3Q=
127,79,uIn7iy/2VEK77cer1dtfHaX0fZE=,TWn7egpuMHohM8hiB0/VKz8cd3Q=
126,79,uIn7iy/2VEK77cer1dtfHaX0fZE=,TWn7egpuMHohM8hiB0/VKz8cd3Q=
124,79,uIn7iy/2VEK77cer1dtfHaX0fZE=,TWn7egpuMHohM8hiB0/VKz8cd3Q=
125,79,uIn7iy/2VEK77cer1dtfHaX0fZE=,TWn7egpuMHohM8hiB0/VKz8cd3Q=
123,79,uIn7iy/2VEK77cer1dtfHaX0fZE=,TWn7egpuMHohM8hiB0/VKz8cd3Q=
122,79,uIn7iy/2VEK77cer1dtfHaX0fZE=,TWn7egpuMHohM8hiB0/VKz8cd3Q=
120,67,uIn7iy/2VEK77cer1dtfHaX0fZE=,TWn7egpuMHohM8hiB0/VKz8cd3Q=
125,67,s0kjeThV5kMQQAd++K9La40J4kU=,TWn7egpuMHohM8hiB0/VKz8cd3Q=
118,66,uIn7iy/2VEK77cer1dtfHaX0fZE=,TWn7egpuMHohM8hiB0/VKz8cd3Q=
118,67,uIn7iy/2VEK77cer1dtfHaX0fZE=,TWn7egpuMHohM8hiB0/VKz8cd3Q=
119,67,uIn7iy/2VEK77cer1dtfHaX0fZE=,TWn7egpuMHohM8hiB0/VKz8cd3Q=
126,67,s0kjeThV5kMQQAd++K9La40J4kU=,TWn7egpuMHohM8hiB0/VKz8cd3Q=
117,64,uIn7iy/2VEK77cer1dtfHaX0fZE=,TWn7egpuMHohM8hiB0/VKz8cd3Q=
121,79,uIn7iy/2VEK77cer1dtfHaX0fZE=,TWn7egpuMHohM8hiB0/VKz8cd3Q=
120,79,uIn7iy/2VEK77cer1dtfHaX0fZE=,TWn7egpuMHohM8hiB0/VKz8cd3Q=
119,79,uIn7iy/2VEK77cer1dtfHaX0fZE=,TWn7egpuMHohM8hiB0/VKz8cd3Q=
118,79,uIn7iy/2VEK77cer1dtfHaX0fZE=,TWn7egpuMHohM8hiB0/VKz8cd3Q=
117,65,uIn7iy/2VEK77cer1dtfHaX0fZE=,TWn7egpuMHohM8hiB0/VKz8cd3Q=
114,67,uIn7iy/2VEK77cer1dtfHaX0fZE=,TWn7egpuMHohM8hiB0/VKz8cd3Q=
117,66,uIn7iy/2VEK77cer1dtfHaX0fZE=,TWn7egpuMHohM8hiB0/VKz8cd3Q=
123,67,s0kjeThV5kMQQAd++K9La40J4kU=,TWn7egpuMHohM8hiB0/VKz8cd3Q=
116,79,uIn7iy/2VEK77cer1dtfHaX0fZE=,TWn7egpuMHohM8hiB0/VKz8cd3Q=
115,64,uIn7iy/2VEK77cer1dtfHaX0fZE=,TWn7egpuMHohM8hiB0/VKz8cd3Q=
118,65,s0kjeThV5kMQQAd++K9La40J4kU=,TWn7egpuMHohM8hiB0/VKz8cd3Q=
115,67,uIn7iy/2VEK77cer1dtfHaX0fZE=,TWn7egpuMHohM8hiB0/VKz8cd3Q=
113,64,uIn7iy/2VEK77cer1dtfHaX0fZE=,TWn7egpuMHohM8hiB0/VKz8cd3Q=
116,66,uIn7iy/2VEK77cer1dtfHaX0fZE=,TWn7egpuMHohM8hiB0/VKz8cd3Q=
127,78,uIn7iy/2VEK77cer1dtfHaX0fZE=,TWn7egpuMHohM8hiB0/VKz8cd3Q=
126,78,uIn7iy/2VEK77cer1dtfHaX0fZE=,TWn7egpuMHohM8hiB0/VKz8cd3Q=
125,78,uIn7iy/2VEK77cer1dtfHaX0fZE=,TWn7egpuMHohM8hiB0/VKz8cd3Q=
124,78,uIn7iy/2VEK77cer1dtfHaX0fZE=,TWn7egpuMHohM8hiB0/VKz8cd3Q=
123,78,uIn7iy/2VEK77cer1dtfHaX0fZE=,TWn7egpuMHohM8hiB0/VKz8cd3Q=
122,78,uIn7iy/2VEK77cer1dtfHaX0fZE=,TWn7egpuMHohM8hiB0/VKz8cd3Q=
116,65,uIn7iy/2VEK77cer1dtfHaX0fZE=,TWn7egpuMHohM8hiB0/VKz8cd3Q=
112,79,uIn7iy/2VEK77cer1dtfHaX0fZE=,TWn7egpuMHohM8hiB0/VKz8cd3Q=
119,78,uIn7iy/2VEK77cer1dtfHaX0fZE=,TWn7egpuMHohM8hiB0/VKz8cd3Q=
121,78,uIn7iy/2VEK77cer1dtfHaX0fZE=,TWn7egpuMHohM8hiB0/VKz8cd3Q=
117,67,uIn7iy/2VEK77cer1dtfHaX0fZE=,TWn7egpuMHohM8hiB0/VKz8cd3Q=
127,67,s0kjeThV5kMQQAd++K9La40J4kU=,TWn7egpuMHohM8hiB0/VKz8cd3Q=
112,68,s0kjeThV5kMQQAd++K9La40J4kU=,TWn7egpuMHohM8hiB0/VKz8cd3Q=
113,67,uIn7iy/2VEK77cer1dtfHaX0fZE=,TWn7egpuMHohM8hiB0/VKz8cd3Q=
116,67,uIn7iy/2VEK77cer1dtfHaX0fZE=,TWn7egpuMHohM8hiB0/VKz8cd3Q=
120,78,uIn7iy/2VEK77cer1dtfHaX0fZE=,TWn7egpuMHohM8hiB0/VKz8cd3Q=
114,78,uIn7iy/2VEK77cer1dtfHaX0fZE=,TWn7egpuMHohM8hiB0/VKz8cd3Q=
117,79,uIn7iy/2VEK77cer1dtfHaX0fZE=,TWn7egpuMHohM8hiB0/VKz8cd3Q=
122,67,s0kjeThV5kMQQAd++K9La40J4kU=,TWn7egpuMHohM8hiB0/VKz8cd3Q=
113,78,uIn7iy/2VEK77cer1dtfHaX0fZE=,TWn7egpuMHohM8hiB0/VKz8cd3Q=
127,77,uIn7iy/2VEK77cer1dtfHaX0fZE=,TWn7egpuMHohM8hiB0/VKz8cd3Q=
126,77,uIn7iy/2VEK77cer1dtfHaX0fZE=,TWn7egpuMHohM8hiB0/VKz8cd3Q=
125,77,uIn7iy/2VEK77cer1dtfHaX0fZE=,TWn7egpuMHohM8hiB0/VKz8cd3Q=
124,77,uIn7iy/2VEK77cer1dtfHaX0fZE=,TWn7egpuMHohM8hiB0/VKz8cd3Q=
114,79,uIn7iy/2VEK77cer1dtfHaX0fZE=,TWn7egpuMHohM8hiB0/VKz8cd3Q=
115,66,uIn7iy/2VEK77cer1dtfHaX0fZE=,TWn7egpuMHohM8hiB0/VKz8cd3Q=
118,64,s0kjeThV5kMQQAd++K9La40J4kU=,TWn7egpuMHohM8hiB0/VKz8cd3Q=
119,66,s0kjeThV5kMQQAd++K9La40J4kU=,TWn7egpuMHohM8hiB0/VKz8cd3Q=
115,79,uIn7iy/2VEK77cer1dtfHaX0fZE=,TWn7egpuMHohM8hiB0/VKz8cd3Q=
121,67,uIn7iy/2VEK77cer1dtfHaX0fZE=,TWn7egpuMHohM8hiB0/VKz8cd3Q=
119,77,uIn7iy/2VEK77cer1dtfHaX0fZE=,TWn7egpuMHohM8hiB0/VKz8cd3Q=
118,77,uIn7iy/2VEK77cer1dtfHaX0fZE=,TWn7egpuMHohM8hiB0/VKz8cd3Q=
113,79,uIn7iy/2VEK77cer1dtfHaX0fZE=,TWn7egpuMHohM8hiB0/VKz8cd3Q=
123,77,uIn7iy/2VEK77cer1dtfHaX0fZE=,TWn7egpuMHohM8hiB0/VKz8cd3Q=
116,78,uIn7iy/2VEK77cer1dtfHaX0fZE=,TWn7egpuMHohM8hiB0/VKz8cd3Q=
122,77,uIn7iy/2VEK77cer1dtfHaX0fZE=,TWn7egpuMHohM8hiB0/VKz8cd3Q=
115,65,uIn7iy/2VEK77cer1dtfHaX0fZE=,TWn7egpuMHohM8hiB0/VKz8cd3Q=
113,68,s0kjeThV5kMQQAd++K9La40J4kU=,TWn7egpuMHohM8hiB0/VKz8cd3Q=
112,78,uIn7iy/2VEK77cer1dtfHaX0fZE=,TWn7egpuMHohM8hiB0/VKz8cd3Q=
114,66,uIn7iy/2VEK77cer1dtfHaX0fZE=,TWn7egpuMHohM8hiB0/VKz8cd3Q=
127,76,uIn7iy/2VEK77cer1dtfHaX0fZE=,TWn7egpuMHohM8hiB0/VKz8cd3Q=
126,76,uIn7iy/2VEK77cer1dtfHaX0fZE=,TWn7egpuMHohM8hiB0/VKz8cd3Q=
116,64,uIn7iy/2VEK77cer1dtfHaX0fZE=,TWn7egpuMHohM8hiB0/VKz8cd3Q=
120,77,uIn7iy/2VEK77cer1dtfHaX0fZE=,TWn7egpuMHohM8hiB0/VKz8cd3Q=
118,78,uIn7iy/2VEK77cer1dtfHaX0fZE=,TWn7egpuMHohM8hiB0/VKz8cd3Q=
121,77,uIn7iy/2VEK77cer1dtfHaX0fZE=,TWn7egpuMHohM8hiB0/VKz8cd3Q=
114,68,s0kjeThV5kMQQAd++K9La40J4kU=,TWn7egpuMHohM8hiB0/VKz8cd3Q=
117,78,uIn7iy/2VEK77cer1dtfHaX0fZE=,TWn7egpuMHohM8hiB0/VKz8cd3Q=
115,78,uIn7iy/2VEK77cer1dtfHaX0fZE=,TWn7egpuMHohM8hiB0/VKz8cd3Q=
114,77,uIn7iy/2VEK77cer1dtfHaX0fZE=,TWn7egpuMHohM8hiB0/VKz8cd3Q=
125,76,uIn7iy/2VEK77cer1dtfHaX0fZE=,TWn7egpuMHohM8hiB0/VKz8cd3Q=
117,77,uIn7iy/2VEK77cer1dtfHaX0fZE=,TWn7egpuMHohM8hiB0/VKz8cd3Q=
113,66,uIn7iy/2VEK77cer1dtfHaX0fZE=,TWn7egpuMHohM8hiB0/VKz8cd3Q=
112,77,uIn7iy/2VEK77cer1dtfHaX0fZE=,TWn7egpuMHohM8hiB0/VKz8cd3Q=
116,77,uIn7iy/2VEK77cer1dtfHaX0fZE=,TWn7egpuMHohM8hiB0/VKz8cd3Q=
115,77,uIn7iy/2VEK77cer1dtfHaX0fZE=,TWn7egpuMHohM8hiB0/VKz8cd3Q=
114,76,uIn7iy/2VEK77cer1dtfHaX0fZE=,TWn7egpuMHohM8hiB0/VKz8cd3Q=
116,76,uIn7iy/2VEK77cer1dtfHaX0fZE=,TWn7egpuMHohM8hiB0/VKz8cd3Q=
115,76,uIn7iy/2VEK77cer1dtfHaX0fZE=,TWn7egpuMHohM8hiB0/VKz8cd3Q=
114,65,uIn7iy/2VEK77cer1dtfHaX0fZE=,TWn7egpuMHohM8hiB0/VKz8cd3Q=
127,64,uIn7iy/2VEK77cer1dtfHaX0fZE=,TWn7egpuMHohM8hiB0/VKz8cd3Q=
124,76,uIn7iy/2VEK77cer1dtfHaX0fZE=,TWn7egpuMHohM8hiB0/VKz8cd3Q=
118,76,uIn7iy/2VEK77cer1dtfHaX0fZE=,TWn7egpuMHohM8hiB0/VKz8cd3Q=
115,68,s0kjeThV5kMQQAd++K9La40J4kU=,TWn7egpuMHohM8hiB0/VKz8cd3Q=
112,67,uIn7iy/2VEK77cer1dtfHaX0fZE=,TWn7egpuMHohM8hiB0/VKz8cd3Q=
122,76,uIn7iy/2VEK77cer1dtfHaX0fZE=,TWn7egpuMHohM8hiB0/VKz8cd3Q=
113,77,uIn7iy/2VEK77cer1dtfHaX0fZE=,TWn7egpuMHohM8hiB0/VKz8cd3Q=
120,76,uIn7iy/2VEK77cer1dtfHaX0fZE=,TWn7egpuMHohM8hiB0/VKz8cd3Q=
127,75,uIn7iy/2VEK77cer1dtfHaX0fZE=,TWn7egpuMHohM8hiB0/VKz8cd3Q=
119,76,uIn7iy/2VEK77cer1dtfHaX0fZE=,TWn7egpuMHohM8hiB0/VKz8cd3Q=
113,65,uIn7iy/2VEK77cer1dtfHaX0fZE=,TWn7egpuMHohM8hiB0/VKz8cd3Q=
126,75,uIn7iy/2VEK77cer1dtfHaX0fZE=,TWn7egpuMHohM8hiB0/VKz8cd3Q=
123,76,s0kjeThV5kMQQAd++K9La40J4kU=,TWn7egpuMHohM8hiB0/VKz8cd3Q=
112,66,uIn7iy/2VEK77cer1dtfHaX0fZE=,TWn7egpuMHohM8hiB0/VKz8cd3Q=
112,76,uIn7iy/2VEK77cer1dtfHaX0fZE=,TWn7egpuMHohM8hiB0/VKz8cd3Q=
117,76,uIn7iy/2VEK77cer1dtfHaX0fZE=,TWn7egpuMHohM8hiB0/VKz8cd3Q=
112,64,s0kjeThV5kMQQAd++K9La40J4kU=,TWn7egpuMHohM8hiB0/VKz8cd3Q=
121,76,uIn7iy/2VEK77cer1dtfHaX0fZE=,TWn7egpuMHohM8hiB0/VKz8cd3Q=
116,68,s0kjeThV5kMQQAd++K9La40J4kU=,TWn7egpuMHohM8hiB0/VKz8cd3Q=
125,75,uIn7iy/2VEK77cer1dtfHaX0fZE=,TWn7egpuMHohM8hiB0/VKz8cd3Q=
113,76,uIn7iy/2VEK77cer1dtfHaX0fZE=,TWn7egpuMHohM8hiB0/VKz8cd3Q=
112,65,s0kjeThV5kMQQAd++K9La40J4kU=,TWn7egpuMHohM8hiB0/VKz8cd3Q=
116,75,s0kjeThV5kMQQAd++K9La40J4kU=,TWn7egpuMHohM8hiB0/VKz8cd3Q=
115,75,s0kjeThV5kMQQAd++K9La40J4kU=,TWn7egpuMHohM8hiB0/VKz8cd3Q=
114,75,s0kjeThV5kMQQAd++K9La40J4kU=,TWn7egpuMHohM8hiB0/VKz8cd3Q=
114,64,uIn7iy/2VEK77cer1dtfHaX0fZE=,TWn7egpuMHohM8hiB0/VKz8cd3Q=
121,75,s0kjeThV5kMQQAd++K9La40J4kU=,TWn7egpuMHohM8hiB0/VKz8cd3Q=
119,75,s0kjeThV5kMQQAd++K9La40J4kU=,TWn7egpuMHohM8hiB0/VKz8cd3Q=
118,75,s0kjeThV5kMQQAd++K9La40J4kU=,TWn7egpuMHohM8hiB0/VKz8cd3Q=
120,75,s0kjeThV5kMQQAd++K9La40J4kU=,TWn7egpuMHohM8hiB0/VKz8cd3Q=
124,75,s0kjeThV5kMQQAd++K9La40J4kU=,TWn7egpuMHohM8hiB0/VKz8cd3Q=
125,74,s0kjeThV5kMQQAd++K9La40J4kU=,TWn7egpuMHohM8hiB0/VKz8cd3Q=
126,64,s0kjeThV5kMQQAd++K9La40J4kU=,TWn7egpuMHohM8hiB0/VKz8cd3Q=
126,65,s0kjeThV5kMQQAd++K9La40J4kU=,TWn7egpuMHohM8hiB0/VKz8cd3Q=
123,75,s0kjeThV5kMQQAd++K9La40J4kU=,TWn7egpuMHohM8hiB0/VKz8cd3Q=
127,66,s0kjeThV5kMQQAd++K9La40J4kU=,TWn7egpuMHohM8hiB0/VKz8cd3Q=
126,74,s0kjeThV5kMQQAd++K9La40J4kU=,TWn7egpuMHohM8hiB0/VKz8cd3Q=
117,68,s0kjeThV5kMQQAd++K9La40J4kU=,TWn7egpuMHohM8hiB0/VKz8cd3Q=
113,75,s0kjeThV5kMQQAd++K9La40J4kU=,TWn7egpuMHohM8hiB0/VKz8cd3Q=
119,74,s0kjeThV5kMQQAd++K9La40J4kU=,TWn7egpuMHohM8hiB0/VKz8cd3Q=
125,64,s0kjeThV5kMQQAd++K9La40J4kU=,TWn7egpuMHohM8hiB0/VKz8cd3Q=
127,74,s0kjeThV5kMQQAd++K9La40J4kU=,TWn7egpuMHohM8hiB0/VKz8cd3Q=
117,75,s0kjeThV5kMQQAd++K9La40J4kU=,TWn7egpuMHohM8hiB0/VKz8cd3Q=
125,65,s0kjeThV5kMQQAd++K9La40J4kU=,TWn7egpuMHohM8hiB0/VKz8cd3Q=
114,74,s0kjeThV5kMQQAd++K9La40J4kU=,TWn7egpuMHohM8hiB0/VKz8cd3Q=
123,74,s0kjeThV5kMQQAd++K9La40J4kU=,TWn7egpuMHohM8hiB0/VKz8cd3Q=
122,75,s0kjeThV5kMQQAd++K9La40J4kU=,TWn7egpuMHohM8hiB0/VKz8cd3Q=
120,74,s0kjeThV5kMQQAd++K9La40J4kU=,TWn7egpuMHohM8hiB0/VKz8cd3Q=
115,74,s0kjeThV5kMQQAd++K9La40J4kU=,TWn7egpuMHohM8hiB0/VKz8cd3Q=
116,74,s0kjeThV5kMQQAd++K9La40J4kU=,TWn7egpuMHohM8hiB0/VKz8cd3Q=
127,73,s0kjeThV5kMQQAd++K9La40J4kU=,TWn7egpuMHohM8hiB0/VKz8cd3Q=
125,73,s0kjeThV5kMQQAd++K9La40J4kU=,TWn7egpuMHohM8hiB0/VKz8cd3Q=
126,66,s0kjeThV5kMQQAd++K9La40J4kU=,TWn7egpuMHohM8hiB0/VKz8cd3Q=
126,73,s0kjeThV5kMQQAd++K9La40J4kU=,TWn7egpuMHohM8hiB0/VKz8cd3Q=
121,74,s0kjeThV5kMQQAd++K9La40J4kU=,TWn7egpuMHohM8hiB0/VKz8cd3Q=
125,66,s0kjeThV5kMQQAd++K9La40J4kU=,TWn7egpuMHohM8hiB0/VKz8cd3Q=
112,75,s0kjeThV5kMQQAd++K9La40J4kU=,TWn7egpuMHohM8hiB0/VKz8cd3Q=
118,68,s0kjeThV5kMQQAd++K9La40J4kU=,TWn7egpuMHohM8hiB0/VKz8cd3Q=
123,73,s0kjeThV5kMQQAd++K9La40J4kU=,TWn7egpuMHohM8hiB0/VKz8cd3Q=
127,65,s0kjeThV5kMQQAd++K9La40J4kU=,TWn7egpuMHohM8hiB0/VKz8cd3Q=
122,74,s0kjeThV5kMQQAd++K9La40J4kU=,TWn7egpuMHohM8hiB0/VKz8cd3Q=
120,73,s0kjeThV5kMQQAd++K9La40J4kU=,TWn7egpuMHohM8hiB0/VKz8cd3Q=
124,73,s0kjeThV5kMQQAd++K9La40J4kU=,TWn7egpuMHohM8hiB0/VKz8cd3Q=
115,73,s0kjeThV5kMQQAd++K9La40J4kU=,TWn7egpuMHohM8hiB0/VKz8cd3Q=
114,73,s0kjeThV5kMQQAd++K9La40J4kU=,TWn7egpuMHohM8hiB0/VKz8cd3Q=
113,74,s0kjeThV5kMQQAd++K9La40J4kU=,TWn7egpuMHohM8hiB0/VKz8cd3Q=
124,74,s0kjeThV5kMQQAd++K9La40J4kU=,TWn7egpuMHohM8hiB0/VKz8cd3Q=
121,73,s0kjeThV5kMQQAd++K9La40J4kU=,TWn7egpuMHohM8hiB0/VKz8cd3Q=
119,73,s0kjeThV5kMQQAd++K9La40J4kU=,TWn7egpuMHohM8hiB0/VKz8cd3Q=
116,73,s0kjeThV5kMQQAd++K9La40J4kU=,TWn7egpuMHohM8hiB0/VKz8cd3Q=
122,73,s0kjeThV5kMQQAd++K9La40J4kU=,TWn7egpuMHohM8hiB0/VKz8cd3Q=
126,72,s0kjeThV5kMQQAd++K9La40J4kU=,TWn7egpuMHohM8hiB0/VKz8cd3Q=
117,74,s0kjeThV5kMQQAd++K9La40J4kU=,TWn7egpuMHohM8hiB0/VKz8cd3Q=
124,72,s0kjeThV5kMQQAd++K9La40J4kU=,TWn7egpuMHohM8hiB0/VKz8cd3Q=
123,72,s0kjeThV5kMQQAd++K9La40J4kU=,TWn7egpuMHohM8hiB0/VKz8cd3Q=
127,72,s0kjeThV5kMQQAd++K9La40J4kU=,TWn7egpuMHohM8hiB0/VKz8cd3Q=
121,72,s0kjeThV5kMQQAd++K9La40J4kU=,TWn7egpuMHohM8hiB0/VKz8cd3Q=
118,74,s0kjeThV5kMQQAd++K9La40J4kU=,TWn7egpuMHohM8hiB0/VKz8cd3Q=
117,73,s0kjeThV5kMQQAd++K9La40J4kU=,TWn7egpuMHohM8hiB0/VKz8cd3Q=
122,72,s0kjeThV5kMQQAd++K9La40J4kU=,TWn7egpuMHohM8hiB0/VKz8cd3Q=
119,68,s0kjeThV5kMQQAd++K9La40J4kU=,TWn7egpuMHohM8hiB0/VKz8cd3Q=
119,72,s0kjeThV5kMQQAd++K9La40J4kU=,TWn7egpuMHohM8hiB0/VKz8cd3Q=
118,72,s0kjeThV5kMQQAd++K9La40J4kU=,TWn7egpuMHohM8hiB0/VKz8cd3Q=
112,74,s0kjeThV5kMQQAd++K9La40J4kU=,TWn7egpuMHohM8hiB0/VKz8cd3Q=
125,72,s0kjeThV5kMQQAd++K9La40J4kU=,TWn7egpuMHohM8hiB0/VKz8cd3Q=
115,72,s0kjeThV5kMQQAd++K9La40J4kU=,TWn7egpuMHohM8hiB0/VKz8cd3Q=
113,72,s0kjeThV5kMQQAd++K9La40J4kU=,TWn7egpuMHohM8hiB0/VKz8cd3Q=
120,72,s0kjeThV5kMQQAd++K9La40J4kU=,TWn7egpuMHohM8hiB0/VKz8cd3Q=
127,71,s0kjeThV5kMQQAd++K9La40J4kU=,TWn7egpuMHohM8hiB0/VKz8cd3Q=
118,73,s0kjeThV5kMQQAd++K9La40J4kU=,TWn7egpuMHohM8hiB0/VKz8cd3Q=
123,71,s0kjeThV5kMQQAd++K9La40J4kU=,TWn7egpuMHohM8hiB0/VKz8cd3Q=
113,73,s0kjeThV5kMQQAd++K9La40J4kU=,TWn7egpuMHohM8hiB0/VKz8cd3Q=
126,71,s0kjeThV5kMQQAd++K9La40J4kU=,TWn7egpuMHohM8hiB0/VKz8cd3Q=
124,71,s0kjeThV5kMQQAd++K9La40J4kU=,TWn7egpuMHohM8hiB0/VKz8cd3Q=
116,72,s0kjeThV5kMQQAd++K9La40J4kU=,TWn7egpuMHohM8hiB0/VKz8cd3Q=
112,72,s0kjeThV5kMQQAd++K9La40J4kU=,TWn7egpuMHohM8hiB0/VKz8cd3Q=
122,71,s0kjeThV5kMQQAd++K9La40J4kU=,TWn7egpuMHohM8hiB0/VKz8cd3Q=
114,72,s0kjeThV5kMQQAd++K9La40J4kU=,TWn7egpuMHohM8hiB0/VKz8cd3Q=
121,71,s0kjeThV5kMQQAd++K9La40J4kU=,TWn7egpuMHohM8hiB0/VKz8cd3Q=
121,64,s0kjeThV5kMQQAd++K9La40J4kU=,TWn7egpuMHohM8hiB0/VKz8cd3Q=
112,73,s0kjeThV5kMQQAd++K9La40J4kU=,TWn7egpuMHohM8hiB0/VKz8cd3Q=
124,64,s0kjeThV5kMQQAd++K9La40J4kU=,TWn7egpuMHohM8hiB0/VKz8cd3Q=
121,65,s0kjeThV5kMQQAd++K9La40J4kU=,TWn7egpuMHohM8hiB0/VKz8cd3Q=
117,72,s0kjeThV5kMQQAd++K9La40J4kU=,TWn7egpuMHohM8hiB0/VKz8cd3Q=
125,70,s0kjeThV5kMQQAd++K9La40J4kU=,TWn7egpuMHohM8hiB0/VKz8cd3Q=
124,70,s0kjeThV5kMQQAd++K9La40J4kU=,TWn7egpuMHohM8hiB0/VKz8cd3Q=
124,65,s0kjeThV5kMQQAd++K9La40J4kU=,TWn7egpuMHohM8hiB0/VKz8cd3Q=
125,71,s0kjeThV5kMQQAd++K9La40J4kU=,TWn7egpuMHohM8hiB0/VKz8cd3Q=
123,65,s0kjeThV5kMQQAd++K9La40J4kU=,TWn7egpuMHohM8hiB0/VKz8cd3Q=
120,68,s0kjeThV5kMQQAd++K9La40J4kU=,TWn7egpuMHohM8hiB0/VKz8cd3Q=
118,71,s0kjeThV5kMQQAd++K9La40J4kU=,TWn7egpuMHohM8hiB0/VKz8cd3Q=
123,64,s0kjeThV5kMQQAd++K9La40J4kU=,TWn7egpuMHohM8hiB0/VKz8cd3Q=
124,66,s0kjeThV5kMQQAd++K9La40J4kU=,TWn7egpuMHohM8hiB0/VKz8cd3Q=
123,70,s0kjeThV5kMQQAd++K9La40J4kU=,TWn7egpuMHohM8hiB0/VKz8cd3Q=
112,71,s0kjeThV5kMQQAd++K9La40J4kU=,TWn7egpuMHohM8hiB0/VKz8cd3Q=
117,71,s0kjeThV5kMQQAd++K9La40J4kU=,TWn7egpuMHohM8hiB0/VKz8cd3Q=
120,64,s0kjeThV5kMQQAd++K9La40J4kU=,TWn7egpuMHohM8hiB0/VKz8cd3Q=
122,64,s0kjeThV5kMQQAd++K9La40J4kU=,TWn7egpuMHohM8hiB0/VKz8cd3Q=
120,65,s0kjeThV5kMQQAd++K9La40J4kU=,TWn7egpuMHohM8hiB0/VKz8cd3Q=
127,70,s0kjeThV5kMQQAd++K9La40J4kU=,TWn7egpuMHohM8hiB0/VKz8cd3Q=
125,69,s0kjeThV5kMQQAd++K9La40J4kU=,TWn7egpuMHohM8hiB0/VKz8cd3Q=
124,69,s0kjeThV5kMQQAd++K9La40J4kU=,TWn7egpuMHohM8hiB0/VKz8cd3Q=
126,70,s0kjeThV5kMQQAd++K9La40J4kU=,TWn7egpuMHohM8hiB0/VKz8cd3Q=
120,70,s0kjeThV5kMQQAd++K9La40J4kU=,TWn7egpuMHohM8hiB0/VKz8cd3Q=
122,65,s0kjeThV5kMQQAd++K9La40J4kU=,TWn7egpuMHohM8hiB0/VKz8cd3Q=
126,69,s0kjeThV5kMQQAd++K9La40J4kU=,TWn7egpuMHohM8hiB0/VKz8cd3Q=
116,71,s0kjeThV5kMQQAd++K9La40J4kU=,TWn7egpuMHohM8hiB0/VKz8cd3Q=
115,71,s0kjeThV5kMQQAd++K9La40J4kU=,TWn7egpuMHohM8hiB0/VKz8cd3Q=
113,71,s0kjeThV5kMQQAd++K9La40J4kU=,TWn7egpuMHohM8hiB0/VKz8cd3Q=
122,70,s0kjeThV5kMQQAd++K9La40J4kU=,TWn7egpuMHohM8hiB0/VKz8cd3Q=
123,69,s0kjeThV5kMQQAd++K9La40J4kU=,TWn7egpuMHohM8hiB0/VKz8cd3Q=
119,64,s0kjeThV5kMQQAd++K9La40J4kU=,TWn7egpuMHohM8hiB0/VKz8cd3Q=
118,70,s0kjeThV5kMQQAd++K9La40J4kU=,TWn7egpuMHohM8hiB0/VKz8cd3Q=
120,66,s0kjeThV5kMQQAd++K9La40J4kU=,TWn7egpuMHohM8hiB0/VKz8cd3Q=
121,70,s0kjeThV5kMQQAd++K9La40J4kU=,TWn7egpuMHohM8hiB0/VKz8cd3Q=
119,65,s0kjeThV5kMQQAd++K9La40J4kU=,TWn7egpuMHohM8hiB0/VKz8cd3Q=
115,69,s0kjeThV5kMQQAd++K9La40J4kU=,TWn7egpuMHohM8hiB0/VKz8cd3Q=
120,71,s0kjeThV5kMQQAd++K9La40J4kU=,TWn7egpuMHohM8hiB0/VKz8cd3Q=
121,66,s0kjeThV5kMQQAd++K9La40J4kU=,TWn7egpuMHohM8hiB0/VKz8cd3Q=
127,69,s0kjeThV5kMQQAd++K9La40J4kU=,TWn7egpuMHohM8hiB0/VKz8cd3Q=
114,71,s0kjeThV5kMQQAd++K9La40J4kU=,TWn7egpuMHohM8hiB0/VKz8cd3Q=
126,68,s0kjeThV5kMQQAd++K9La40J4kU=,TWn7egpuMHohM8hiB0/VKz8cd3Q=
119,71,s0kjeThV5kMQQAd++K9La40J4kU=,TWn7egpuMHohM8hiB0/VKz8cd3Q=
115,70,s0kjeThV5kMQQAd++K9La40J4kU=,TWn7egpuMHohM8hiB0/VKz8cd3Q=
122,69,s0kjeThV5kMQQAd++K9La40J4kU=,TWn7egpuMHohM8hiB0/VKz8cd3Q=
125,68,s0kjeThV5kMQQAd++K9La40J4kU=,TWn7egpuMHohM8hiB0/VKz8cd3Q=
122,66,s0kjeThV5kMQQAd++K9La40J4kU=,TWn7egpuMHohM8hiB0/VKz8cd3Q=
112,69,s0kjeThV5kMQQAd++K9La40J4kU=,TWn7egpuMHohM8hiB0/VKz8cd3Q=
114,70,s0kjeThV5kMQQAd++K9La40J4kU=,TWn7egpuMHohM8hiB0/VKz8cd3Q=
113,69,s0kjeThV5kMQQAd++K9La40J4kU=,TWn7egpuMHohM8hiB0/VKz8cd3Q=
116,70,s0kjeThV5kMQQAd++K9La40J4kU=,TWn7egpuMHohM8hiB0/VKz8cd3Q=
112,70,s0kjeThV5kMQQAd++K9La40J4kU=,TWn7egpuMHohM8hiB0/VKz8cd3Q=
119,70,s0kjeThV5kMQQAd++K9La40J4kU=,TWn7egpuMHohM8hiB0/VKz8cd3Q=
123,66,s0kjeThV5kMQQAd++K9La40J4kU=,TWn7egpuMHohM8hiB0/VKz8cd3Q=
114,69,s0kjeThV5kMQQAd++K9La40J4kU=,TWn7egpuMHohM8hiB0/VKz8cd3Q=
119,69,s0kjeThV5kMQQAd++K9La40J4kU=,TWn7egpuMHohM8hiB0/VKz8cd3Q=
117,70,s0kjeThV5kMQQAd++K9La40J4kU=,TWn7egpuMHohM8hiB0/VKz8cd3Q=
117,69,s0kjeThV5kMQQAd++K9La40J4kU=,TWn7egpuMHohM8hiB0/VKz8cd3Q=
121,68,s0kjeThV5kMQQAd++K9La40J4kU=,TWn7egpuMHohM8hiB0/VKz8cd3Q=
116,69,s0kjeThV5kMQQAd++K9La40J4kU=,TWn7egpuMHohM8hiB0/VKz8cd3Q=
122,68,s0kjeThV5kMQQAd++K9La40J4kU=,TWn7egpuMHohM8hiB0/VKz8cd3Q=
124,68,s0kjeThV5kMQQAd++K9La40J4kU=,TWn7egpuMHohM8hiB0/VKz8cd3Q=
121,69,s0kjeThV5kMQQAd++K9La40J4kU=,TWn7egpuMHohM8hiB0/VKz8cd3Q=
118,69,s0kjeThV5kMQQAd++K9La40J4kU=,TWn7egpuMHohM8hiB0/VKz8cd3Q=
127,68,s0kjeThV5kMQQAd++K9La40J4kU=,TWn7egpuMHohM8hiB0/VKz8cd3Q=
113,70,s0kjeThV5kMQQAd++K9La40J4kU=,TWn7egpuMHohM8hiB0/VKz8cd3Q=
123,68,s0kjeThV5kMQQAd++K9La40J4kU=,TWn7egpuMHohM8hiB0/VKz8cd3Q=
120,69,s0kjeThV5kMQQAd++K9La40J4kU=,TWn7egpuMHohM8hiB0/VKz8cd3Q=
