-546,-26,mb1Nf/M0MXD8asKJR112WMLHpbE=,7oych80TceFS2Jlm15wsxW2cJyk=
-551,-32,mb1Nf/M0MXD8asKJR112WMLHpbE=,7oych80TceFS2Jlm15wsxW2cJyk=
-552,-32,mb1Nf/M0MXD8asKJR112WMLHpbE=,7oych80TceFS2Jlm15wsxW2cJyk=
-550,-32,mb1Nf/M0MXD8asKJR112WMLHpbE=,7oych80TceFS2Jlm15wsxW2cJyk=
-548,-32,mb1Nf/M0MXD8asKJR112WMLHpbE=,7oych80TceFS2Jlm15wsxW2cJyk=
-547,-26,mb1Nf/M0MXD8asKJR112WMLHpbE=,7oych80TceFS2Jlm15wsxW2cJyk=
-549,-32,mb1Nf/M0MXD8asKJR112WMLHpbE=,7oych80TceFS2Jlm15wsxW2cJyk=
-547,-32,mb1Nf/M0MXD8asKJR112WMLHpbE=,7oych80TceFS2Jlm15wsxW2cJyk=
-548,-26,mb1Nf/M0MXD8asKJR112WMLHpbE=,7oych80TceFS2Jlm15wsxW2cJyk=
-546,-32,mb1Nf/M0MXD8asKJR112WMLHpbE=,7oych80TceFS2Jlm15wsxW2cJyk=
-545,-32,mb1Nf/M0MXD8asKJR112WMLHpbE=,7oych80TceFS2Jlm15wsxW2cJyk=
-552,-31,mb1Nf/M0MXD8asKJR112WMLHpbE=,7oych80TceFS2Jlm15wsxW2cJyk=
-550,-26,mb1Nf/M0MXD8asKJR112WMLHpbE=,7oych80TceFS2Jlm15wsxW2cJyk=
-551,-31,mb1Nf/M0MXD8asKJR112WMLHpbE=,7oych80TceFS2Jlm15wsxW2cJyk=
-551,-26,mb1Nf/M0MXD8asKJR112WMLHpbE=,7oych80TceFS2Jlm15wsxW2cJyk=
-550,-31,mb1Nf/M0MXD8asKJR112WMLHpbE=,7oych80TceFS2Jlm15wsxW2cJyk=
-549,-26,mb1Nf/M0MXD8asKJR112WMLHpbE=,7oych80TceFS2Jlm15wsxW2cJyk=
-549,-31,mb1Nf/M0MXD8asKJR112WMLHpbE=,7oych80TceFS2Jlm15wsxW2cJyk=
-552,-26,zgy6gx+G/L5FBEd3D3UfWfOIeFU=,7oych80TceFS2Jlm15wsxW2cJyk=
-547,-31,mb1Nf/M0MXD8asKJR112WMLHpbE=,7oych80TceFS2Jlm15wsxW2cJyk=
-545,-27,mb1Nf/M0MXD8asKJR112WMLHpbE=,7oych80TceFS2Jlm15wsxW2cJyk=
-548,-31,mb1Nf/M0MXD8asKJR112WMLHpbE=,7oych80TceFS2Jlm15wsxW2cJyk=
-547,-27,zgy6gx+G/L5FBEd3D3UfWfOIeFU=,7oych80TceFS2Jlm15wsxW2cJyk=
-546,-31,mb1Nf/M0MXD8asKJR112WMLHpbE=,7oych80TceFS2Jlm15wsxW2cJyk=
-546,-27,zgy6gx+G/L5FBEd3D3UfWfOIeFU=,7oych80TceFS2Jlm15wsxW2cJyk=
-548,-27,zgy6gx+G/L5FBEd3D3UfWfOIeFU=,7oych80TceFS2Jlm15wsxW2cJyk=
-545,-31,mb1Nf/M0MXD8asKJR112WMLHpbE=,7oych80TceFS2Jlm15wsxW2cJyk=
-552,-30,mb1Nf/M0MXD8asKJR112WMLHpbE=,7oych80TceFS2Jlm15wsxW2cJyk=
-551,-30,mb1Nf/M0MXD8asKJR112WMLHpbE=,7oych80TceFS2Jlm15wsxW2cJyk=
-549,-27,zgy6gx+G/L5FBEd3D3UfWfOIeFU=,7oych80TceFS2Jlm15wsxW2cJyk=
-550,-30,mb1Nf/M0MXD8asKJR112WMLHpbE=,7oych80TceFS2Jlm15wsxW2cJyk=
-551,-27,zgy6gx+G/L5FBEd3D3UfWfOIeFU=,7oych80TceFS2Jlm15wsxW2cJyk=
-550,-27,zgy6gx+G/L5FBEd3D3UfWfOIeFU=,7oych80TceFS2Jlm15wsxW2cJyk=
-552,-27,zgy6gx+G/L5FBEd3D3UfWfOIeFU=,7oych80TceFS2Jlm15wsxW2cJyk=
-549,-30,mb1Nf/M0MXD8asKJR112WMLHpbE=,7oych80TceFS2Jlm15wsxW2cJyk=
-545,-28,mb1Nf/M0MXD8asKJR112WMLHpbE=,7oych80TceFS2Jlm15wsxW2cJyk=
-546,-28,zgy6gx+G/L5FBEd3D3UfWfOIeFU=,7oych80TceFS2Jlm15wsxW2cJyk=
-547,-28,zgy6gx+G/L5FBEd3D3UfWfOIeFU=,7oych80TceFS2Jlm15wsxW2cJyk=
-547,-30,mb1Nf/M0MXD8asKJR112WMLHpbE=,7oych80TceFS2Jlm15wsxW2cJyk=
-550,-28,zgy6gx+G/L5FBEd3D3UfWfOIeFU=,7oych80TceFS2Jlm15wsxW2cJyk=
-548,-30,mb1Nf/M0MXD8asKJR112WMLHpbE=,7oych80TceFS2Jlm15wsxW2cJyk=
-548,-28,zgy6gx+G/L5FBEd3D3UfWfOIeFU=,7oych80TceFS2Jlm15wsxW2cJyk=
-546,-30,mb1Nf/M0MXD8asKJR112WMLHpbE=,7oych80TceFS2Jlm15wsxW2cJyk=
-549,-28,zgy6gx+G/L5FBEd3D3UfWfOIeFU=,7oych80TceFS2Jlm15wsxW2cJyk=
-551,-28,mb1Nf/M0MXD8asKJR112WMLHpbE=,7oych80TceFS2Jlm15wsxW2cJyk=
-552,-28,mb1Nf/M0MXD8asKJR112WMLHpbE=,7oych80TceFS2Jlm15wsxW2cJyk=
-545,-29,mb1Nf/M0MXD8asKJR112WMLHpbE=,7oych80TceFS2Jlm15wsxW2cJyk=
-546,-29,mb1Nf/M0MXD8asKJR112WMLHpbE=,7oych80TceFS2Jlm15wsxW2cJyk=
-545,-30,mb1Nf/M0MXD8asKJR112WMLHpbE=,7oych80TceFS2Jlm15wsxW2cJyk=
-547,-29,mb1Nf/M0MXD8asKJR112WMLHpbE=,7oych80TceFS2Jlm15wsxW2cJyk=
-548,-29,mb1Nf/M0MXD8asKJR112WMLHpbE=,7oych80TceFS2Jlm15wsxW2cJyk=
-549,-29,mb1Nf/M0MXD8asKJR112WMLHpbE=,7oych80TceFS2Jlm15wsxW2cJyk=
-552,-29,mb1Nf/M0MXD8asKJR112WMLHpbE=,7oych80TceFS2Jlm15wsxW2cJyk=
-550,-29,mb1Nf/M0MXD8asKJR112WMLHpbE=,7oych80TceFS2Jlm15wsxW2cJyk=
-551,-29,mb1Nf/M0MXD8asKJR112WMLHpbE=,7oych80TceFS2Jlm15wsxW2cJyk=
-545,-26,mb1Nf/M0MXD8asKJR112WMLHpbE=,7oych80TceFS2Jlm15wsxW2cJyk=
-545,-17,mb1Nf/M0MXD8asKJR112WMLHpbE=,DAJfmiT9jXfQAru9maHStdabz40=
-546,-17,mb1Nf/M0MXD8asKJR112WMLHpbE=,DAJfmiT9jXfQAru9maHStdabz40=
-548,-21,mb1Nf/M0MXD8asKJR112WMLHpbE=,DAJfmiT9jXfQAru9maHStdabz40=
-547,-17,mb1Nf/M0MXD8asKJR112WMLHpbE=,DAJfmiT9jXfQAru9maHStdabz40=
-548,-17,mb1Nf/M0MXD8asKJR112WMLHpbE=,DAJfmiT9jXfQAru9maHStdabz40=
-547,-21,mb1Nf/M0MXD8asKJR112WMLHpbE=,DAJfmiT9jXfQAru9maHStdabz40=
-546,-21,mb1Nf/M0MXD8asKJR112WMLHpbE=,DAJfmiT9jXfQAru9maHStdabz40=
-549,-21,mb1Nf/M0MXD8asKJR112WMLHpbE=,DAJfmiT9jXfQAru9maHStdabz40=
-549,-17,mb1Nf/M0MXD8asKJR112WMLHpbE=,DAJfmiT9jXfQAru9maHStdabz40=
-550,-25,mb1Nf/M0MXD8asKJR112WMLHpbE=,7oych80TceFS2Jlm15wsxW2cJyk=
-549,-25,mb1Nf/M0MXD8asKJR112WMLHpbE=,7oych80TceFS2Jlm15wsxW2cJyk=
-550,-17,mb1Nf/M0MXD8asKJR112WMLHpbE=,DAJfmiT9jXfQAru9maHStdabz40=
-545,-23,mb1Nf/M0MXD8asKJR112WMLHpbE=,DAJfmiT9jXfQAru9maHStdabz40=
-546,-23,mb1Nf/M0MXD8asKJR112WMLHpbE=,DAJfmiT9jXfQAru9maHStdabz40=
-551,-25,mb1Nf/M0MXD8asKJR112WMLHpbE=,7oych80TceFS2Jlm15wsxW2cJyk=
-551,-17,mb1Nf/M0MXD8asKJR112WMLHpbE=,DAJfmiT9jXfQAru9maHStdabz40=
-545,-18,mb1Nf/M0MXD8asKJR112WMLHpbE=,DAJfmiT9jXfQAru9maHStdabz40=
-547,-23,mb1Nf/M0MXD8asKJR112WMLHpbE=,DAJfmiT9jXfQAru9maHStdabz40=
-546,-18,mb1Nf/M0MXD8asKJR112WMLHpbE=,DAJfmiT9jXfQAru9maHStdabz40=
-547,-22,mb1Nf/M0MXD8asKJR112WMLHpbE=,DAJfmiT9jXfQAru9maHStdabz40=
-548,-22,mb1Nf/M0MXD8asKJR112WMLHpbE=,DAJfmiT9jXfQAru9maHStdabz40=
-550,-21,mb1Nf/M0MXD8asKJR112WMLHpbE=,DAJfmiT9jXfQAru9maHStdabz40=
-550,-24,mb1Nf/M0MXD8asKJR112WMLHpbE=,DAJfmiT9jXfQAru9maHStdabz40=
-547,-18,mb1Nf/M0MXD8asKJR112WMLHpbE=,DAJfmiT9jXfQAru9maHStdabz40=
-559,-19,mb1Nf/M0MXD8asKJR112WMLHpbE=,/40XmGBjQCs9RsV1umjCYbvXZnU=
-548,-18,mb1Nf/M0MXD8asKJR112WMLHpbE=,DAJfmiT9jXfQAru9maHStdabz40=
-549,-18,mb1Nf/M0MXD8asKJR112WMLHpbE=,DAJfmiT9jXfQAru9maHStdabz40=
-558,-19,mb1Nf/M0MXD8asKJR112WMLHpbE=,/40XmGBjQCs9RsV1umjCYbvXZnU=
-552,-25,mb1Nf/M0MXD8asKJR112WMLHpbE=,7oych80TceFS2Jlm15wsxW2cJyk=
-560,-19,mb1Nf/M0MXD8asKJR112WMLHpbE=,/40XmGBjQCs9RsV1umjCYbvXZnU=
-556,-20,mb1Nf/M0MXD8asKJR112WMLHpbE=,/40XmGBjQCs9RsV1umjCYbvXZnU=
-550,-18,mb1Nf/M0MXD8asKJR112WMLHpbE=,DAJfmiT9jXfQAru9maHStdabz40=
-557,-20,mb1Nf/M0MXD8asKJR112WMLHpbE=,/40XmGBjQCs9RsV1umjCYbvXZnU=
-549,-24,mb1Nf/M0MXD8asKJR112WMLHpbE=,DAJfmiT9jXfQAru9maHStdabz40=
-551,-21,mb1Nf/M0MXD8asKJR112WMLHpbE=,DAJfmiT9jXfQAru9maHStdabz40=
-551,-24,mb1Nf/M0MXD8asKJR112WMLHpbE=,DAJfmiT9jXfQAru9maHStdabz40=
-559,-20,mb1Nf/M0MXD8asKJR112WMLHpbE=,/40XmGBjQCs9RsV1umjCYbvXZnU=
-558,-20,mb1Nf/M0MXD8asKJR112WMLHpbE=,/40XmGBjQCs9RsV1umjCYbvXZnU=
-551,-18,mb1Nf/M0MXD8asKJR112WMLHpbE=,DAJfmiT9jXfQAru9maHStdabz40=
-552,-17,mb1Nf/M0MXD8asKJR112WMLHpbE=,DAJfmiT9jXfQAru9maHStdabz40=
-560,-20,mb1Nf/M0MXD8asKJR112WMLHpbE=,/40XmGBjQCs9RsV1umjCYbvXZnU=
-552,-23,mb1Nf/M0MXD8asKJR112WMLHpbE=,DAJfmiT9jXfQAru9maHStdabz40=
-556,-21,mb1Nf/M0MXD8asKJR112WMLHpbE=,/40XmGBjQCs9RsV1umjCYbvXZnU=
-557,-21,mb1Nf/M0MXD8asKJR112WMLHpbE=,/40XmGBjQCs9RsV1umjCYbvXZnU=
-558,-21,mb1Nf/M0MXD8asKJR112WMLHpbE=,/40XmGBjQCs9RsV1umjCYbvXZnU=
-557,-19,mb1Nf/M0MXD8asKJR112WMLHpbE=,/40XmGBjQCs9RsV1umjCYbvXZnU=
-559,-21,mb1Nf/M0MXD8asKJR112WMLHpbE=,/40XmGBjQCs9RsV1umjCYbvXZnU=
-560,-21,mb1Nf/M0MXD8asKJR112WMLHpbE=,/40XmGBjQCs9RsV1umjCYbvXZnU=
-545,-24,mb1Nf/M0MXD8asKJR112WMLHpbE=,DAJfmiT9jXfQAru9maHStdabz40=
-545,-19,mb1Nf/M0MXD8asKJR112WMLHpbE=,DAJfmiT9jXfQAru9maHStdabz40=
-553,-22,mb1Nf/M0MXD8asKJR112WMLHpbE=,/40XmGBjQCs9RsV1umjCYbvXZnU=
-546,-19,mb1Nf/M0MXD8asKJR112WMLHpbE=,DAJfmiT9jXfQAru9maHStdabz40=
-547,-19,mb1Nf/M0MXD8asKJR112WMLHpbE=,DAJfmiT9jXfQAru9maHStdabz40=
-548,-19,mb1Nf/M0MXD8asKJR112WMLHpbE=,DAJfmiT9jXfQAru9maHStdabz40=
-550,-19,mb1Nf/M0MXD8asKJR112WMLHpbE=,DAJfmiT9jXfQAru9maHStdabz40=
-551,-19,mb1Nf/M0MXD8asKJR112WMLHpbE=,DAJfmiT9jXfQAru9maHStdabz40=
-554,-22,mb1Nf/M0MXD8asKJR112WMLHpbE=,/40XmGBjQCs9RsV1umjCYbvXZnU=
-555,-22,mb1Nf/M0MXD8asKJR112WMLHpbE=,/40XmGBjQCs9RsV1umjCYbvXZnU=
-552,-18,mb1Nf/M0MXD8asKJR112WMLHpbE=,DAJfmiT9jXfQAru9maHStdabz40=
-549,-19,mb1Nf/M0MXD8asKJR112WMLHpbE=,DAJfmiT9jXfQAru9maHStdabz40=
-556,-22,mb1Nf/M0MXD8asKJR112WMLHpbE=,/40XmGBjQCs9RsV1umjCYbvXZnU=
-545,-20,mb1Nf/M0MXD8asKJR112WMLHpbE=,DAJfmiT9jXfQAru9maHStdabz40=
-546,-20,mb1Nf/M0MXD8asKJR112WMLHpbE=,DAJfmiT9jXfQAru9maHStdabz40=
-558,-22,mb1Nf/M0MXD8asKJR112WMLHpbE=,/40XmGBjQCs9RsV1umjCYbvXZnU=
-559,-22,mb1Nf/M0MXD8asKJR112WMLHpbE=,/40XmGBjQCs9RsV1umjCYbvXZnU=
-560,-22,mb1Nf/M0MXD8asKJR112WMLHpbE=,/40XmGBjQCs9RsV1umjCYbvXZnU=
-547,-20,mb1Nf/M0MXD8asKJR112WMLHpbE=,DAJfmiT9jXfQAru9maHStdabz40=
-557,-22,mb1Nf/M0MXD8asKJR112WMLHpbE=,/40XmGBjQCs9RsV1umjCYbvXZnU=
-553,-23,mb1Nf/M0MXD8asKJR112WMLHpbE=,/40XmGBjQCs9RsV1umjCYbvXZnU=
-545,-22,mb1Nf/M0MXD8asKJR112WMLHpbE=,DAJfmiT9jXfQAru9maHStdabz40=
-548,-20,mb1Nf/M0MXD8asKJR112WMLHpbE=,DAJfmiT9jXfQAru9maHStdabz40=
-552,-19,mb1Nf/M0MXD8asKJR112WMLHpbE=,DAJfmiT9jXfQAru9maHStdabz40=
-549,-20,mb1Nf/M0MXD8asKJR112WMLHpbE=,DAJfmiT9jXfQAru9maHStdabz40=
-551,-23,mb1Nf/M0MXD8asKJR112WMLHpbE=,DAJfmiT9jXfQAru9maHStdabz40=
-548,-25,mb1Nf/M0MXD8asKJR112WMLHpbE=,7oych80TceFS2Jlm15wsxW2cJyk=
-554,-23,mb1Nf/M0MXD8asKJR112WMLHpbE=,/40XmGBjQCs9RsV1umjCYbvXZnU=
-550,-20,mb1Nf/M0MXD8asKJR112WMLHpbE=,DAJfmiT9jXfQAru9maHStdabz40=
-555,-21,mb1Nf/M0MXD8asKJR112WMLHpbE=,/40XmGBjQCs9RsV1umjCYbvXZnU=
-551,-20,mb1Nf/M0MXD8asKJR112WMLHpbE=,DAJfmiT9jXfQAru9maHStdabz40=
-555,-23,mb1Nf/M0MXD8asKJR112WMLHpbE=,/40XmGBjQCs9RsV1umjCYbvXZnU=
-546,-22,mb1Nf/M0MXD8asKJR112WMLHpbE=,DAJfmiT9jXfQAru9maHStdabz40=
-556,-23,mb1Nf/M0MXD8asKJR112WMLHpbE=,/40XmGBjQCs9RsV1umjCYbvXZnU=
-546,-25,mb1Nf/M0MXD8asKJR112WMLHpbE=,7oych80TceFS2Jlm15wsxW2cJyk=
-557,-23,mb1Nf/M0MXD8asKJR112WMLHpbE=,/40XmGBjQCs9RsV1umjCYbvXZnU=
-555,-20,mb1Nf/M0MXD8asKJR112WMLHpbE=,/40XmGBjQCs9RsV1umjCYbvXZnU=
-556,-19,mb1Nf/M0MXD8asKJR112WMLHpbE=,/40XmGBjQCs9RsV1umjCYbvXZnU=
-545,-25,mb1Nf/M0MXD8asKJR112WMLHpbE=,7oych80TceFS2Jlm15wsxW2cJyk=
-558,-23,mb1Nf/M0MXD8asKJR112WMLHpbE=,/40XmGBjQCs9RsV1umjCYbvXZnU=
-559,-23,mb1Nf/M0MXD8asKJR112WMLHpbE=,/40XmGBjQCs9RsV1umjCYbvXZnU=
-553,-21,mb1Nf/M0MXD8asKJR112WMLHpbE=,/40XmGBjQCs9RsV1umjCYbvXZnU=
-560,-23,mb1Nf/M0MXD8asKJR112WMLHpbE=,/40XmGBjQCs9RsV1umjCYbvXZnU=
-548,-24,mb1Nf/M0MXD8asKJR112WMLHpbE=,DAJfmiT9jXfQAru9maHStdabz40=
-553,-24,mb1Nf/M0MXD8asKJR112WMLHpbE=,/40XmGBjQCs9RsV1umjCYbvXZnU=
-547,-24,mb1Nf/M0MXD8asKJR112WMLHpbE=,DAJfmiT9jXfQAru9maHStdabz40=
-554,-24,mb1Nf/M0MXD8asKJR112WMLHpbE=,/40XmGBjQCs9RsV1umjCYbvXZnU=
-553,-17,mb1Nf/M0MXD8asKJR112WMLHpbE=,/40XmGBjQCs9RsV1umjCYbvXZnU=
-554,-17,mb1Nf/M0MXD8asKJR112WMLHpbE=,/40XmGBjQCs9RsV1umjCYbvXZnU=
-555,-17,mb1Nf/M0MXD8asKJR112WMLHpbE=,/40XmGBjQCs9RsV1umjCYbvXZnU=
-547,-25,mb1Nf/M0MXD8asKJR112WMLHpbE=,7oych80TceFS2Jlm15wsxW2cJyk=
-554,-21,mb1Nf/M0MXD8asKJR112WMLHpbE=,/40XmGBjQCs9RsV1umjCYbvXZnU=
-545,-21,mb1Nf/M0MXD8asKJR112WMLHpbE=,DAJfmiT9jXfQAru9maHStdabz40=
-555,-24,mb1Nf/M0MXD8asKJR112WMLHpbE=,/40XmGBjQCs9RsV1umjCYbvXZnU=
-556,-24,mb1Nf/M0MXD8asKJR112WMLHpbE=,/40XmGBjQCs9RsV1umjCYbvXZnU=
-557,-24,mb1Nf/M0MXD8asKJR112WMLHpbE=,/40XmGBjQCs9RsV1umjCYbvXZnU=
-559,-17,mb1Nf/M0MXD8asKJR112WMLHpbE=,/40XmGBjQCs9RsV1umjCYbvXZnU=
-548,-23,mb1Nf/M0MXD8asKJR112WMLHpbE=,DAJfmiT9jXfQAru9maHStdabz40=
-560,-17,mb1Nf/M0MXD8asKJR112WMLHpbE=,/40XmGBjQCs9RsV1umjCYbvXZnU=
-553,-18,mb1Nf/M0MXD8asKJR112WMLHpbE=,/40XmGBjQCs9RsV1umjCYbvXZnU=
-555,-18,mb1Nf/M0MXD8asKJR112WMLHpbE=,/40XmGBjQCs9RsV1umjCYbvXZnU=
-546,-24,mb1Nf/M0MXD8asKJR112WMLHpbE=,DAJfmiT9jXfQAru9maHStdabz40=
-554,-18,mb1Nf/M0MXD8asKJR112WMLHpbE=,/40XmGBjQCs9RsV1umjCYbvXZnU=
-558,-24,mb1Nf/M0MXD8asKJR112WMLHpbE=,/40XmGBjQCs9RsV1umjCYbvXZnU=
-553,-20,mb1Nf/M0MXD8asKJR112WMLHpbE=,/40XmGBjQCs9RsV1umjCYbvXZnU=
-558,-18,mb1Nf/M0MXD8asKJR112WMLHpbE=,/40XmGBjQCs9RsV1umjCYbvXZnU=
-559,-18,mb1Nf/M0MXD8asKJR112WMLHpbE=,/40XmGBjQCs9RsV1umjCYbvXZnU=
-560,-18,mb1Nf/M0MXD8asKJR112WMLHpbE=,/40XmGBjQCs9RsV1umjCYbvXZnU=
-550,-22,mb1Nf/M0MXD8asKJR112WMLHpbE=,DAJfmiT9jXfQAru9maHStdabz40=
-559,-24,mb1Nf/M0MXD8asKJR112WMLHpbE=,/40XmGBjQCs9RsV1umjCYbvXZnU=
-553,-19,mb1Nf/M0MXD8asKJR112WMLHpbE=,/40XmGBjQCs9RsV1umjCYbvXZnU=
-560,-24,mb1Nf/M0MXD8asKJR112WMLHpbE=,/40XmGBjQCs9RsV1umjCYbvXZnU=
-549,-22,mb1Nf/M0MXD8asKJR112WMLHpbE=,DAJfmiT9jXfQAru9maHStdabz40=
-552,-24,mb1Nf/M0MXD8asKJR112WMLHpbE=,DAJfmiT9jXfQAru9maHStdabz40=
-552,-22,mb1Nf/M0MXD8asKJR112WMLHpbE=,DAJfmiT9jXfQAru9maHStdabz40=
-552,-21,mb1Nf/M0MXD8asKJR112WMLHpbE=,DAJfmiT9jXfQAru9maHStdabz40=
-551,-22,mb1Nf/M0MXD8asKJR112WMLHpbE=,DAJfmiT9jXfQAru9maHStdabz40=
-556,-17,mb1Nf/M0MXD8asKJR112WMLHpbE=,/40XmGBjQCs9RsV1umjCYbvXZnU=
-556,-18,mb1Nf/M0MXD8asKJR112WMLHpbE=,/40XmGBjQCs9RsV1umjCYbvXZnU=
-552,-20,mb1Nf/M0MXD8asKJR112WMLHpbE=,DAJfmiT9jXfQAru9maHStdabz40=
-550,-23,mb1Nf/M0MXD8asKJR112WMLHpbE=,DAJfmiT9jXfQAru9maHStdabz40=
-557,-17,mb1Nf/M0MXD8asKJR112WMLHpbE=,/40XmGBjQCs9RsV1umjCYbvXZnU=
-558,-17,mb1Nf/M0MXD8asKJR112WMLHpbE=,/40XmGBjQCs9RsV1umjCYbvXZnU=
-555,-19,mb1Nf/M0MXD8asKJR112WMLHpbE=,/40XmGBjQCs9RsV1umjCYbvXZnU=
-554,-19,mb1Nf/M0MXD8asKJR112WMLHpbE=,/40XmGBjQCs9RsV1umjCYbvXZnU=
-557,-18,mb1Nf/M0MXD8asKJR112WMLHpbE=,/40XmGBjQCs9RsV1umjCYbvXZnU=
-549,-23,mb1Nf/M0MXD8asKJR112WMLHpbE=,DAJfmiT9jXfQAru9maHStdabz40=
-554,-20,mb1Nf/M0MXD8asKJR112WMLHpbE=,/40XmGBjQCs9RsV1umjCYbvXZnU=
-556,-1,jL0HDxe5RXdIYqjEzbaG1T1xId4=,aaa0byMrzVWuyj9jb5pZXR1FZxY=
-557,-1,jL0HDxe5RXdIYqjEzbaG1T1xId4=,aaa0byMrzVWuyj9jb5pZXR1FZxY=
-559,-1,jL0HDxe5RXdIYqjEzbaG1T1xId4=,aaa0byMrzVWuyj9jb5pZXR1FZxY=
-558,-1,jL0HDxe5RXdIYqjEzbaG1T1xId4=,aaa0byMrzVWuyj9jb5pZXR1FZxY=
-560,-1,jL0HDxe5RXdIYqjEzbaG1T1xId4=,aaa0byMrzVWuyj9jb5pZXR1FZxY=
-553,-2,jL0HDxe5RXdIYqjEzbaG1T1xId4=,aaa0byMrzVWuyj9jb5pZXR1FZxY=
-554,-2,jL0HDxe5RXdIYqjEzbaG1T1xId4=,aaa0byMrzVWuyj9jb5pZXR1FZxY=
-555,-2,jL0HDxe5RXdIYqjEzbaG1T1xId4=,aaa0byMrzVWuyj9jb5pZXR1FZxY=
-556,-2,jL0HDxe5RXdIYqjEzbaG1T1xId4=,aaa0byMrzVWuyj9jb5pZXR1FZxY=
-558,-2,jL0HDxe5RXdIYqjEzbaG1T1xId4=,aaa0byMrzVWuyj9jb5pZXR1FZxY=
-559,-2,jL0HDxe5RXdIYqjEzbaG1T1xId4=,aaa0byMrzVWuyj9jb5pZXR1FZxY=
-560,-2,jL0HDxe5RXdIYqjEzbaG1T1xId4=,aaa0byMrzVWuyj9jb5pZXR1FZxY=
-557,-2,jL0HDxe5RXdIYqjEzbaG1T1xId4=,aaa0byMrzVWuyj9jb5pZXR1FZxY=
-554,-3,jL0HDxe5RXdIYqjEzbaG1T1xId4=,aaa0byMrzVWuyj9jb5pZXR1FZxY=
-555,-3,jL0HDxe5RXdIYqjEzbaG1T1xId4=,aaa0byMrzVWuyj9jb5pZXR1FZxY=
-556,-3,jL0HDxe5RXdIYqjEzbaG1T1xId4=,aaa0byMrzVWuyj9jb5pZXR1FZxY=
-553,-3,jL0HDxe5RXdIYqjEzbaG1T1xId4=,aaa0byMrzVWuyj9jb5pZXR1FZxY=
-557,-3,jL0HDxe5RXdIYqjEzbaG1T1xId4=,aaa0byMrzVWuyj9jb5pZXR1FZxY=
-558,-3,jL0HDxe5RXdIYqjEzbaG1T1xId4=,aaa0byMrzVWuyj9jb5pZXR1FZxY=
-559,-3,jL0HDxe5RXdIYqjEzbaG1T1xId4=,aaa0byMrzVWuyj9jb5pZXR1FZxY=
-560,-3,jL0HDxe5RXdIYqjEzbaG1T1xId4=,aaa0byMrzVWuyj9jb5pZXR1FZxY=
-553,-4,jL0HDxe5RXdIYqjEzbaG1T1xId4=,aaa0byMrzVWuyj9jb5pZXR1FZxY=
-554,-4,jL0HDxe5RXdIYqjEzbaG1T1xId4=,aaa0byMrzVWuyj9jb5pZXR1FZxY=
-556,-4,jL0HDxe5RXdIYqjEzbaG1T1xId4=,aaa0byMrzVWuyj9jb5pZXR1FZxY=
-557,-4,jL0HDxe5RXdIYqjEzbaG1T1xId4=,aaa0byMrzVWuyj9jb5pZXR1FZxY=
-558,-4,jL0HDxe5RXdIYqjEzbaG1T1xId4=,aaa0byMrzVWuyj9jb5pZXR1FZxY=
-559,-4,jL0HDxe5RXdIYqjEzbaG1T1xId4=,aaa0byMrzVWuyj9jb5pZXR1FZxY=
-555,-4,jL0HDxe5RXdIYqjEzbaG1T1xId4=,aaa0byMrzVWuyj9jb5pZXR1FZxY=
-560,-4,jL0HDxe5RXdIYqjEzbaG1T1xId4=,aaa0byMrzVWuyj9jb5pZXR1FZxY=
-553,-5,jL0HDxe5RXdIYqjEzbaG1T1xId4=,aaa0byMrzVWuyj9jb5pZXR1FZxY=
-554,-5,jL0HDxe5RXdIYqjEzbaG1T1xId4=,aaa0byMrzVWuyj9jb5pZXR1FZxY=
-555,-5,jL0HDxe5RXdIYqjEzbaG1T1xId4=,aaa0byMrzVWuyj9jb5pZXR1FZxY=
-556,-5,jL0HDxe5RXdIYqjEzbaG1T1xId4=,aaa0byMrzVWuyj9jb5pZXR1FZxY=
-557,-5,jL0HDxe5RXdIYqjEzbaG1T1xId4=,aaa0byMrzVWuyj9jb5pZXR1FZxY=
-558,-5,jL0HDxe5RXdIYqjEzbaG1T1xId4=,aaa0byMrzVWuyj9jb5pZXR1FZxY=
-559,-5,jL0HDxe5RXdIYqjEzbaG1T1xId4=,aaa0byMrzVWuyj9jb5pZXR1FZxY=
-553,-6,jL0HDxe5RXdIYqjEzbaG1T1xId4=,aaa0byMrzVWuyj9jb5pZXR1FZxY=
-560,-5,jL0HDxe5RXdIYqjEzbaG1T1xId4=,aaa0byMrzVWuyj9jb5pZXR1FZxY=
-554,-6,jL0HDxe5RXdIYqjEzbaG1T1xId4=,aaa0byMrzVWuyj9jb5pZXR1FZxY=
-555,-6,jL0HDxe5RXdIYqjEzbaG1T1xId4=,aaa0byMrzVWuyj9jb5pZXR1FZxY=
-557,-6,jL0HDxe5RXdIYqjEzbaG1T1xId4=,aaa0byMrzVWuyj9jb5pZXR1FZxY=
-556,-6,jL0HDxe5RXdIYqjEzbaG1T1xId4=,aaa0byMrzVWuyj9jb5pZXR1FZxY=
-559,-6,jL0HDxe5RXdIYqjEzbaG1T1xId4=,aaa0byMrzVWuyj9jb5pZXR1FZxY=
-558,-6,jL0HDxe5RXdIYqjEzbaG1T1xId4=,aaa0byMrzVWuyj9jb5pZXR1FZxY=
-553,-7,jL0HDxe5RXdIYqjEzbaG1T1xId4=,aaa0byMrzVWuyj9jb5pZXR1FZxY=
-554,-7,jL0HDxe5RXdIYqjEzbaG1T1xId4=,aaa0byMrzVWuyj9jb5pZXR1FZxY=
-555,-7,jL0HDxe5RXdIYqjEzbaG1T1xId4=,aaa0byMrzVWuyj9jb5pZXR1FZxY=
-556,-7,jL0HDxe5RXdIYqjEzbaG1T1xId4=,aaa0byMrzVWuyj9jb5pZXR1FZxY=
-557,-7,jL0HDxe5RXdIYqjEzbaG1T1xId4=,aaa0byMrzVWuyj9jb5pZXR1FZxY=
-558,-7,jL0HDxe5RXdIYqjEzbaG1T1xId4=,aaa0byMrzVWuyj9jb5pZXR1FZxY=
-559,-7,jL0HDxe5RXdIYqjEzbaG1T1xId4=,aaa0byMrzVWuyj9jb5pZXR1FZxY=
-560,-6,jL0HDxe5RXdIYqjEzbaG1T1xId4=,aaa0byMrzVWuyj9jb5pZXR1FZxY=
-553,-1,jL0HDxe5RXdIYqjEzbaG1T1xId4=,aaa0byMrzVWuyj9jb5pZXR1FZxY=
-554,-1,jL0HDxe5RXdIYqjEzbaG1T1xId4=,aaa0byMrzVWuyj9jb5pZXR1FZxY=
-555,-1,jL0HDxe5RXdIYqjEzbaG1T1xId4=,aaa0byMrzVWuyj9jb5pZXR1FZxY=
-560,-7,jL0HDxe5RXdIYqjEzbaG1T1xId4=,aaa0byMrzVWuyj9jb5pZXR1FZxY=
-555,-10,jL0HDxe5RXdIYqjEzbaG1T1xId4=,E/SfRhRWgGuu4e1j2k3tJnjiP90=
-554,-11,jL0HDxe5RXdIYqjEzbaG1T1xId4=,E/SfRhRWgGuu4e1j2k3tJnjiP90=
-556,-9,jL0HDxe5RXdIYqjEzbaG1T1xId4=,E/SfRhRWgGuu4e1j2k3tJnjiP90=
-557,-9,jL0HDxe5RXdIYqjEzbaG1T1xId4=,E/SfRhRWgGuu4e1j2k3tJnjiP90=
-555,-9,jL0HDxe5RXdIYqjEzbaG1T1xId4=,E/SfRhRWgGuu4e1j2k3tJnjiP90=
-553,-11,jL0HDxe5RXdIYqjEzbaG1T1xId4=,E/SfRhRWgGuu4e1j2k3tJnjiP90=
-556,-10,jL0HDxe5RXdIYqjEzbaG1T1xId4=,E/SfRhRWgGuu4e1j2k3tJnjiP90=
-558,-9,jL0HDxe5RXdIYqjEzbaG1T1xId4=,E/SfRhRWgGuu4e1j2k3tJnjiP90=
-558,-12,jL0HDxe5RXdIYqjEzbaG1T1xId4=,E/SfRhRWgGuu4e1j2k3tJnjiP90=
-557,-10,jL0HDxe5RXdIYqjEzbaG1T1xId4=,E/SfRhRWgGuu4e1j2k3tJnjiP90=
-560,-10,jL0HDxe5RXdIYqjEzbaG1T1xId4=,E/SfRhRWgGuu4e1j2k3tJnjiP90=
-555,-11,jL0HDxe5RXdIYqjEzbaG1T1xId4=,E/SfRhRWgGuu4e1j2k3tJnjiP90=
-560,-11,jL0HDxe5RXdIYqjEzbaG1T1xId4=,E/SfRhRWgGuu4e1j2k3tJnjiP90=
-553,-12,jL0HDxe5RXdIYqjEzbaG1T1xId4=,E/SfRhRWgGuu4e1j2k3tJnjiP90=
-558,-10,jL0HDxe5RXdIYqjEzbaG1T1xId4=,E/SfRhRWgGuu4e1j2k3tJnjiP90=
-559,-10,jL0HDxe5RXdIYqjEzbaG1T1xId4=,E/SfRhRWgGuu4e1j2k3tJnjiP90=
-553,-10,jL0HDxe5RXdIYqjEzbaG1T1xId4=,E/SfRhRWgGuu4e1j2k3tJnjiP90=
-560,-9,jL0HDxe5RXdIYqjEzbaG1T1xId4=,E/SfRhRWgGuu4e1j2k3tJnjiP90=
-559,-12,jL0HDxe5RXdIYqjEzbaG1T1xId4=,E/SfRhRWgGuu4e1j2k3tJnjiP90=
-554,-9,jL0HDxe5RXdIYqjEzbaG1T1xId4=,E/SfRhRWgGuu4e1j2k3tJnjiP90=
-559,-9,jL0HDxe5RXdIYqjEzbaG1T1xId4=,E/SfRhRWgGuu4e1j2k3tJnjiP90=
-554,-12,jL0HDxe5RXdIYqjEzbaG1T1xId4=,E/SfRhRWgGuu4e1j2k3tJnjiP90=
-554,-10,jL0HDxe5RXdIYqjEzbaG1T1xId4=,E/SfRhRWgGuu4e1j2k3tJnjiP90=
-557,-15,jL0HDxe5RXdIYqjEzbaG1T1xId4=,E/SfRhRWgGuu4e1j2k3tJnjiP90=
-557,-11,jL0HDxe5RXdIYqjEzbaG1T1xId4=,E/SfRhRWgGuu4e1j2k3tJnjiP90=
-558,-14,jL0HDxe5RXdIYqjEzbaG1T1xId4=,E/SfRhRWgGuu4e1j2k3tJnjiP90=
-556,-11,jL0HDxe5RXdIYqjEzbaG1T1xId4=,E/SfRhRWgGuu4e1j2k3tJnjiP90=
-555,-12,jL0HDxe5RXdIYqjEzbaG1T1xId4=,E/SfRhRWgGuu4e1j2k3tJnjiP90=
-557,-14,jL0HDxe5RXdIYqjEzbaG1T1xId4=,E/SfRhRWgGuu4e1j2k3tJnjiP90=
-556,-12,jL0HDxe5RXdIYqjEzbaG1T1xId4=,E/SfRhRWgGuu4e1j2k3tJnjiP90=
-554,-13,jL0HDxe5RXdIYqjEzbaG1T1xId4=,E/SfRhRWgGuu4e1j2k3tJnjiP90=
-553,-15,jL0HDxe5RXdIYqjEzbaG1T1xId4=,E/SfRhRWgGuu4e1j2k3tJnjiP90=
-555,-13,jL0HDxe5RXdIYqjEzbaG1T1xId4=,E/SfRhRWgGuu4e1j2k3tJnjiP90=
-553,-13,jL0HDxe5RXdIYqjEzbaG1T1xId4=,E/SfRhRWgGuu4e1j2k3tJnjiP90=
-554,-15,jL0HDxe5RXdIYqjEzbaG1T1xId4=,E/SfRhRWgGuu4e1j2k3tJnjiP90=
-556,-13,jL0HDxe5RXdIYqjEzbaG1T1xId4=,E/SfRhRWgGuu4e1j2k3tJnjiP90=
-553,-8,jL0HDxe5RXdIYqjEzbaG1T1xId4=,aaa0byMrzVWuyj9jb5pZXR1FZxY=
-557,-12,jL0HDxe5RXdIYqjEzbaG1T1xId4=,E/SfRhRWgGuu4e1j2k3tJnjiP90=
-559,-11,jL0HDxe5RXdIYqjEzbaG1T1xId4=,E/SfRhRWgGuu4e1j2k3tJnjiP90=
-558,-11,jL0HDxe5RXdIYqjEzbaG1T1xId4=,E/SfRhRWgGuu4e1j2k3tJnjiP90=
-557,-13,jL0HDxe5RXdIYqjEzbaG1T1xId4=,E/SfRhRWgGuu4e1j2k3tJnjiP90=
-553,-16,jL0HDxe5RXdIYqjEzbaG1T1xId4=,E/SfRhRWgGuu4e1j2k3tJnjiP90=
-554,-8,jL0HDxe5RXdIYqjEzbaG1T1xId4=,aaa0byMrzVWuyj9jb5pZXR1FZxY=
-555,-8,jL0HDxe5RXdIYqjEzbaG1T1xId4=,aaa0byMrzVWuyj9jb5pZXR1FZxY=
-555,-15,jL0HDxe5RXdIYqjEzbaG1T1xId4=,E/SfRhRWgGuu4e1j2k3tJnjiP90=
-558,-13,jL0HDxe5RXdIYqjEzbaG1T1xId4=,E/SfRhRWgGuu4e1j2k3tJnjiP90=
-559,-13,jL0HDxe5RXdIYqjEzbaG1T1xId4=,E/SfRhRWgGuu4e1j2k3tJnjiP90=
-556,-8,jL0HDxe5RXdIYqjEzbaG1T1xId4=,aaa0byMrzVWuyj9jb5pZXR1FZxY=
-558,-8,jL0HDxe5RXdIYqjEzbaG1T1xId4=,aaa0byMrzVWuyj9jb5pZXR1FZxY=
-557,-8,jL0HDxe5RXdIYqjEzbaG1T1xId4=,aaa0byMrzVWuyj9jb5pZXR1FZxY=
-553,-14,jL0HDxe5RXdIYqjEzbaG1T1xId4=,E/SfRhRWgGuu4e1j2k3tJnjiP90=
-554,-16,jL0HDxe5RXdIYqjEzbaG1T1xId4=,E/SfRhRWgGuu4e1j2k3tJnjiP90=
-559,-8,jL0HDxe5RXdIYqjEzbaG1T1xId4=,aaa0byMrzVWuyj9jb5pZXR1FZxY=
-555,-16,jL0HDxe5RXdIYqjEzbaG1T1xId4=,E/SfRhRWgGuu4e1j2k3tJnjiP90=
-556,-16,jL0HDxe5RXdIYqjEzbaG1T1xId4=,E/SfRhRWgGuu4e1j2k3tJnjiP90=
-554,-14,jL0HDxe5RXdIYqjEzbaG1T1xId4=,E/SfRhRWgGuu4e1j2k3tJnjiP90=
-553,-9,jL0HDxe5RXdIYqjEzbaG1T1xId4=,E/SfRhRWgGuu4e1j2k3tJnjiP90=
-555,-14,jL0HDxe5RXdIYqjEzbaG1T1xId4=,E/SfRhRWgGuu4e1j2k3tJnjiP90=
-556,-14,jL0HDxe5RXdIYqjEzbaG1T1xId4=,E/SfRhRWgGuu4e1j2k3tJnjiP90=
-560,-16,jL0HDxe5RXdIYqjEzbaG1T1xId4=,E/SfRhRWgGuu4e1j2k3tJnjiP90=
-556,-15,jL0HDxe5RXdIYqjEzbaG1T1xId4=,E/SfRhRWgGuu4e1j2k3tJnjiP90=
-560,-12,jL0HDxe5RXdIYqjEzbaG1T1xId4=,E/SfRhRWgGuu4e1j2k3tJnjiP90=
-560,-14,jL0HDxe5RXdIYqjEzbaG1T1xId4=,E/SfRhRWgGuu4e1j2k3tJnjiP90=
-560,-15,jL0HDxe5RXdIYqjEzbaG1T1xId4=,E/SfRhRWgGuu4e1j2k3tJnjiP90=
-560,-8,jL0HDxe5RXdIYqjEzbaG1T1xId4=,aaa0byMrzVWuyj9jb5pZXR1FZxY=
-557,-16,jL0HDxe5RXdIYqjEzbaG1T1xId4=,E/SfRhRWgGuu4e1j2k3tJnjiP90=
-559,-14,jL0HDxe5RXdIYqjEzbaG1T1xId4=,E/SfRhRWgGuu4e1j2k3tJnjiP90=
-559,-16,jL0HDxe5RXdIYqjEzbaG1T1xId4=,E/SfRhRWgGuu4e1j2k3tJnjiP90=
-558,-16,jL0HDxe5RXdIYqjEzbaG1T1xId4=,E/SfRhRWgGuu4e1j2k3tJnjiP90=
-559,-15,jL0HDxe5RXdIYqjEzbaG1T1xId4=,E/SfRhRWgGuu4e1j2k3tJnjiP90=
-558,-15,jL0HDxe5RXdIYqjEzbaG1T1xId4=,E/SfRhRWgGuu4e1j2k3tJnjiP90=
-560,-13,jL0HDxe5RXdIYqjEzbaG1T1xId4=,E/SfRhRWgGuu4e1j2k3tJnjiP90=
-563,-12,JpqmGb0qVvJJ4u2qp3fQYTMfRak=,CaNvzObbJ8TVX5m3lYLDvLElBGw=
-562,-12,JpqmGb0qVvJJ4u2qp3fQYTMfRak=,CaNvzObbJ8TVX5m3lYLDvLElBGw=
-564,-12,JpqmGb0qVvJJ4u2qp3fQYTMfRak=,CaNvzObbJ8TVX5m3lYLDvLElBGw=
-566,-12,JpqmGb0qVvJJ4u2qp3fQYTMfRak=,CaNvzObbJ8TVX5m3lYLDvLElBGw=
-565,-12,JpqmGb0qVvJJ4u2qp3fQYTMfRak=,CaNvzObbJ8TVX5m3lYLDvLElBGw=
-568,-11,JpqmGb0qVvJJ4u2qp3fQYTMfRak=,CaNvzObbJ8TVX5m3lYLDvLElBGw=
-567,-11,JpqmGb0qVvJJ4u2qp3fQYTMfRak=,CaNvzObbJ8TVX5m3lYLDvLElBGw=
-561,-12,JpqmGb0qVvJJ4u2qp3fQYTMfRak=,CaNvzObbJ8TVX5m3lYLDvLElBGw=
-566,-11,JpqmGb0qVvJJ4u2qp3fQYTMfRak=,CaNvzObbJ8TVX5m3lYLDvLElBGw=
-565,-11,JpqmGb0qVvJJ4u2qp3fQYTMfRak=,CaNvzObbJ8TVX5m3lYLDvLElBGw=
-564,-11,JpqmGb0qVvJJ4u2qp3fQYTMfRak=,CaNvzObbJ8TVX5m3lYLDvLElBGw=
-567,-12,JpqmGb0qVvJJ4u2qp3fQYTMfRak=,CaNvzObbJ8TVX5m3lYLDvLElBGw=
-568,-12,JpqmGb0qVvJJ4u2qp3fQYTMfRak=,CaNvzObbJ8TVX5m3lYLDvLElBGw=
-563,-11,JpqmGb0qVvJJ4u2qp3fQYTMfRak=,CaNvzObbJ8TVX5m3lYLDvLElBGw=
-563,-13,JpqmGb0qVvJJ4u2qp3fQYTMfRak=,CaNvzObbJ8TVX5m3lYLDvLElBGw=
-564,-13,JpqmGb0qVvJJ4u2qp3fQYTMfRak=,CaNvzObbJ8TVX5m3lYLDvLElBGw=
-565,-13,JpqmGb0qVvJJ4u2qp3fQYTMfRak=,CaNvzObbJ8TVX5m3lYLDvLElBGw=
-568,-13,JpqmGb0qVvJJ4u2qp3fQYTMfRak=,CaNvzObbJ8TVX5m3lYLDvLElBGw=
-562,-14,JpqmGb0qVvJJ4u2qp3fQYTMfRak=,CaNvzObbJ8TVX5m3lYLDvLElBGw=
-567,-13,JpqmGb0qVvJJ4u2qp3fQYTMfRak=,CaNvzObbJ8TVX5m3lYLDvLElBGw=
-566,-13,JpqmGb0qVvJJ4u2qp3fQYTMfRak=,CaNvzObbJ8TVX5m3lYLDvLElBGw=
-563,-14,JpqmGb0qVvJJ4u2qp3fQYTMfRak=,CaNvzObbJ8TVX5m3lYLDvLElBGw=
-564,-14,JpqmGb0qVvJJ4u2qp3fQYTMfRak=,CaNvzObbJ8TVX5m3lYLDvLElBGw=
-565,-14,JpqmGb0qVvJJ4u2qp3fQYTMfRak=,CaNvzObbJ8TVX5m3lYLDvLElBGw=
-566,-14,JpqmGb0qVvJJ4u2qp3fQYTMfRak=,CaNvzObbJ8TVX5m3lYLDvLElBGw=
-567,-14,JpqmGb0qVvJJ4u2qp3fQYTMfRak=,CaNvzObbJ8TVX5m3lYLDvLElBGw=
-568,-14,JpqmGb0qVvJJ4u2qp3fQYTMfRak=,CaNvzObbJ8TVX5m3lYLDvLElBGw=
-561,-15,JpqmGb0qVvJJ4u2qp3fQYTMfRak=,CaNvzObbJ8TVX5m3lYLDvLElBGw=
-562,-15,JpqmGb0qVvJJ4u2qp3fQYTMfRak=,CaNvzObbJ8TVX5m3lYLDvLElBGw=
-563,-15,JpqmGb0qVvJJ4u2qp3fQYTMfRak=,CaNvzObbJ8TVX5m3lYLDvLElBGw=
-564,-15,JpqmGb0qVvJJ4u2qp3fQYTMfRak=,CaNvzObbJ8TVX5m3lYLDvLElBGw=
-565,-15,JpqmGb0qVvJJ4u2qp3fQYTMfRak=,CaNvzObbJ8TVX5m3lYLDvLElBGw=
-566,-15,JpqmGb0qVvJJ4u2qp3fQYTMfRak=,CaNvzObbJ8TVX5m3lYLDvLElBGw=
-562,-13,JpqmGb0qVvJJ4u2qp3fQYTMfRak=,CaNvzObbJ8TVX5m3lYLDvLElBGw=
-567,-15,JpqmGb0qVvJJ4u2qp3fQYTMfRak=,CaNvzObbJ8TVX5m3lYLDvLElBGw=
-568,-15,JpqmGb0qVvJJ4u2qp3fQYTMfRak=,CaNvzObbJ8TVX5m3lYLDvLElBGw=
-561,-16,JpqmGb0qVvJJ4u2qp3fQYTMfRak=,CaNvzObbJ8TVX5m3lYLDvLElBGw=
-561,-14,JpqmGb0qVvJJ4u2qp3fQYTMfRak=,CaNvzObbJ8TVX5m3lYLDvLElBGw=
-563,-16,JpqmGb0qVvJJ4u2qp3fQYTMfRak=,CaNvzObbJ8TVX5m3lYLDvLElBGw=
-564,-16,JpqmGb0qVvJJ4u2qp3fQYTMfRak=,CaNvzObbJ8TVX5m3lYLDvLElBGw=
-562,-16,JpqmGb0qVvJJ4u2qp3fQYTMfRak=,CaNvzObbJ8TVX5m3lYLDvLElBGw=
-561,-10,JpqmGb0qVvJJ4u2qp3fQYTMfRak=,CaNvzObbJ8TVX5m3lYLDvLElBGw=
-565,-16,JpqmGb0qVvJJ4u2qp3fQYTMfRak=,CaNvzObbJ8TVX5m3lYLDvLElBGw=
-563,-10,JpqmGb0qVvJJ4u2qp3fQYTMfRak=,CaNvzObbJ8TVX5m3lYLDvLElBGw=
-567,-16,JpqmGb0qVvJJ4u2qp3fQYTMfRak=,CaNvzObbJ8TVX5m3lYLDvLElBGw=
-566,-16,JpqmGb0qVvJJ4u2qp3fQYTMfRak=,CaNvzObbJ8TVX5m3lYLDvLElBGw=
-565,-10,JpqmGb0qVvJJ4u2qp3fQYTMfRak=,CaNvzObbJ8TVX5m3lYLDvLElBGw=
-566,-10,JpqmGb0qVvJJ4u2qp3fQYTMfRak=,CaNvzObbJ8TVX5m3lYLDvLElBGw=
-567,-10,JpqmGb0qVvJJ4u2qp3fQYTMfRak=,CaNvzObbJ8TVX5m3lYLDvLElBGw=
-568,-10,JpqmGb0qVvJJ4u2qp3fQYTMfRak=,CaNvzObbJ8TVX5m3lYLDvLElBGw=
-568,-16,JpqmGb0qVvJJ4u2qp3fQYTMfRak=,CaNvzObbJ8TVX5m3lYLDvLElBGw=
-564,-10,JpqmGb0qVvJJ4u2qp3fQYTMfRak=,CaNvzObbJ8TVX5m3lYLDvLElBGw=
-562,-11,JpqmGb0qVvJJ4u2qp3fQYTMfRak=,CaNvzObbJ8TVX5m3lYLDvLElBGw=
-561,-11,JpqmGb0qVvJJ4u2qp3fQYTMfRak=,CaNvzObbJ8TVX5m3lYLDvLElBGw=
-562,-10,JpqmGb0qVvJJ4u2qp3fQYTMfRak=,CaNvzObbJ8TVX5m3lYLDvLElBGw=
-561,-13,JpqmGb0qVvJJ4u2qp3fQYTMfRak=,CaNvzObbJ8TVX5m3lYLDvLElBGw=
-562,-4,JpqmGb0qVvJJ4u2qp3fQYTMfRak=,nWoOiraf5ztz4eNzK27tQAczuc8=
-562,-2,JpqmGb0qVvJJ4u2qp3fQYTMfRak=,nWoOiraf5ztz4eNzK27tQAczuc8=
-561,-2,JpqmGb0qVvJJ4u2qp3fQYTMfRak=,nWoOiraf5ztz4eNzK27tQAczuc8=
-568,-1,JpqmGb0qVvJJ4u2qp3fQYTMfRak=,nWoOiraf5ztz4eNzK27tQAczuc8=
-563,-2,JpqmGb0qVvJJ4u2qp3fQYTMfRak=,nWoOiraf5ztz4eNzK27tQAczuc8=
-565,-2,JpqmGb0qVvJJ4u2qp3fQYTMfRak=,nWoOiraf5ztz4eNzK27tQAczuc8=
-564,-2,JpqmGb0qVvJJ4u2qp3fQYTMfRak=,nWoOiraf5ztz4eNzK27tQAczuc8=
-561,-4,JpqmGb0qVvJJ4u2qp3fQYTMfRak=,nWoOiraf5ztz4eNzK27tQAczuc8=
-567,-7,JpqmGb0qVvJJ4u2qp3fQYTMfRak=,nWoOiraf5ztz4eNzK27tQAczuc8=
-562,-6,JpqmGb0qVvJJ4u2qp3fQYTMfRak=,nWoOiraf5ztz4eNzK27tQAczuc8=
-561,-9,JpqmGb0qVvJJ4u2qp3fQYTMfRak=,CaNvzObbJ8TVX5m3lYLDvLElBGw=
-562,-9,JpqmGb0qVvJJ4u2qp3fQYTMfRak=,CaNvzObbJ8TVX5m3lYLDvLElBGw=
-568,-4,JpqmGb0qVvJJ4u2qp3fQYTMfRak=,nWoOiraf5ztz4eNzK27tQAczuc8=
-563,-6,JpqmGb0qVvJJ4u2qp3fQYTMfRak=,nWoOiraf5ztz4eNzK27tQAczuc8=
-566,-2,JpqmGb0qVvJJ4u2qp3fQYTMfRak=,nWoOiraf5ztz4eNzK27tQAczuc8=
-568,-7,JpqmGb0qVvJJ4u2qp3fQYTMfRak=,nWoOiraf5ztz4eNzK27tQAczuc8=
-567,-2,JpqmGb0qVvJJ4u2qp3fQYTMfRak=,nWoOiraf5ztz4eNzK27tQAczuc8=
-564,-9,JpqmGb0qVvJJ4u2qp3fQYTMfRak=,CaNvzObbJ8TVX5m3lYLDvLElBGw=
-561,-6,JpqmGb0qVvJJ4u2qp3fQYTMfRak=,nWoOiraf5ztz4eNzK27tQAczuc8=
-563,-8,JpqmGb0qVvJJ4u2qp3fQYTMfRak=,nWoOiraf5ztz4eNzK27tQAczuc8=
-565,-9,JpqmGb0qVvJJ4u2qp3fQYTMfRak=,CaNvzObbJ8TVX5m3lYLDvLElBGw=
-566,-9,JpqmGb0qVvJJ4u2qp3fQYTMfRak=,CaNvzObbJ8TVX5m3lYLDvLElBGw=
-567,-9,JpqmGb0qVvJJ4u2qp3fQYTMfRak=,CaNvzObbJ8TVX5m3lYLDvLElBGw=
-564,-6,JpqmGb0qVvJJ4u2qp3fQYTMfRak=,nWoOiraf5ztz4eNzK27tQAczuc8=
-568,-9,JpqmGb0qVvJJ4u2qp3fQYTMfRak=,CaNvzObbJ8TVX5m3lYLDvLElBGw=
-568,-6,JpqmGb0qVvJJ4u2qp3fQYTMfRak=,nWoOiraf5ztz4eNzK27tQAczuc8=
-563,-4,JpqmGb0qVvJJ4u2qp3fQYTMfRak=,nWoOiraf5ztz4eNzK27tQAczuc8=
-564,-4,JpqmGb0qVvJJ4u2qp3fQYTMfRak=,nWoOiraf5ztz4eNzK27tQAczuc8=
-566,-8,JpqmGb0qVvJJ4u2qp3fQYTMfRak=,nWoOiraf5ztz4eNzK27tQAczuc8=
-568,-2,JpqmGb0qVvJJ4u2qp3fQYTMfRak=,nWoOiraf5ztz4eNzK27tQAczuc8=
-566,-4,JpqmGb0qVvJJ4u2qp3fQYTMfRak=,nWoOiraf5ztz4eNzK27tQAczuc8=
-565,-4,JpqmGb0qVvJJ4u2qp3fQYTMfRak=,nWoOiraf5ztz4eNzK27tQAczuc8=
-564,-8,JpqmGb0qVvJJ4u2qp3fQYTMfRak=,nWoOiraf5ztz4eNzK27tQAczuc8=
-561,-3,JpqmGb0qVvJJ4u2qp3fQYTMfRak=,nWoOiraf5ztz4eNzK27tQAczuc8=
-561,-8,JpqmGb0qVvJJ4u2qp3fQYTMfRak=,nWoOiraf5ztz4eNzK27tQAczuc8=
-562,-3,JpqmGb0qVvJJ4u2qp3fQYTMfRak=,nWoOiraf5ztz4eNzK27tQAczuc8=
-567,-4,JpqmGb0qVvJJ4u2qp3fQYTMfRak=,nWoOiraf5ztz4eNzK27tQAczuc8=
-563,-3,JpqmGb0qVvJJ4u2qp3fQYTMfRak=,nWoOiraf5ztz4eNzK27tQAczuc8=
-564,-3,JpqmGb0qVvJJ4u2qp3fQYTMfRak=,nWoOiraf5ztz4eNzK27tQAczuc8=
-565,-3,JpqmGb0qVvJJ4u2qp3fQYTMfRak=,nWoOiraf5ztz4eNzK27tQAczuc8=
-566,-3,JpqmGb0qVvJJ4u2qp3fQYTMfRak=,nWoOiraf5ztz4eNzK27tQAczuc8=
-565,-8,JpqmGb0qVvJJ4u2qp3fQYTMfRak=,nWoOiraf5ztz4eNzK27tQAczuc8=
-567,-6,JpqmGb0qVvJJ4u2qp3fQYTMfRak=,nWoOiraf5ztz4eNzK27tQAczuc8=
-561,-5,JpqmGb0qVvJJ4u2qp3fQYTMfRak=,nWoOiraf5ztz4eNzK27tQAczuc8=
-563,-9,JpqmGb0qVvJJ4u2qp3fQYTMfRak=,CaNvzObbJ8TVX5m3lYLDvLElBGw=
-561,-1,JpqmGb0qVvJJ4u2qp3fQYTMfRak=,nWoOiraf5ztz4eNzK27tQAczuc8=
-562,-8,JpqmGb0qVvJJ4u2qp3fQYTMfRak=,nWoOiraf5ztz4eNzK27tQAczuc8=
-562,-1,JpqmGb0qVvJJ4u2qp3fQYTMfRak=,nWoOiraf5ztz4eNzK27tQAczuc8=
-567,-8,JpqmGb0qVvJJ4u2qp3fQYTMfRak=,nWoOiraf5ztz4eNzK27tQAczuc8=
-568,-5,JpqmGb0qVvJJ4u2qp3fQYTMfRak=,nWoOiraf5ztz4eNzK27tQAczuc8=
-568,-3,JpqmGb0qVvJJ4u2qp3fQYTMfRak=,nWoOiraf5ztz4eNzK27tQAczuc8=
-563,-1,JpqmGb0qVvJJ4u2qp3fQYTMfRak=,nWoOiraf5ztz4eNzK27tQAczuc8=
-565,-1,JpqmGb0qVvJJ4u2qp3fQYTMfRak=,nWoOiraf5ztz4eNzK27tQAczuc8=
-563,-7,JpqmGb0qVvJJ4u2qp3fQYTMfRak=,nWoOiraf5ztz4eNzK27tQAczuc8=
-564,-1,JpqmGb0qVvJJ4u2qp3fQYTMfRak=,nWoOiraf5ztz4eNzK27tQAczuc8=
-566,-1,JpqmGb0qVvJJ4u2qp3fQYTMfRak=,nWoOiraf5ztz4eNzK27tQAczuc8=
-568,-8,JpqmGb0qVvJJ4u2qp3fQYTMfRak=,nWoOiraf5ztz4eNzK27tQAczuc8=
-567,-1,JpqmGb0qVvJJ4u2qp3fQYTMfRak=,nWoOiraf5ztz4eNzK27tQAczuc8=
-564,-7,JpqmGb0qVvJJ4u2qp3fQYTMfRak=,nWoOiraf5ztz4eNzK27tQAczuc8=
-566,-7,JpqmGb0qVvJJ4u2qp3fQYTMfRak=,nWoOiraf5ztz4eNzK27tQAczuc8=
-564,-5,JpqmGb0qVvJJ4u2qp3fQYTMfRak=,nWoOiraf5ztz4eNzK27tQAczuc8=
-565,-5,JpqmGb0qVvJJ4u2qp3fQYTMfRak=,nWoOiraf5ztz4eNzK27tQAczuc8=
-567,-3,JpqmGb0qVvJJ4u2qp3fQYTMfRak=,nWoOiraf5ztz4eNzK27tQAczuc8=
-566,-6,JpqmGb0qVvJJ4u2qp3fQYTMfRak=,nWoOiraf5ztz4eNzK27tQAczuc8=
-565,-6,JpqmGb0qVvJJ4u2qp3fQYTMfRak=,nWoOiraf5ztz4eNzK27tQAczuc8=
-563,-5,JpqmGb0qVvJJ4u2qp3fQYTMfRak=,nWoOiraf5ztz4eNzK27tQAczuc8=
-562,-7,JpqmGb0qVvJJ4u2qp3fQYTMfRak=,nWoOiraf5ztz4eNzK27tQAczuc8=
-566,-5,JpqmGb0qVvJJ4u2qp3fQYTMfRak=,nWoOiraf5ztz4eNzK27tQAczuc8=
-562,-5,JpqmGb0qVvJJ4u2qp3fQYTMfRak=,nWoOiraf5ztz4eNzK27tQAczuc8=
-567,-5,JpqmGb0qVvJJ4u2qp3fQYTMfRak=,nWoOiraf5ztz4eNzK27tQAczuc8=
-565,-7,JpqmGb0qVvJJ4u2qp3fQYTMfRak=,nWoOiraf5ztz4eNzK27tQAczuc8=
-561,-7,JpqmGb0qVvJJ4u2qp3fQYTMfRak=,nWoOiraf5ztz4eNzK27tQAczuc8=
