-244,13,mb1Nf/M0MXD8asKJR112WMLHpbE=,bnjLUjW43NmiXWm/s24vqHM8hy0=
-245,13,mb1Nf/M0MXD8asKJR112WMLHpbE=,bnjLUjW43NmiXWm/s24vqHM8hy0=
-246,13,mb1Nf/M0MXD8asKJR112WMLHpbE=,bnjLUjW43NmiXWm/s24vqHM8hy0=
-247,13,mb1Nf/M0MXD8asKJR112WMLHpbE=,bnjLUjW43NmiXWm/s24vqHM8hy0=
-243,12,mb1Nf/M0MXD8asKJR112WMLHpbE=,bnjLUjW43NmiXWm/s24vqHM8hy0=
-244,12,mb1Nf/M0MXD8asKJR112WMLHpbE=,bnjLUjW43NmiXWm/s24vqHM8hy0=
-242,12,mb1Nf/M0MXD8asKJR112WMLHpbE=,bnjLUjW43NmiXWm/s24vqHM8hy0=
-245,12,mb1Nf/M0MXD8asKJR112WMLHpbE=,bnjLUjW43NmiXWm/s24vqHM8hy0=
-246,12,mb1Nf/M0MXD8asKJR112WMLHpbE=,bnjLUjW43NmiXWm/s24vqHM8hy0=
-241,12,mb1Nf/M0MXD8asKJR112WMLHpbE=,bnjLUjW43NmiXWm/s24vqHM8hy0=
-247,12,mb1Nf/M0MXD8asKJR112WMLHpbE=,bnjLUjW43NmiXWm/s24vqHM8hy0=
-242,11,mb1Nf/M0MXD8asKJR112WMLHpbE=,bnjLUjW43NmiXWm/s24vqHM8hy0=
-243,11,mb1Nf/M0MXD8asKJR112WMLHpbE=,bnjLUjW43NmiXWm/s24vqHM8hy0=
-241,11,mb1Nf/M0MXD8asKJR112WMLHpbE=,bnjLUjW43NmiXWm/s24vqHM8hy0=
-245,11,mb1Nf/M0MXD8asKJR112WMLHpbE=,bnjLUjW43NmiXWm/s24vqHM8hy0=
-244,11,mb1Nf/M0MXD8asKJR112WMLHpbE=,bnjLUjW43NmiXWm/s24vqHM8hy0=
-241,9,mb1Nf/M0MXD8asKJR112WMLHpbE=,bnjLUjW43NmiXWm/s24vqHM8hy0=
-247,11,mb1Nf/M0MXD8asKJR112WMLHpbE=,bnjLUjW43NmiXWm/s24vqHM8hy0=
-242,10,mb1Nf/M0MXD8asKJR112WMLHpbE=,bnjLUjW43NmiXWm/s24vqHM8hy0=
-244,9,mb1Nf/M0MXD8asKJR112WMLHpbE=,bnjLUjW43NmiXWm/s24vqHM8hy0=
-246,11,mb1Nf/M0MXD8asKJR112WMLHpbE=,bnjLUjW43NmiXWm/s24vqHM8hy0=
-245,9,mb1Nf/M0MXD8asKJR112WMLHpbE=,bnjLUjW43NmiXWm/s24vqHM8hy0=
-241,10,mb1Nf/M0MXD8asKJR112WMLHpbE=,bnjLUjW43NmiXWm/s24vqHM8hy0=
-241,15,mb1Nf/M0MXD8asKJR112WMLHpbE=,bnjLUjW43NmiXWm/s24vqHM8hy0=
-242,9,mb1Nf/M0MXD8asKJR112WMLHpbE=,bnjLUjW43NmiXWm/s24vqHM8hy0=
-242,15,mb1Nf/M0MXD8asKJR112WMLHpbE=,bnjLUjW43NmiXWm/s24vqHM8hy0=
-241,8,mb1Nf/M0MXD8asKJR112WMLHpbE=,bnjLUjW43NmiXWm/s24vqHM8hy0=
-247,9,mb1Nf/M0MXD8asKJR112WMLHpbE=,bnjLUjW43NmiXWm/s24vqHM8hy0=
-243,15,mb1Nf/M0MXD8asKJR112WMLHpbE=,bnjLUjW43NmiXWm/s24vqHM8hy0=
-242,8,mb1Nf/M0MXD8asKJR112WMLHpbE=,bnjLUjW43NmiXWm/s24vqHM8hy0=
-243,10,mb1Nf/M0MXD8asKJR112WMLHpbE=,bnjLUjW43NmiXWm/s24vqHM8hy0=
-244,15,mb1Nf/M0MXD8asKJR112WMLHpbE=,bnjLUjW43NmiXWm/s24vqHM8hy0=
-243,8,mb1Nf/M0MXD8asKJR112WMLHpbE=,bnjLUjW43NmiXWm/s24vqHM8hy0=
-245,15,mb1Nf/M0MXD8asKJR112WMLHpbE=,bnjLUjW43NmiXWm/s24vqHM8hy0=
-246,15,mb1Nf/M0MXD8asKJR112WMLHpbE=,bnjLUjW43NmiXWm/s24vqHM8hy0=
-247,15,mb1Nf/M0MXD8asKJR112WMLHpbE=,bnjLUjW43NmiXWm/s24vqHM8hy0=
-244,8,mb1Nf/M0MXD8asKJR112WMLHpbE=,bnjLUjW43NmiXWm/s24vqHM8hy0=
-241,14,mb1Nf/M0MXD8asKJR112WMLHpbE=,bnjLUjW43NmiXWm/s24vqHM8hy0=
-242,14,mb1Nf/M0MXD8asKJR112WMLHpbE=,bnjLUjW43NmiXWm/s24vqHM8hy0=
-246,9,mb1Nf/M0MXD8asKJR112WMLHpbE=,bnjLUjW43NmiXWm/s24vqHM8hy0=
-245,8,mb1Nf/M0MXD8asKJR112WMLHpbE=,bnjLUjW43NmiXWm/s24vqHM8hy0=
-244,14,mb1Nf/M0MXD8asKJR112WMLHpbE=,bnjLUjW43NmiXWm/s24vqHM8hy0=
-243,14,mb1Nf/M0MXD8asKJR112WMLHpbE=,bnjLUjW43NmiXWm/s24vqHM8hy0=
-245,14,mb1Nf/M0MXD8asKJR112WMLHpbE=,bnjLUjW43NmiXWm/s24vqHM8hy0=
-246,14,mb1Nf/M0MXD8asKJR112WMLHpbE=,bnjLUjW43NmiXWm/s24vqHM8hy0=
-247,14,mb1Nf/M0MXD8asKJR112WMLHpbE=,bnjLUjW43NmiXWm/s24vqHM8hy0=
-241,13,mb1Nf/M0MXD8asKJR112WMLHpbE=,bnjLUjW43NmiXWm/s24vqHM8hy0=
-243,9,mb1Nf/M0MXD8asKJR112WMLHpbE=,bnjLUjW43NmiXWm/s24vqHM8hy0=
-246,8,mb1Nf/M0MXD8asKJR112WMLHpbE=,bnjLUjW43NmiXWm/s24vqHM8hy0=
-247,8,mb1Nf/M0MXD8asKJR112WMLHpbE=,bnjLUjW43NmiXWm/s24vqHM8hy0=
-242,13,mb1Nf/M0MXD8asKJR112WMLHpbE=,bnjLUjW43NmiXWm/s24vqHM8hy0=
-243,13,mb1Nf/M0MXD8asKJR112WMLHpbE=,bnjLUjW43NmiXWm/s24vqHM8hy0=
-245,10,mb1Nf/M0MXD8asKJR112WMLHpbE=,bnjLUjW43NmiXWm/s24vqHM8hy0=
-247,10,mb1Nf/M0MXD8asKJR112WMLHpbE=,bnjLUjW43NmiXWm/s24vqHM8hy0=
-246,10,mb1Nf/M0MXD8asKJR112WMLHpbE=,bnjLUjW43NmiXWm/s24vqHM8hy0=
-244,10,mb1Nf/M0MXD8asKJR112WMLHpbE=,bnjLUjW43NmiXWm/s24vqHM8hy0=
-250,12,mb1Nf/M0MXD8asKJR112WMLHpbE=,KdXROfO+elVzSfvi35d742DgmLM=
-252,15,mb1Nf/M0MXD8asKJR112WMLHpbE=,KdXROfO+elVzSfvi35d742DgmLM=
-256,11,mb1Nf/M0MXD8asKJR112WMLHpbE=,KdXROfO+elVzSfvi35d742DgmLM=
-248,13,mb1Nf/M0MXD8asKJR112WMLHpbE=,bnjLUjW43NmiXWm/s24vqHM8hy0=
-252,13,mb1Nf/M0MXD8asKJR112WMLHpbE=,KdXROfO+elVzSfvi35d742DgmLM=
-253,15,mb1Nf/M0MXD8asKJR112WMLHpbE=,KdXROfO+elVzSfvi35d742DgmLM=
-253,13,mb1Nf/M0MXD8asKJR112WMLHpbE=,KdXROfO+elVzSfvi35d742DgmLM=
-255,13,mb1Nf/M0MXD8asKJR112WMLHpbE=,KdXROfO+elVzSfvi35d742DgmLM=
-254,13,mb1Nf/M0MXD8asKJR112WMLHpbE=,KdXROfO+elVzSfvi35d742DgmLM=
-254,15,mb1Nf/M0MXD8asKJR112WMLHpbE=,KdXROfO+elVzSfvi35d742DgmLM=
-248,12,mb1Nf/M0MXD8asKJR112WMLHpbE=,bnjLUjW43NmiXWm/s24vqHM8hy0=
-256,13,mb1Nf/M0MXD8asKJR112WMLHpbE=,KdXROfO+elVzSfvi35d742DgmLM=
-249,12,mb1Nf/M0MXD8asKJR112WMLHpbE=,KdXROfO+elVzSfvi35d742DgmLM=
-252,8,mb1Nf/M0MXD8asKJR112WMLHpbE=,KdXROfO+elVzSfvi35d742DgmLM=
-255,15,mb1Nf/M0MXD8asKJR112WMLHpbE=,KdXROfO+elVzSfvi35d742DgmLM=
-256,15,mb1Nf/M0MXD8asKJR112WMLHpbE=,KdXROfO+elVzSfvi35d742DgmLM=
-249,14,mb1Nf/M0MXD8asKJR112WMLHpbE=,KdXROfO+elVzSfvi35d742DgmLM=
-250,14,mb1Nf/M0MXD8asKJR112WMLHpbE=,KdXROfO+elVzSfvi35d742DgmLM=
-251,14,mb1Nf/M0MXD8asKJR112WMLHpbE=,KdXROfO+elVzSfvi35d742DgmLM=
-254,14,mb1Nf/M0MXD8asKJR112WMLHpbE=,KdXROfO+elVzSfvi35d742DgmLM=
-250,9,mb1Nf/M0MXD8asKJR112WMLHpbE=,KdXROfO+elVzSfvi35d742DgmLM=
-253,14,mb1Nf/M0MXD8asKJR112WMLHpbE=,KdXROfO+elVzSfvi35d742DgmLM=
-253,8,mb1Nf/M0MXD8asKJR112WMLHpbE=,KdXROfO+elVzSfvi35d742DgmLM=
-254,8,mb1Nf/M0MXD8asKJR112WMLHpbE=,KdXROfO+elVzSfvi35d742DgmLM=
-252,14,mb1Nf/M0MXD8asKJR112WMLHpbE=,KdXROfO+elVzSfvi35d742DgmLM=
-251,9,mb1Nf/M0MXD8asKJR112WMLHpbE=,KdXROfO+elVzSfvi35d742DgmLM=
-249,8,mb1Nf/M0MXD8asKJR112WMLHpbE=,KdXROfO+elVzSfvi35d742DgmLM=
-250,8,mb1Nf/M0MXD8asKJR112WMLHpbE=,KdXROfO+elVzSfvi35d742DgmLM=
-251,8,mb1Nf/M0MXD8asKJR112WMLHpbE=,KdXROfO+elVzSfvi35d742DgmLM=
-255,14,mb1Nf/M0MXD8asKJR112WMLHpbE=,KdXROfO+elVzSfvi35d742DgmLM=
-249,9,mb1Nf/M0MXD8asKJR112WMLHpbE=,KdXROfO+elVzSfvi35d742DgmLM=
-251,13,mb1Nf/M0MXD8asKJR112WMLHpbE=,KdXROfO+elVzSfvi35d742DgmLM=
-251,15,mb1Nf/M0MXD8asKJR112WMLHpbE=,KdXROfO+elVzSfvi35d742DgmLM=
-255,8,mb1Nf/M0MXD8asKJR112WMLHpbE=,KdXROfO+elVzSfvi35d742DgmLM=
-251,12,mb1Nf/M0MXD8asKJR112WMLHpbE=,KdXROfO+elVzSfvi35d742DgmLM=
-255,11,mb1Nf/M0MXD8asKJR112WMLHpbE=,KdXROfO+elVzSfvi35d742DgmLM=
-252,12,mb1Nf/M0MXD8asKJR112WMLHpbE=,KdXROfO+elVzSfvi35d742DgmLM=
-249,10,mb1Nf/M0MXD8asKJR112WMLHpbE=,KdXROfO+elVzSfvi35d742DgmLM=
-254,12,mb1Nf/M0MXD8asKJR112WMLHpbE=,KdXROfO+elVzSfvi35d742DgmLM=
-255,12,mb1Nf/M0MXD8asKJR112WMLHpbE=,KdXROfO+elVzSfvi35d742DgmLM=
-256,12,mb1Nf/M0MXD8asKJR112WMLHpbE=,KdXROfO+elVzSfvi35d742DgmLM=
-254,9,mb1Nf/M0MXD8asKJR112WMLHpbE=,KdXROfO+elVzSfvi35d742DgmLM=
-250,11,mb1Nf/M0MXD8asKJR112WMLHpbE=,KdXROfO+elVzSfvi35d742DgmLM=
-253,12,mb1Nf/M0MXD8asKJR112WMLHpbE=,KdXROfO+elVzSfvi35d742DgmLM=
-256,8,mb1Nf/M0MXD8asKJR112WMLHpbE=,KdXROfO+elVzSfvi35d742DgmLM=
-252,9,mb1Nf/M0MXD8asKJR112WMLHpbE=,KdXROfO+elVzSfvi35d742DgmLM=
-256,14,mb1Nf/M0MXD8asKJR112WMLHpbE=,KdXROfO+elVzSfvi35d742DgmLM=
-250,10,mb1Nf/M0MXD8asKJR112WMLHpbE=,KdXROfO+elVzSfvi35d742DgmLM=
-248,9,mb1Nf/M0MXD8asKJR112WMLHpbE=,bnjLUjW43NmiXWm/s24vqHM8hy0=
-255,9,mb1Nf/M0MXD8asKJR112WMLHpbE=,KdXROfO+elVzSfvi35d742DgmLM=
-248,15,mb1Nf/M0MXD8asKJR112WMLHpbE=,bnjLUjW43NmiXWm/s24vqHM8hy0=
-248,14,mb1Nf/M0MXD8asKJR112WMLHpbE=,bnjLUjW43NmiXWm/s24vqHM8hy0=
-249,13,mb1Nf/M0MXD8asKJR112WMLHpbE=,KdXROfO+elVzSfvi35d742DgmLM=
-250,13,mb1Nf/M0MXD8asKJR112WMLHpbE=,KdXROfO+elVzSfvi35d742DgmLM=
-256,10,mb1Nf/M0MXD8asKJR112WMLHpbE=,KdXROfO+elVzSfvi35d742DgmLM=
-248,8,mb1Nf/M0MXD8asKJR112WMLHpbE=,bnjLUjW43NmiXWm/s24vqHM8hy0=
-249,15,mb1Nf/M0MXD8asKJR112WMLHpbE=,KdXROfO+elVzSfvi35d742DgmLM=
-250,15,mb1Nf/M0MXD8asKJR112WMLHpbE=,KdXROfO+elVzSfvi35d742DgmLM=
-248,11,mb1Nf/M0MXD8asKJR112WMLHpbE=,bnjLUjW43NmiXWm/s24vqHM8hy0=
-251,11,mb1Nf/M0MXD8asKJR112WMLHpbE=,KdXROfO+elVzSfvi35d742DgmLM=
-248,10,mb1Nf/M0MXD8asKJR112WMLHpbE=,bnjLUjW43NmiXWm/s24vqHM8hy0=
-255,10,mb1Nf/M0MXD8asKJR112WMLHpbE=,KdXROfO+elVzSfvi35d742DgmLM=
-254,11,mb1Nf/M0MXD8asKJR112WMLHpbE=,KdXROfO+elVzSfvi35d742DgmLM=
-253,11,mb1Nf/M0MXD8asKJR112WMLHpbE=,KdXROfO+elVzSfvi35d742DgmLM=
-256,9,mb1Nf/M0MXD8asKJR112WMLHpbE=,KdXROfO+elVzSfvi35d742DgmLM=
-253,9,mb1Nf/M0MXD8asKJR112WMLHpbE=,KdXROfO+elVzSfvi35d742DgmLM=
-252,11,mb1Nf/M0MXD8asKJR112WMLHpbE=,KdXROfO+elVzSfvi35d742DgmLM=
-249,11,mb1Nf/M0MXD8asKJR112WMLHpbE=,KdXROfO+elVzSfvi35d742DgmLM=
-252,10,mb1Nf/M0MXD8asKJR112WMLHpbE=,KdXROfO+elVzSfvi35d742DgmLM=
-251,10,mb1Nf/M0MXD8asKJR112WMLHpbE=,KdXROfO+elVzSfvi35d742DgmLM=
-253,10,mb1Nf/M0MXD8asKJR112WMLHpbE=,KdXROfO+elVzSfvi35d742DgmLM=
-254,10,mb1Nf/M0MXD8asKJR112WMLHpbE=,KdXROfO+elVzSfvi35d742DgmLM=
-239,9,mGLeOgBJLFA3X+Q5Vo/RuMJYm9Q=,KHH1kkDHm0wz9BYJ7/9gjwClfko=
-236,15,mGLeOgBJLFA3X+Q5Vo/RuMJYm9Q=,KHH1kkDHm0wz9BYJ7/9gjwClfko=
-237,15,mGLeOgBJLFA3X+Q5Vo/RuMJYm9Q=,KHH1kkDHm0wz9BYJ7/9gjwClfko=
-235,15,mGLeOgBJLFA3X+Q5Vo/RuMJYm9Q=,KHH1kkDHm0wz9BYJ7/9gjwClfko=
-234,15,mGLeOgBJLFA3X+Q5Vo/RuMJYm9Q=,KHH1kkDHm0wz9BYJ7/9gjwClfko=
-236,9,mGLeOgBJLFA3X+Q5Vo/RuMJYm9Q=,KHH1kkDHm0wz9BYJ7/9gjwClfko=
-235,9,mGLeOgBJLFA3X+Q5Vo/RuMJYm9Q=,KHH1kkDHm0wz9BYJ7/9gjwClfko=
-240,14,mGLeOgBJLFA3X+Q5Vo/RuMJYm9Q=,KHH1kkDHm0wz9BYJ7/9gjwClfko=
-234,9,mGLeOgBJLFA3X+Q5Vo/RuMJYm9Q=,KHH1kkDHm0wz9BYJ7/9gjwClfko=
-238,8,mGLeOgBJLFA3X+Q5Vo/RuMJYm9Q=,KHH1kkDHm0wz9BYJ7/9gjwClfko=
-238,13,mGLeOgBJLFA3X+Q5Vo/RuMJYm9Q=,KHH1kkDHm0wz9BYJ7/9gjwClfko=
-238,15,mGLeOgBJLFA3X+Q5Vo/RuMJYm9Q=,KHH1kkDHm0wz9BYJ7/9gjwClfko=
-237,8,mGLeOgBJLFA3X+Q5Vo/RuMJYm9Q=,KHH1kkDHm0wz9BYJ7/9gjwClfko=
-239,15,mGLeOgBJLFA3X+Q5Vo/RuMJYm9Q=,KHH1kkDHm0wz9BYJ7/9gjwClfko=
-238,9,mGLeOgBJLFA3X+Q5Vo/RuMJYm9Q=,KHH1kkDHm0wz9BYJ7/9gjwClfko=
-235,14,mGLeOgBJLFA3X+Q5Vo/RuMJYm9Q=,KHH1kkDHm0wz9BYJ7/9gjwClfko=
-240,15,mGLeOgBJLFA3X+Q5Vo/RuMJYm9Q=,KHH1kkDHm0wz9BYJ7/9gjwClfko=
-234,14,mGLeOgBJLFA3X+Q5Vo/RuMJYm9Q=,KHH1kkDHm0wz9BYJ7/9gjwClfko=
-240,8,mGLeOgBJLFA3X+Q5Vo/RuMJYm9Q=,KHH1kkDHm0wz9BYJ7/9gjwClfko=
-234,13,mGLeOgBJLFA3X+Q5Vo/RuMJYm9Q=,KHH1kkDHm0wz9BYJ7/9gjwClfko=
-236,14,mGLeOgBJLFA3X+Q5Vo/RuMJYm9Q=,KHH1kkDHm0wz9BYJ7/9gjwClfko=
-239,13,mGLeOgBJLFA3X+Q5Vo/RuMJYm9Q=,KHH1kkDHm0wz9BYJ7/9gjwClfko=
-240,13,mGLeOgBJLFA3X+Q5Vo/RuMJYm9Q=,KHH1kkDHm0wz9BYJ7/9gjwClfko=
-237,14,mGLeOgBJLFA3X+Q5Vo/RuMJYm9Q=,KHH1kkDHm0wz9BYJ7/9gjwClfko=
-235,13,mGLeOgBJLFA3X+Q5Vo/RuMJYm9Q=,KHH1kkDHm0wz9BYJ7/9gjwClfko=
-237,9,mGLeOgBJLFA3X+Q5Vo/RuMJYm9Q=,KHH1kkDHm0wz9BYJ7/9gjwClfko=
-239,12,mGLeOgBJLFA3X+Q5Vo/RuMJYm9Q=,KHH1kkDHm0wz9BYJ7/9gjwClfko=
-236,13,mGLeOgBJLFA3X+Q5Vo/RuMJYm9Q=,KHH1kkDHm0wz9BYJ7/9gjwClfko=
-238,14,mGLeOgBJLFA3X+Q5Vo/RuMJYm9Q=,KHH1kkDHm0wz9BYJ7/9gjwClfko=
-240,12,mGLeOgBJLFA3X+Q5Vo/RuMJYm9Q=,KHH1kkDHm0wz9BYJ7/9gjwClfko=
-239,14,mGLeOgBJLFA3X+Q5Vo/RuMJYm9Q=,KHH1kkDHm0wz9BYJ7/9gjwClfko=
-237,10,mGLeOgBJLFA3X+Q5Vo/RuMJYm9Q=,KHH1kkDHm0wz9BYJ7/9gjwClfko=
-236,10,mGLeOgBJLFA3X+Q5Vo/RuMJYm9Q=,KHH1kkDHm0wz9BYJ7/9gjwClfko=
-236,8,mGLeOgBJLFA3X+Q5Vo/RuMJYm9Q=,KHH1kkDHm0wz9BYJ7/9gjwClfko=
-239,8,mGLeOgBJLFA3X+Q5Vo/RuMJYm9Q=,KHH1kkDHm0wz9BYJ7/9gjwClfko=
-240,9,mGLeOgBJLFA3X+Q5Vo/RuMJYm9Q=,KHH1kkDHm0wz9BYJ7/9gjwClfko=
-237,13,mGLeOgBJLFA3X+Q5Vo/RuMJYm9Q=,KHH1kkDHm0wz9BYJ7/9gjwClfko=
-238,10,mGLeOgBJLFA3X+Q5Vo/RuMJYm9Q=,KHH1kkDHm0wz9BYJ7/9gjwClfko=
-239,10,mGLeOgBJLFA3X+Q5Vo/RuMJYm9Q=,KHH1kkDHm0wz9BYJ7/9gjwClfko=
-236,12,mGLeOgBJLFA3X+Q5Vo/RuMJYm9Q=,KHH1kkDHm0wz9BYJ7/9gjwClfko=
-234,8,mGLeOgBJLFA3X+Q5Vo/RuMJYm9Q=,KHH1kkDHm0wz9BYJ7/9gjwClfko=
-235,8,mGLeOgBJLFA3X+Q5Vo/RuMJYm9Q=,KHH1kkDHm0wz9BYJ7/9gjwClfko=
-228,15,mGLeOgBJLFA3X+Q5Vo/RuMJYm9Q=,pdPKzPtxQzIGL/LJHCwcR9NhWEQ=
-227,15,mGLeOgBJLFA3X+Q5Vo/RuMJYm9Q=,pdPKzPtxQzIGL/LJHCwcR9NhWEQ=
-238,12,mGLeOgBJLFA3X+Q5Vo/RuMJYm9Q=,KHH1kkDHm0wz9BYJ7/9gjwClfko=
-229,15,mGLeOgBJLFA3X+Q5Vo/RuMJYm9Q=,pdPKzPtxQzIGL/LJHCwcR9NhWEQ=
-226,15,mGLeOgBJLFA3X+Q5Vo/RuMJYm9Q=,pdPKzPtxQzIGL/LJHCwcR9NhWEQ=
-225,15,mGLeOgBJLFA3X+Q5Vo/RuMJYm9Q=,pdPKzPtxQzIGL/LJHCwcR9NhWEQ=
-233,15,mGLeOgBJLFA3X+Q5Vo/RuMJYm9Q=,KHH1kkDHm0wz9BYJ7/9gjwClfko=
-234,12,mGLeOgBJLFA3X+Q5Vo/RuMJYm9Q=,KHH1kkDHm0wz9BYJ7/9gjwClfko=
-232,8,mGLeOgBJLFA3X+Q5Vo/RuMJYm9Q=,pdPKzPtxQzIGL/LJHCwcR9NhWEQ=
-230,15,mGLeOgBJLFA3X+Q5Vo/RuMJYm9Q=,pdPKzPtxQzIGL/LJHCwcR9NhWEQ=
-233,9,mGLeOgBJLFA3X+Q5Vo/RuMJYm9Q=,KHH1kkDHm0wz9BYJ7/9gjwClfko=
-231,15,mGLeOgBJLFA3X+Q5Vo/RuMJYm9Q=,pdPKzPtxQzIGL/LJHCwcR9NhWEQ=
-231,8,mGLeOgBJLFA3X+Q5Vo/RuMJYm9Q=,pdPKzPtxQzIGL/LJHCwcR9NhWEQ=
-232,15,mGLeOgBJLFA3X+Q5Vo/RuMJYm9Q=,pdPKzPtxQzIGL/LJHCwcR9NhWEQ=
-235,12,mGLeOgBJLFA3X+Q5Vo/RuMJYm9Q=,KHH1kkDHm0wz9BYJ7/9gjwClfko=
-237,12,mGLeOgBJLFA3X+Q5Vo/RuMJYm9Q=,KHH1kkDHm0wz9BYJ7/9gjwClfko=
-233,14,mGLeOgBJLFA3X+Q5Vo/RuMJYm9Q=,KHH1kkDHm0wz9BYJ7/9gjwClfko=
-226,14,mGLeOgBJLFA3X+Q5Vo/RuMJYm9Q=,pdPKzPtxQzIGL/LJHCwcR9NhWEQ=
-233,13,mGLeOgBJLFA3X+Q5Vo/RuMJYm9Q=,KHH1kkDHm0wz9BYJ7/9gjwClfko=
-235,10,mGLeOgBJLFA3X+Q5Vo/RuMJYm9Q=,KHH1kkDHm0wz9BYJ7/9gjwClfko=
-229,14,mGLeOgBJLFA3X+Q5Vo/RuMJYm9Q=,pdPKzPtxQzIGL/LJHCwcR9NhWEQ=
-232,14,mGLeOgBJLFA3X+Q5Vo/RuMJYm9Q=,pdPKzPtxQzIGL/LJHCwcR9NhWEQ=
-231,14,mGLeOgBJLFA3X+Q5Vo/RuMJYm9Q=,pdPKzPtxQzIGL/LJHCwcR9NhWEQ=
-227,14,mGLeOgBJLFA3X+Q5Vo/RuMJYm9Q=,pdPKzPtxQzIGL/LJHCwcR9NhWEQ=
-228,14,mGLeOgBJLFA3X+Q5Vo/RuMJYm9Q=,pdPKzPtxQzIGL/LJHCwcR9NhWEQ=
-230,14,mGLeOgBJLFA3X+Q5Vo/RuMJYm9Q=,pdPKzPtxQzIGL/LJHCwcR9NhWEQ=
-234,10,mGLeOgBJLFA3X+Q5Vo/RuMJYm9Q=,KHH1kkDHm0wz9BYJ7/9gjwClfko=
-235,11,mGLeOgBJLFA3X+Q5Vo/RuMJYm9Q=,KHH1kkDHm0wz9BYJ7/9gjwClfko=
-234,11,mGLeOgBJLFA3X+Q5Vo/RuMJYm9Q=,KHH1kkDHm0wz9BYJ7/9gjwClfko=
-225,14,mGLeOgBJLFA3X+Q5Vo/RuMJYm9Q=,pdPKzPtxQzIGL/LJHCwcR9NhWEQ=
-231,13,mGLeOgBJLFA3X+Q5Vo/RuMJYm9Q=,pdPKzPtxQzIGL/LJHCwcR9NhWEQ=
-239,11,mGLeOgBJLFA3X+Q5Vo/RuMJYm9Q=,KHH1kkDHm0wz9BYJ7/9gjwClfko=
-232,13,mGLeOgBJLFA3X+Q5Vo/RuMJYm9Q=,pdPKzPtxQzIGL/LJHCwcR9NhWEQ=
-236,11,mGLeOgBJLFA3X+Q5Vo/RuMJYm9Q=,KHH1kkDHm0wz9BYJ7/9gjwClfko=
-233,10,mGLeOgBJLFA3X+Q5Vo/RuMJYm9Q=,KHH1kkDHm0wz9BYJ7/9gjwClfko=
-230,8,mGLeOgBJLFA3X+Q5Vo/RuMJYm9Q=,pdPKzPtxQzIGL/LJHCwcR9NhWEQ=
-229,8,mGLeOgBJLFA3X+Q5Vo/RuMJYm9Q=,pdPKzPtxQzIGL/LJHCwcR9NhWEQ=
-233,8,mGLeOgBJLFA3X+Q5Vo/RuMJYm9Q=,KHH1kkDHm0wz9BYJ7/9gjwClfko=
-228,8,mGLeOgBJLFA3X+Q5Vo/RuMJYm9Q=,pdPKzPtxQzIGL/LJHCwcR9NhWEQ=
-238,11,mGLeOgBJLFA3X+Q5Vo/RuMJYm9Q=,KHH1kkDHm0wz9BYJ7/9gjwClfko=
-227,8,mGLeOgBJLFA3X+Q5Vo/RuMJYm9Q=,pdPKzPtxQzIGL/LJHCwcR9NhWEQ=
-240,11,mGLeOgBJLFA3X+Q5Vo/RuMJYm9Q=,KHH1kkDHm0wz9BYJ7/9gjwClfko=
-225,8,mGLeOgBJLFA3X+Q5Vo/RuMJYm9Q=,pdPKzPtxQzIGL/LJHCwcR9NhWEQ=
-232,9,mGLeOgBJLFA3X+Q5Vo/RuMJYm9Q=,pdPKzPtxQzIGL/LJHCwcR9NhWEQ=
-226,8,mGLeOgBJLFA3X+Q5Vo/RuMJYm9Q=,pdPKzPtxQzIGL/LJHCwcR9NhWEQ=
-231,9,mGLeOgBJLFA3X+Q5Vo/RuMJYm9Q=,pdPKzPtxQzIGL/LJHCwcR9NhWEQ=
-229,9,mGLeOgBJLFA3X+Q5Vo/RuMJYm9Q=,pdPKzPtxQzIGL/LJHCwcR9NhWEQ=
-230,9,mGLeOgBJLFA3X+Q5Vo/RuMJYm9Q=,pdPKzPtxQzIGL/LJHCwcR9NhWEQ=
-228,9,mGLeOgBJLFA3X+Q5Vo/RuMJYm9Q=,pdPKzPtxQzIGL/LJHCwcR9NhWEQ=
-227,9,mGLeOgBJLFA3X+Q5Vo/RuMJYm9Q=,pdPKzPtxQzIGL/LJHCwcR9NhWEQ=
-226,9,mGLeOgBJLFA3X+Q5Vo/RuMJYm9Q=,pdPKzPtxQzIGL/LJHCwcR9NhWEQ=
-225,9,mGLeOgBJLFA3X+Q5Vo/RuMJYm9Q=,pdPKzPtxQzIGL/LJHCwcR9NhWEQ=
-230,13,mGLeOgBJLFA3X+Q5Vo/RuMJYm9Q=,pdPKzPtxQzIGL/LJHCwcR9NhWEQ=
-232,10,mGLeOgBJLFA3X+Q5Vo/RuMJYm9Q=,pdPKzPtxQzIGL/LJHCwcR9NhWEQ=
-231,10,mGLeOgBJLFA3X+Q5Vo/RuMJYm9Q=,pdPKzPtxQzIGL/LJHCwcR9NhWEQ=
-227,13,mGLeOgBJLFA3X+Q5Vo/RuMJYm9Q=,pdPKzPtxQzIGL/LJHCwcR9NhWEQ=
-230,10,mGLeOgBJLFA3X+Q5Vo/RuMJYm9Q=,pdPKzPtxQzIGL/LJHCwcR9NhWEQ=
-237,11,mGLeOgBJLFA3X+Q5Vo/RuMJYm9Q=,KHH1kkDHm0wz9BYJ7/9gjwClfko=
-225,13,mGLeOgBJLFA3X+Q5Vo/RuMJYm9Q=,pdPKzPtxQzIGL/LJHCwcR9NhWEQ=
-229,13,mGLeOgBJLFA3X+Q5Vo/RuMJYm9Q=,pdPKzPtxQzIGL/LJHCwcR9NhWEQ=
-228,13,mGLeOgBJLFA3X+Q5Vo/RuMJYm9Q=,pdPKzPtxQzIGL/LJHCwcR9NhWEQ=
-228,11,mGLeOgBJLFA3X+Q5Vo/RuMJYm9Q=,pdPKzPtxQzIGL/LJHCwcR9NhWEQ=
-227,11,mGLeOgBJLFA3X+Q5Vo/RuMJYm9Q=,pdPKzPtxQzIGL/LJHCwcR9NhWEQ=
-226,13,mGLeOgBJLFA3X+Q5Vo/RuMJYm9Q=,pdPKzPtxQzIGL/LJHCwcR9NhWEQ=
-225,11,mGLeOgBJLFA3X+Q5Vo/RuMJYm9Q=,pdPKzPtxQzIGL/LJHCwcR9NhWEQ=
-226,11,mGLeOgBJLFA3X+Q5Vo/RuMJYm9Q=,pdPKzPtxQzIGL/LJHCwcR9NhWEQ=
-227,12,mGLeOgBJLFA3X+Q5Vo/RuMJYm9Q=,pdPKzPtxQzIGL/LJHCwcR9NhWEQ=
-225,10,mGLeOgBJLFA3X+Q5Vo/RuMJYm9Q=,pdPKzPtxQzIGL/LJHCwcR9NhWEQ=
-226,10,mGLeOgBJLFA3X+Q5Vo/RuMJYm9Q=,pdPKzPtxQzIGL/LJHCwcR9NhWEQ=
-227,10,mGLeOgBJLFA3X+Q5Vo/RuMJYm9Q=,pdPKzPtxQzIGL/LJHCwcR9NhWEQ=
-228,10,mGLeOgBJLFA3X+Q5Vo/RuMJYm9Q=,pdPKzPtxQzIGL/LJHCwcR9NhWEQ=
-229,11,mGLeOgBJLFA3X+Q5Vo/RuMJYm9Q=,pdPKzPtxQzIGL/LJHCwcR9NhWEQ=
-229,10,mGLeOgBJLFA3X+Q5Vo/RuMJYm9Q=,pdPKzPtxQzIGL/LJHCwcR9NhWEQ=
-240,10,mGLeOgBJLFA3X+Q5Vo/RuMJYm9Q=,KHH1kkDHm0wz9BYJ7/9gjwClfko=
-225,12,mGLeOgBJLFA3X+Q5Vo/RuMJYm9Q=,pdPKzPtxQzIGL/LJHCwcR9NhWEQ=
-231,11,mGLeOgBJLFA3X+Q5Vo/RuMJYm9Q=,pdPKzPtxQzIGL/LJHCwcR9NhWEQ=
-228,12,mGLeOgBJLFA3X+Q5Vo/RuMJYm9Q=,pdPKzPtxQzIGL/LJHCwcR9NhWEQ=
-226,12,mGLeOgBJLFA3X+Q5Vo/RuMJYm9Q=,pdPKzPtxQzIGL/LJHCwcR9NhWEQ=
-230,11,mGLeOgBJLFA3X+Q5Vo/RuMJYm9Q=,pdPKzPtxQzIGL/LJHCwcR9NhWEQ=
-233,11,mGLeOgBJLFA3X+Q5Vo/RuMJYm9Q=,KHH1kkDHm0wz9BYJ7/9gjwClfko=
-231,12,mGLeOgBJLFA3X+Q5Vo/RuMJYm9Q=,pdPKzPtxQzIGL/LJHCwcR9NhWEQ=
-232,11,mGLeOgBJLFA3X+Q5Vo/RuMJYm9Q=,pdPKzPtxQzIGL/LJHCwcR9NhWEQ=
-230,12,mGLeOgBJLFA3X+Q5Vo/RuMJYm9Q=,pdPKzPtxQzIGL/LJHCwcR9NhWEQ=
-229,12,mGLeOgBJLFA3X+Q5Vo/RuMJYm9Q=,pdPKzPtxQzIGL/LJHCwcR9NhWEQ=
-233,12,mGLeOgBJLFA3X+Q5Vo/RuMJYm9Q=,KHH1kkDHm0wz9BYJ7/9gjwClfko=
-232,12,mGLeOgBJLFA3X+Q5Vo/RuMJYm9Q=,pdPKzPtxQzIGL/LJHCwcR9NhWEQ=
