28,-205,aLJ+Aj7HAHBVLXhFhZ1wDR2JeA4=,+HHqMf+TNMhu+0q64Syz62ghP/U=
27,-205,aLJ+Aj7HAHBVLXhFhZ1wDR2JeA4=,+HHqMf+TNMhu+0q64Syz62ghP/U=
30,-206,aLJ+Aj7HAHBVLXhFhZ1wDR2JeA4=,+HHqMf+TNMhu+0q64Syz62ghP/U=
26,-205,aLJ+Aj7HAHBVLXhFhZ1wDR2JeA4=,+HHqMf+TNMhu+0q64Syz62ghP/U=
29,-206,aLJ+Aj7HAHBVLXhFhZ1wDR2JeA4=,+HHqMf+TNMhu+0q64Syz62ghP/U=
27,-206,aLJ+Aj7HAHBVLXhFhZ1wDR2JeA4=,+HHqMf+TNMhu+0q64Syz62ghP/U=
26,-206,aLJ+Aj7HAHBVLXhFhZ1wDR2JeA4=,+HHqMf+TNMhu+0q64Syz62ghP/U=
28,-206,aLJ+Aj7HAHBVLXhFhZ1wDR2JeA4=,+HHqMf+TNMhu+0q64Syz62ghP/U=
25,-206,aLJ+Aj7HAHBVLXhFhZ1wDR2JeA4=,+HHqMf+TNMhu+0q64Syz62ghP/U=
29,-207,aLJ+Aj7HAHBVLXhFhZ1wDR2JeA4=,+HHqMf+TNMhu+0q64Syz62ghP/U=
30,-207,aLJ+Aj7HAHBVLXhFhZ1wDR2JeA4=,+HHqMf+TNMhu+0q64Syz62ghP/U=
27,-207,aLJ+Aj7HAHBVLXhFhZ1wDR2JeA4=,+HHqMf+TNMhu+0q64Syz62ghP/U=
26,-207,aLJ+Aj7HAHBVLXhFhZ1wDR2JeA4=,+HHqMf+TNMhu+0q64Syz62ghP/U=
25,-205,aLJ+Aj7HAHBVLXhFhZ1wDR2JeA4=,+HHqMf+TNMhu+0q64Syz62ghP/U=
28,-207,aLJ+Aj7HAHBVLXhFhZ1wDR2JeA4=,+HHqMf+TNMhu+0q64Syz62ghP/U=
25,-207,aLJ+Aj7HAHBVLXhFhZ1wDR2JeA4=,+HHqMf+TNMhu+0q64Syz62ghP/U=
30,-202,aLJ+Aj7HAHBVLXhFhZ1wDR2JeA4=,+HHqMf+TNMhu+0q64Syz62ghP/U=
29,-202,aLJ+Aj7HAHBVLXhFhZ1wDR2JeA4=,+HHqMf+TNMhu+0q64Syz62ghP/U=
28,-202,aLJ+Aj7HAHBVLXhFhZ1wDR2JeA4=,+HHqMf+TNMhu+0q64Syz62ghP/U=
26,-202,aLJ+Aj7HAHBVLXhFhZ1wDR2JeA4=,+HHqMf+TNMhu+0q64Syz62ghP/U=
27,-202,aLJ+Aj7HAHBVLXhFhZ1wDR2JeA4=,+HHqMf+TNMhu+0q64Syz62ghP/U=
25,-202,aLJ+Aj7HAHBVLXhFhZ1wDR2JeA4=,+HHqMf+TNMhu+0q64Syz62ghP/U=
30,-203,aLJ+Aj7HAHBVLXhFhZ1wDR2JeA4=,+HHqMf+TNMhu+0q64Syz62ghP/U=
29,-203,aLJ+Aj7HAHBVLXhFhZ1wDR2JeA4=,+HHqMf+TNMhu+0q64Syz62ghP/U=
28,-203,aLJ+Aj7HAHBVLXhFhZ1wDR2JeA4=,+HHqMf+TNMhu+0q64Syz62ghP/U=
27,-203,aLJ+Aj7HAHBVLXhFhZ1wDR2JeA4=,+HHqMf+TNMhu+0q64Syz62ghP/U=
26,-203,aLJ+Aj7HAHBVLXhFhZ1wDR2JeA4=,+HHqMf+TNMhu+0q64Syz62ghP/U=
30,-204,aLJ+Aj7HAHBVLXhFhZ1wDR2JeA4=,+HHqMf+TNMhu+0q64Syz62ghP/U=
25,-203,aLJ+Aj7HAHBVLXhFhZ1wDR2JeA4=,+HHqMf+TNMhu+0q64Syz62ghP/U=
29,-204,aLJ+Aj7HAHBVLXhFhZ1wDR2JeA4=,+HHqMf+TNMhu+0q64Syz62ghP/U=
28,-204,aLJ+Aj7HAHBVLXhFhZ1wDR2JeA4=,+HHqMf+TNMhu+0q64Syz62ghP/U=
27,-204,aLJ+Aj7HAHBVLXhFhZ1wDR2JeA4=,+HHqMf+TNMhu+0q64Syz62ghP/U=
26,-204,aLJ+Aj7HAHBVLXhFhZ1wDR2JeA4=,+HHqMf+TNMhu+0q64Syz62ghP/U=
25,-204,aLJ+Aj7HAHBVLXhFhZ1wDR2JeA4=,+HHqMf+TNMhu+0q64Syz62ghP/U=
30,-205,aLJ+Aj7HAHBVLXhFhZ1wDR2JeA4=,+HHqMf+TNMhu+0q64Syz62ghP/U=
29,-205,aLJ+Aj7HAHBVLXhFhZ1wDR2JeA4=,+HHqMf+TNMhu+0q64Syz62ghP/U=
29,-195,aLJ+Aj7HAHBVLXhFhZ1wDR2JeA4=,op9DpiwXG80w1vS8CUJVEBHT07A=
28,-195,aLJ+Aj7HAHBVLXhFhZ1wDR2JeA4=,op9DpiwXG80w1vS8CUJVEBHT07A=
30,-195,aLJ+Aj7HAHBVLXhFhZ1wDR2JeA4=,op9DpiwXG80w1vS8CUJVEBHT07A=
25,-194,aLJ+Aj7HAHBVLXhFhZ1wDR2JeA4=,op9DpiwXG80w1vS8CUJVEBHT07A=
28,-200,aLJ+Aj7HAHBVLXhFhZ1wDR2JeA4=,op9DpiwXG80w1vS8CUJVEBHT07A=
25,-198,aLJ+Aj7HAHBVLXhFhZ1wDR2JeA4=,op9DpiwXG80w1vS8CUJVEBHT07A=
26,-199,aLJ+Aj7HAHBVLXhFhZ1wDR2JeA4=,op9DpiwXG80w1vS8CUJVEBHT07A=
29,-196,aLJ+Aj7HAHBVLXhFhZ1wDR2JeA4=,op9DpiwXG80w1vS8CUJVEBHT07A=
27,-195,aLJ+Aj7HAHBVLXhFhZ1wDR2JeA4=,op9DpiwXG80w1vS8CUJVEBHT07A=
26,-195,aLJ+Aj7HAHBVLXhFhZ1wDR2JeA4=,op9DpiwXG80w1vS8CUJVEBHT07A=
25,-195,aLJ+Aj7HAHBVLXhFhZ1wDR2JeA4=,op9DpiwXG80w1vS8CUJVEBHT07A=
30,-201,aLJ+Aj7HAHBVLXhFhZ1wDR2JeA4=,+HHqMf+TNMhu+0q64Syz62ghP/U=
25,-199,aLJ+Aj7HAHBVLXhFhZ1wDR2JeA4=,op9DpiwXG80w1vS8CUJVEBHT07A=
29,-201,aLJ+Aj7HAHBVLXhFhZ1wDR2JeA4=,+HHqMf+TNMhu+0q64Syz62ghP/U=
28,-201,aLJ+Aj7HAHBVLXhFhZ1wDR2JeA4=,+HHqMf+TNMhu+0q64Syz62ghP/U=
30,-196,aLJ+Aj7HAHBVLXhFhZ1wDR2JeA4=,op9DpiwXG80w1vS8CUJVEBHT07A=
27,-201,aLJ+Aj7HAHBVLXhFhZ1wDR2JeA4=,+HHqMf+TNMhu+0q64Syz62ghP/U=
25,-200,aLJ+Aj7HAHBVLXhFhZ1wDR2JeA4=,op9DpiwXG80w1vS8CUJVEBHT07A=
26,-201,aLJ+Aj7HAHBVLXhFhZ1wDR2JeA4=,+HHqMf+TNMhu+0q64Syz62ghP/U=
27,-200,aLJ+Aj7HAHBVLXhFhZ1wDR2JeA4=,op9DpiwXG80w1vS8CUJVEBHT07A=
29,-197,aLJ+Aj7HAHBVLXhFhZ1wDR2JeA4=,op9DpiwXG80w1vS8CUJVEBHT07A=
30,-200,aLJ+Aj7HAHBVLXhFhZ1wDR2JeA4=,op9DpiwXG80w1vS8CUJVEBHT07A=
28,-197,aLJ+Aj7HAHBVLXhFhZ1wDR2JeA4=,op9DpiwXG80w1vS8CUJVEBHT07A=
27,-197,aLJ+Aj7HAHBVLXhFhZ1wDR2JeA4=,op9DpiwXG80w1vS8CUJVEBHT07A=
25,-201,aLJ+Aj7HAHBVLXhFhZ1wDR2JeA4=,+HHqMf+TNMhu+0q64Syz62ghP/U=
25,-197,aLJ+Aj7HAHBVLXhFhZ1wDR2JeA4=,op9DpiwXG80w1vS8CUJVEBHT07A=
26,-197,aLJ+Aj7HAHBVLXhFhZ1wDR2JeA4=,op9DpiwXG80w1vS8CUJVEBHT07A=
26,-200,aLJ+Aj7HAHBVLXhFhZ1wDR2JeA4=,op9DpiwXG80w1vS8CUJVEBHT07A=
30,-198,aLJ+Aj7HAHBVLXhFhZ1wDR2JeA4=,op9DpiwXG80w1vS8CUJVEBHT07A=
28,-196,aLJ+Aj7HAHBVLXhFhZ1wDR2JeA4=,op9DpiwXG80w1vS8CUJVEBHT07A=
26,-194,aLJ+Aj7HAHBVLXhFhZ1wDR2JeA4=,op9DpiwXG80w1vS8CUJVEBHT07A=
29,-200,aLJ+Aj7HAHBVLXhFhZ1wDR2JeA4=,op9DpiwXG80w1vS8CUJVEBHT07A=
26,-198,aLJ+Aj7HAHBVLXhFhZ1wDR2JeA4=,op9DpiwXG80w1vS8CUJVEBHT07A=
27,-196,aLJ+Aj7HAHBVLXhFhZ1wDR2JeA4=,op9DpiwXG80w1vS8CUJVEBHT07A=
27,-199,aLJ+Aj7HAHBVLXhFhZ1wDR2JeA4=,op9DpiwXG80w1vS8CUJVEBHT07A=
27,-194,aLJ+Aj7HAHBVLXhFhZ1wDR2JeA4=,op9DpiwXG80w1vS8CUJVEBHT07A=
28,-199,aLJ+Aj7HAHBVLXhFhZ1wDR2JeA4=,op9DpiwXG80w1vS8CUJVEBHT07A=
29,-199,aLJ+Aj7HAHBVLXhFhZ1wDR2JeA4=,op9DpiwXG80w1vS8CUJVEBHT07A=
26,-196,aLJ+Aj7HAHBVLXhFhZ1wDR2JeA4=,op9DpiwXG80w1vS8CUJVEBHT07A=
27,-198,aLJ+Aj7HAHBVLXhFhZ1wDR2JeA4=,op9DpiwXG80w1vS8CUJVEBHT07A=
25,-196,aLJ+Aj7HAHBVLXhFhZ1wDR2JeA4=,op9DpiwXG80w1vS8CUJVEBHT07A=
28,-194,aLJ+Aj7HAHBVLXhFhZ1wDR2JeA4=,op9DpiwXG80w1vS8CUJVEBHT07A=
29,-198,aLJ+Aj7HAHBVLXhFhZ1wDR2JeA4=,op9DpiwXG80w1vS8CUJVEBHT07A=
29,-194,aLJ+Aj7HAHBVLXhFhZ1wDR2JeA4=,op9DpiwXG80w1vS8CUJVEBHT07A=
30,-197,aLJ+Aj7HAHBVLXhFhZ1wDR2JeA4=,op9DpiwXG80w1vS8CUJVEBHT07A=
30,-194,aLJ+Aj7HAHBVLXhFhZ1wDR2JeA4=,op9DpiwXG80w1vS8CUJVEBHT07A=
30,-199,aLJ+Aj7HAHBVLXhFhZ1wDR2JeA4=,op9DpiwXG80w1vS8CUJVEBHT07A=
28,-198,aLJ+Aj7HAHBVLXhFhZ1wDR2JeA4=,op9DpiwXG80w1vS8CUJVEBHT07A=
31,-195,aLJ+Aj7HAHBVLXhFhZ1wDR2JeA4=,op9DpiwXG80w1vS8CUJVEBHT07A=
31,-199,aLJ+Aj7HAHBVLXhFhZ1wDR2JeA4=,op9DpiwXG80w1vS8CUJVEBHT07A=
31,-194,aLJ+Aj7HAHBVLXhFhZ1wDR2JeA4=,op9DpiwXG80w1vS8CUJVEBHT07A=
31,-196,aLJ+Aj7HAHBVLXhFhZ1wDR2JeA4=,op9DpiwXG80w1vS8CUJVEBHT07A=
31,-197,aLJ+Aj7HAHBVLXhFhZ1wDR2JeA4=,op9DpiwXG80w1vS8CUJVEBHT07A=
31,-198,aLJ+Aj7HAHBVLXhFhZ1wDR2JeA4=,op9DpiwXG80w1vS8CUJVEBHT07A=
30,-193,aLJ+Aj7HAHBVLXhFhZ1wDR2JeA4=,op9DpiwXG80w1vS8CUJVEBHT07A=
28,-193,aLJ+Aj7HAHBVLXhFhZ1wDR2JeA4=,op9DpiwXG80w1vS8CUJVEBHT07A=
27,-193,aLJ+Aj7HAHBVLXhFhZ1wDR2JeA4=,op9DpiwXG80w1vS8CUJVEBHT07A=
29,-193,aLJ+Aj7HAHBVLXhFhZ1wDR2JeA4=,op9DpiwXG80w1vS8CUJVEBHT07A=
25,-193,aLJ+Aj7HAHBVLXhFhZ1wDR2JeA4=,op9DpiwXG80w1vS8CUJVEBHT07A=
31,-205,aLJ+Aj7HAHBVLXhFhZ1wDR2JeA4=,+HHqMf+TNMhu+0q64Syz62ghP/U=
31,-204,aLJ+Aj7HAHBVLXhFhZ1wDR2JeA4=,+HHqMf+TNMhu+0q64Syz62ghP/U=
31,-203,aLJ+Aj7HAHBVLXhFhZ1wDR2JeA4=,+HHqMf+TNMhu+0q64Syz62ghP/U=
31,-202,aLJ+Aj7HAHBVLXhFhZ1wDR2JeA4=,+HHqMf+TNMhu+0q64Syz62ghP/U=
31,-200,aLJ+Aj7HAHBVLXhFhZ1wDR2JeA4=,op9DpiwXG80w1vS8CUJVEBHT07A=
31,-201,aLJ+Aj7HAHBVLXhFhZ1wDR2JeA4=,+HHqMf+TNMhu+0q64Syz62ghP/U=
31,-207,aLJ+Aj7HAHBVLXhFhZ1wDR2JeA4=,+HHqMf+TNMhu+0q64Syz62ghP/U=
31,-206,aLJ+Aj7HAHBVLXhFhZ1wDR2JeA4=,+HHqMf+TNMhu+0q64Syz62ghP/U=
31,-193,aLJ+Aj7HAHBVLXhFhZ1wDR2JeA4=,op9DpiwXG80w1vS8CUJVEBHT07A=
31,-208,aLJ+Aj7HAHBVLXhFhZ1wDR2JeA4=,+HHqMf+TNMhu+0q64Syz62ghP/U=
29,-208,aLJ+Aj7HAHBVLXhFhZ1wDR2JeA4=,+HHqMf+TNMhu+0q64Syz62ghP/U=
28,-208,aLJ+Aj7HAHBVLXhFhZ1wDR2JeA4=,+HHqMf+TNMhu+0q64Syz62ghP/U=
26,-193,aLJ+Aj7HAHBVLXhFhZ1wDR2JeA4=,op9DpiwXG80w1vS8CUJVEBHT07A=
30,-208,aLJ+Aj7HAHBVLXhFhZ1wDR2JeA4=,+HHqMf+TNMhu+0q64Syz62ghP/U=
27,-208,aLJ+Aj7HAHBVLXhFhZ1wDR2JeA4=,+HHqMf+TNMhu+0q64Syz62ghP/U=
26,-208,aLJ+Aj7HAHBVLXhFhZ1wDR2JeA4=,+HHqMf+TNMhu+0q64Syz62ghP/U=
25,-208,aLJ+Aj7HAHBVLXhFhZ1wDR2JeA4=,+HHqMf+TNMhu+0q64Syz62ghP/U=
21,-204,aLJ+Aj7HAHBVLXhFhZ1wDR2JeA4=,HuRCY64AZUdeODUB8nwdwNzpUko=
20,-204,aLJ+Aj7HAHBVLXhFhZ1wDR2JeA4=,HuRCY64AZUdeODUB8nwdwNzpUko=
19,-204,aLJ+Aj7HAHBVLXhFhZ1wDR2JeA4=,HuRCY64AZUdeODUB8nwdwNzpUko=
22,-204,aLJ+Aj7HAHBVLXhFhZ1wDR2JeA4=,HuRCY64AZUdeODUB8nwdwNzpUko=
18,-204,aLJ+Aj7HAHBVLXhFhZ1wDR2JeA4=,HuRCY64AZUdeODUB8nwdwNzpUko=
17,-204,aLJ+Aj7HAHBVLXhFhZ1wDR2JeA4=,HuRCY64AZUdeODUB8nwdwNzpUko=
16,-204,aLJ+Aj7HAHBVLXhFhZ1wDR2JeA4=,HuRCY64AZUdeODUB8nwdwNzpUko=
23,-204,aLJ+Aj7HAHBVLXhFhZ1wDR2JeA4=,HuRCY64AZUdeODUB8nwdwNzpUko=
16,-203,aLJ+Aj7HAHBVLXhFhZ1wDR2JeA4=,HuRCY64AZUdeODUB8nwdwNzpUko=
22,-205,aLJ+Aj7HAHBVLXhFhZ1wDR2JeA4=,HuRCY64AZUdeODUB8nwdwNzpUko=
24,-205,aLJ+Aj7HAHBVLXhFhZ1wDR2JeA4=,+HHqMf+TNMhu+0q64Syz62ghP/U=
21,-205,aLJ+Aj7HAHBVLXhFhZ1wDR2JeA4=,HuRCY64AZUdeODUB8nwdwNzpUko=
20,-205,aLJ+Aj7HAHBVLXhFhZ1wDR2JeA4=,HuRCY64AZUdeODUB8nwdwNzpUko=
19,-205,aLJ+Aj7HAHBVLXhFhZ1wDR2JeA4=,HuRCY64AZUdeODUB8nwdwNzpUko=
18,-205,aLJ+Aj7HAHBVLXhFhZ1wDR2JeA4=,HuRCY64AZUdeODUB8nwdwNzpUko=
17,-205,aLJ+Aj7HAHBVLXhFhZ1wDR2JeA4=,HuRCY64AZUdeODUB8nwdwNzpUko=
16,-205,aLJ+Aj7HAHBVLXhFhZ1wDR2JeA4=,HuRCY64AZUdeODUB8nwdwNzpUko=
23,-205,aLJ+Aj7HAHBVLXhFhZ1wDR2JeA4=,HuRCY64AZUdeODUB8nwdwNzpUko=
21,-206,aLJ+Aj7HAHBVLXhFhZ1wDR2JeA4=,HuRCY64AZUdeODUB8nwdwNzpUko=
24,-204,aLJ+Aj7HAHBVLXhFhZ1wDR2JeA4=,+HHqMf+TNMhu+0q64Syz62ghP/U=
17,-203,aLJ+Aj7HAHBVLXhFhZ1wDR2JeA4=,HuRCY64AZUdeODUB8nwdwNzpUko=
24,-207,aLJ+Aj7HAHBVLXhFhZ1wDR2JeA4=,+HHqMf+TNMhu+0q64Syz62ghP/U=
20,-206,aLJ+Aj7HAHBVLXhFhZ1wDR2JeA4=,HuRCY64AZUdeODUB8nwdwNzpUko=
22,-206,aLJ+Aj7HAHBVLXhFhZ1wDR2JeA4=,HuRCY64AZUdeODUB8nwdwNzpUko=
24,-206,aLJ+Aj7HAHBVLXhFhZ1wDR2JeA4=,+HHqMf+TNMhu+0q64Syz62ghP/U=
19,-206,aLJ+Aj7HAHBVLXhFhZ1wDR2JeA4=,HuRCY64AZUdeODUB8nwdwNzpUko=
18,-206,aLJ+Aj7HAHBVLXhFhZ1wDR2JeA4=,HuRCY64AZUdeODUB8nwdwNzpUko=
17,-206,aLJ+Aj7HAHBVLXhFhZ1wDR2JeA4=,HuRCY64AZUdeODUB8nwdwNzpUko=
16,-206,aLJ+Aj7HAHBVLXhFhZ1wDR2JeA4=,HuRCY64AZUdeODUB8nwdwNzpUko=
21,-207,aLJ+Aj7HAHBVLXhFhZ1wDR2JeA4=,HuRCY64AZUdeODUB8nwdwNzpUko=
20,-207,aLJ+Aj7HAHBVLXhFhZ1wDR2JeA4=,HuRCY64AZUdeODUB8nwdwNzpUko=
22,-202,aLJ+Aj7HAHBVLXhFhZ1wDR2JeA4=,HuRCY64AZUdeODUB8nwdwNzpUko=
19,-207,aLJ+Aj7HAHBVLXhFhZ1wDR2JeA4=,HuRCY64AZUdeODUB8nwdwNzpUko=
21,-202,aLJ+Aj7HAHBVLXhFhZ1wDR2JeA4=,HuRCY64AZUdeODUB8nwdwNzpUko=
20,-202,aLJ+Aj7HAHBVLXhFhZ1wDR2JeA4=,HuRCY64AZUdeODUB8nwdwNzpUko=
19,-202,aLJ+Aj7HAHBVLXhFhZ1wDR2JeA4=,HuRCY64AZUdeODUB8nwdwNzpUko=
18,-207,aLJ+Aj7HAHBVLXhFhZ1wDR2JeA4=,HuRCY64AZUdeODUB8nwdwNzpUko=
17,-207,aLJ+Aj7HAHBVLXhFhZ1wDR2JeA4=,HuRCY64AZUdeODUB8nwdwNzpUko=
16,-207,aLJ+Aj7HAHBVLXhFhZ1wDR2JeA4=,HuRCY64AZUdeODUB8nwdwNzpUko=
24,-203,aLJ+Aj7HAHBVLXhFhZ1wDR2JeA4=,+HHqMf+TNMhu+0q64Syz62ghP/U=
18,-203,aLJ+Aj7HAHBVLXhFhZ1wDR2JeA4=,HuRCY64AZUdeODUB8nwdwNzpUko=
19,-203,aLJ+Aj7HAHBVLXhFhZ1wDR2JeA4=,HuRCY64AZUdeODUB8nwdwNzpUko=
20,-203,aLJ+Aj7HAHBVLXhFhZ1wDR2JeA4=,HuRCY64AZUdeODUB8nwdwNzpUko=
18,-202,aLJ+Aj7HAHBVLXhFhZ1wDR2JeA4=,HuRCY64AZUdeODUB8nwdwNzpUko=
21,-203,aLJ+Aj7HAHBVLXhFhZ1wDR2JeA4=,HuRCY64AZUdeODUB8nwdwNzpUko=
22,-208,aLJ+Aj7HAHBVLXhFhZ1wDR2JeA4=,HuRCY64AZUdeODUB8nwdwNzpUko=
22,-203,aLJ+Aj7HAHBVLXhFhZ1wDR2JeA4=,HuRCY64AZUdeODUB8nwdwNzpUko=
21,-208,aLJ+Aj7HAHBVLXhFhZ1wDR2JeA4=,HuRCY64AZUdeODUB8nwdwNzpUko=
17,-202,aLJ+Aj7HAHBVLXhFhZ1wDR2JeA4=,HuRCY64AZUdeODUB8nwdwNzpUko=
20,-208,aLJ+Aj7HAHBVLXhFhZ1wDR2JeA4=,HuRCY64AZUdeODUB8nwdwNzpUko=
19,-208,aLJ+Aj7HAHBVLXhFhZ1wDR2JeA4=,HuRCY64AZUdeODUB8nwdwNzpUko=
18,-208,aLJ+Aj7HAHBVLXhFhZ1wDR2JeA4=,HuRCY64AZUdeODUB8nwdwNzpUko=
17,-208,aLJ+Aj7HAHBVLXhFhZ1wDR2JeA4=,HuRCY64AZUdeODUB8nwdwNzpUko=
16,-208,aLJ+Aj7HAHBVLXhFhZ1wDR2JeA4=,HuRCY64AZUdeODUB8nwdwNzpUko=
16,-202,aLJ+Aj7HAHBVLXhFhZ1wDR2JeA4=,HuRCY64AZUdeODUB8nwdwNzpUko=
23,-208,aLJ+Aj7HAHBVLXhFhZ1wDR2JeA4=,HuRCY64AZUdeODUB8nwdwNzpUko=
23,-206,aLJ+Aj7HAHBVLXhFhZ1wDR2JeA4=,HuRCY64AZUdeODUB8nwdwNzpUko=
22,-207,aLJ+Aj7HAHBVLXhFhZ1wDR2JeA4=,HuRCY64AZUdeODUB8nwdwNzpUko=
24,-208,aLJ+Aj7HAHBVLXhFhZ1wDR2JeA4=,+HHqMf+TNMhu+0q64Syz62ghP/U=
23,-203,aLJ+Aj7HAHBVLXhFhZ1wDR2JeA4=,HuRCY64AZUdeODUB8nwdwNzpUko=
24,-202,aLJ+Aj7HAHBVLXhFhZ1wDR2JeA4=,+HHqMf+TNMhu+0q64Syz62ghP/U=
23,-202,aLJ+Aj7HAHBVLXhFhZ1wDR2JeA4=,HuRCY64AZUdeODUB8nwdwNzpUko=
23,-207,aLJ+Aj7HAHBVLXhFhZ1wDR2JeA4=,HuRCY64AZUdeODUB8nwdwNzpUko=
21,-198,aLJ+Aj7HAHBVLXhFhZ1wDR2JeA4=,I+hwfwIAMRQ+ycVx+pMFCeSrxTE=
20,-198,aLJ+Aj7HAHBVLXhFhZ1wDR2JeA4=,I+hwfwIAMRQ+ycVx+pMFCeSrxTE=
22,-193,aLJ+Aj7HAHBVLXhFhZ1wDR2JeA4=,I+hwfwIAMRQ+ycVx+pMFCeSrxTE=
18,-198,aLJ+Aj7HAHBVLXhFhZ1wDR2JeA4=,I+hwfwIAMRQ+ycVx+pMFCeSrxTE=
19,-198,aLJ+Aj7HAHBVLXhFhZ1wDR2JeA4=,I+hwfwIAMRQ+ycVx+pMFCeSrxTE=
17,-198,aLJ+Aj7HAHBVLXhFhZ1wDR2JeA4=,I+hwfwIAMRQ+ycVx+pMFCeSrxTE=
16,-198,aLJ+Aj7HAHBVLXhFhZ1wDR2JeA4=,I+hwfwIAMRQ+ycVx+pMFCeSrxTE=
21,-199,aLJ+Aj7HAHBVLXhFhZ1wDR2JeA4=,I+hwfwIAMRQ+ycVx+pMFCeSrxTE=
19,-199,aLJ+Aj7HAHBVLXhFhZ1wDR2JeA4=,I+hwfwIAMRQ+ycVx+pMFCeSrxTE=
21,-193,aLJ+Aj7HAHBVLXhFhZ1wDR2JeA4=,I+hwfwIAMRQ+ycVx+pMFCeSrxTE=
20,-199,aLJ+Aj7HAHBVLXhFhZ1wDR2JeA4=,I+hwfwIAMRQ+ycVx+pMFCeSrxTE=
17,-199,aLJ+Aj7HAHBVLXhFhZ1wDR2JeA4=,I+hwfwIAMRQ+ycVx+pMFCeSrxTE=
16,-199,aLJ+Aj7HAHBVLXhFhZ1wDR2JeA4=,I+hwfwIAMRQ+ycVx+pMFCeSrxTE=
20,-193,aLJ+Aj7HAHBVLXhFhZ1wDR2JeA4=,I+hwfwIAMRQ+ycVx+pMFCeSrxTE=
18,-199,aLJ+Aj7HAHBVLXhFhZ1wDR2JeA4=,I+hwfwIAMRQ+ycVx+pMFCeSrxTE=
19,-193,aLJ+Aj7HAHBVLXhFhZ1wDR2JeA4=,I+hwfwIAMRQ+ycVx+pMFCeSrxTE=
18,-193,aLJ+Aj7HAHBVLXhFhZ1wDR2JeA4=,I+hwfwIAMRQ+ycVx+pMFCeSrxTE=
17,-193,aLJ+Aj7HAHBVLXhFhZ1wDR2JeA4=,I+hwfwIAMRQ+ycVx+pMFCeSrxTE=
16,-193,aLJ+Aj7HAHBVLXhFhZ1wDR2JeA4=,I+hwfwIAMRQ+ycVx+pMFCeSrxTE=
21,-200,aLJ+Aj7HAHBVLXhFhZ1wDR2JeA4=,I+hwfwIAMRQ+ycVx+pMFCeSrxTE=
20,-200,aLJ+Aj7HAHBVLXhFhZ1wDR2JeA4=,I+hwfwIAMRQ+ycVx+pMFCeSrxTE=
18,-200,aLJ+Aj7HAHBVLXhFhZ1wDR2JeA4=,I+hwfwIAMRQ+ycVx+pMFCeSrxTE=
19,-200,aLJ+Aj7HAHBVLXhFhZ1wDR2JeA4=,I+hwfwIAMRQ+ycVx+pMFCeSrxTE=
21,-194,aLJ+Aj7HAHBVLXhFhZ1wDR2JeA4=,I+hwfwIAMRQ+ycVx+pMFCeSrxTE=
20,-194,aLJ+Aj7HAHBVLXhFhZ1wDR2JeA4=,I+hwfwIAMRQ+ycVx+pMFCeSrxTE=
19,-194,aLJ+Aj7HAHBVLXhFhZ1wDR2JeA4=,I+hwfwIAMRQ+ycVx+pMFCeSrxTE=
17,-194,aLJ+Aj7HAHBVLXhFhZ1wDR2JeA4=,I+hwfwIAMRQ+ycVx+pMFCeSrxTE=
18,-194,aLJ+Aj7HAHBVLXhFhZ1wDR2JeA4=,I+hwfwIAMRQ+ycVx+pMFCeSrxTE=
16,-194,aLJ+Aj7HAHBVLXhFhZ1wDR2JeA4=,I+hwfwIAMRQ+ycVx+pMFCeSrxTE=
17,-200,aLJ+Aj7HAHBVLXhFhZ1wDR2JeA4=,I+hwfwIAMRQ+ycVx+pMFCeSrxTE=
16,-200,aLJ+Aj7HAHBVLXhFhZ1wDR2JeA4=,I+hwfwIAMRQ+ycVx+pMFCeSrxTE=
20,-201,aLJ+Aj7HAHBVLXhFhZ1wDR2JeA4=,HuRCY64AZUdeODUB8nwdwNzpUko=
22,-194,aLJ+Aj7HAHBVLXhFhZ1wDR2JeA4=,I+hwfwIAMRQ+ycVx+pMFCeSrxTE=
21,-195,aLJ+Aj7HAHBVLXhFhZ1wDR2JeA4=,I+hwfwIAMRQ+ycVx+pMFCeSrxTE=
20,-195,aLJ+Aj7HAHBVLXhFhZ1wDR2JeA4=,I+hwfwIAMRQ+ycVx+pMFCeSrxTE=
19,-201,aLJ+Aj7HAHBVLXhFhZ1wDR2JeA4=,HuRCY64AZUdeODUB8nwdwNzpUko=
19,-195,aLJ+Aj7HAHBVLXhFhZ1wDR2JeA4=,I+hwfwIAMRQ+ycVx+pMFCeSrxTE=
24,-199,aLJ+Aj7HAHBVLXhFhZ1wDR2JeA4=,op9DpiwXG80w1vS8CUJVEBHT07A=
18,-201,aLJ+Aj7HAHBVLXhFhZ1wDR2JeA4=,HuRCY64AZUdeODUB8nwdwNzpUko=
17,-201,aLJ+Aj7HAHBVLXhFhZ1wDR2JeA4=,HuRCY64AZUdeODUB8nwdwNzpUko=
24,-201,aLJ+Aj7HAHBVLXhFhZ1wDR2JeA4=,+HHqMf+TNMhu+0q64Syz62ghP/U=
24,-197,aLJ+Aj7HAHBVLXhFhZ1wDR2JeA4=,op9DpiwXG80w1vS8CUJVEBHT07A=
16,-201,aLJ+Aj7HAHBVLXhFhZ1wDR2JeA4=,HuRCY64AZUdeODUB8nwdwNzpUko=
24,-200,aLJ+Aj7HAHBVLXhFhZ1wDR2JeA4=,op9DpiwXG80w1vS8CUJVEBHT07A=
18,-195,aLJ+Aj7HAHBVLXhFhZ1wDR2JeA4=,I+hwfwIAMRQ+ycVx+pMFCeSrxTE=
16,-195,aLJ+Aj7HAHBVLXhFhZ1wDR2JeA4=,I+hwfwIAMRQ+ycVx+pMFCeSrxTE=
17,-195,aLJ+Aj7HAHBVLXhFhZ1wDR2JeA4=,I+hwfwIAMRQ+ycVx+pMFCeSrxTE=
21,-201,aLJ+Aj7HAHBVLXhFhZ1wDR2JeA4=,HuRCY64AZUdeODUB8nwdwNzpUko=
21,-196,aLJ+Aj7HAHBVLXhFhZ1wDR2JeA4=,I+hwfwIAMRQ+ycVx+pMFCeSrxTE=
24,-196,aLJ+Aj7HAHBVLXhFhZ1wDR2JeA4=,op9DpiwXG80w1vS8CUJVEBHT07A=
20,-196,aLJ+Aj7HAHBVLXhFhZ1wDR2JeA4=,I+hwfwIAMRQ+ycVx+pMFCeSrxTE=
19,-196,aLJ+Aj7HAHBVLXhFhZ1wDR2JeA4=,I+hwfwIAMRQ+ycVx+pMFCeSrxTE=
18,-196,aLJ+Aj7HAHBVLXhFhZ1wDR2JeA4=,I+hwfwIAMRQ+ycVx+pMFCeSrxTE=
17,-196,aLJ+Aj7HAHBVLXhFhZ1wDR2JeA4=,I+hwfwIAMRQ+ycVx+pMFCeSrxTE=
16,-196,aLJ+Aj7HAHBVLXhFhZ1wDR2JeA4=,I+hwfwIAMRQ+ycVx+pMFCeSrxTE=
24,-195,aLJ+Aj7HAHBVLXhFhZ1wDR2JeA4=,op9DpiwXG80w1vS8CUJVEBHT07A=
23,-193,aLJ+Aj7HAHBVLXhFhZ1wDR2JeA4=,I+hwfwIAMRQ+ycVx+pMFCeSrxTE=
22,-200,aLJ+Aj7HAHBVLXhFhZ1wDR2JeA4=,I+hwfwIAMRQ+ycVx+pMFCeSrxTE=
21,-197,aLJ+Aj7HAHBVLXhFhZ1wDR2JeA4=,I+hwfwIAMRQ+ycVx+pMFCeSrxTE=
20,-197,aLJ+Aj7HAHBVLXhFhZ1wDR2JeA4=,I+hwfwIAMRQ+ycVx+pMFCeSrxTE=
19,-197,aLJ+Aj7HAHBVLXhFhZ1wDR2JeA4=,I+hwfwIAMRQ+ycVx+pMFCeSrxTE=
18,-197,aLJ+Aj7HAHBVLXhFhZ1wDR2JeA4=,I+hwfwIAMRQ+ycVx+pMFCeSrxTE=
24,-198,aLJ+Aj7HAHBVLXhFhZ1wDR2JeA4=,op9DpiwXG80w1vS8CUJVEBHT07A=
17,-197,aLJ+Aj7HAHBVLXhFhZ1wDR2JeA4=,I+hwfwIAMRQ+ycVx+pMFCeSrxTE=
16,-197,aLJ+Aj7HAHBVLXhFhZ1wDR2JeA4=,I+hwfwIAMRQ+ycVx+pMFCeSrxTE=
23,-194,aLJ+Aj7HAHBVLXhFhZ1wDR2JeA4=,I+hwfwIAMRQ+ycVx+pMFCeSrxTE=
23,-200,aLJ+Aj7HAHBVLXhFhZ1wDR2JeA4=,I+hwfwIAMRQ+ycVx+pMFCeSrxTE=
23,-201,aLJ+Aj7HAHBVLXhFhZ1wDR2JeA4=,HuRCY64AZUdeODUB8nwdwNzpUko=
23,-197,aLJ+Aj7HAHBVLXhFhZ1wDR2JeA4=,I+hwfwIAMRQ+ycVx+pMFCeSrxTE=
22,-195,aLJ+Aj7HAHBVLXhFhZ1wDR2JeA4=,I+hwfwIAMRQ+ycVx+pMFCeSrxTE=
22,-197,aLJ+Aj7HAHBVLXhFhZ1wDR2JeA4=,I+hwfwIAMRQ+ycVx+pMFCeSrxTE=
23,-199,aLJ+Aj7HAHBVLXhFhZ1wDR2JeA4=,I+hwfwIAMRQ+ycVx+pMFCeSrxTE=
22,-196,aLJ+Aj7HAHBVLXhFhZ1wDR2JeA4=,I+hwfwIAMRQ+ycVx+pMFCeSrxTE=
22,-199,aLJ+Aj7HAHBVLXhFhZ1wDR2JeA4=,I+hwfwIAMRQ+ycVx+pMFCeSrxTE=
23,-195,aLJ+Aj7HAHBVLXhFhZ1wDR2JeA4=,I+hwfwIAMRQ+ycVx+pMFCeSrxTE=
23,-196,aLJ+Aj7HAHBVLXhFhZ1wDR2JeA4=,I+hwfwIAMRQ+ycVx+pMFCeSrxTE=
22,-201,aLJ+Aj7HAHBVLXhFhZ1wDR2JeA4=,HuRCY64AZUdeODUB8nwdwNzpUko=
22,-198,aLJ+Aj7HAHBVLXhFhZ1wDR2JeA4=,I+hwfwIAMRQ+ycVx+pMFCeSrxTE=
23,-198,aLJ+Aj7HAHBVLXhFhZ1wDR2JeA4=,I+hwfwIAMRQ+ycVx+pMFCeSrxTE=
24,-193,aLJ+Aj7HAHBVLXhFhZ1wDR2JeA4=,op9DpiwXG80w1vS8CUJVEBHT07A=
24,-194,aLJ+Aj7HAHBVLXhFhZ1wDR2JeA4=,op9DpiwXG80w1vS8CUJVEBHT07A=
20,-213,aLJ+Aj7HAHBVLXhFhZ1wDR2JeA4=,zKHuvV9O18VxQLHpiyZCfCOx5+I=
19,-213,aLJ+Aj7HAHBVLXhFhZ1wDR2JeA4=,zKHuvV9O18VxQLHpiyZCfCOx5+I=
21,-210,aLJ+Aj7HAHBVLXhFhZ1wDR2JeA4=,zKHuvV9O18VxQLHpiyZCfCOx5+I=
22,-210,aLJ+Aj7HAHBVLXhFhZ1wDR2JeA4=,zKHuvV9O18VxQLHpiyZCfCOx5+I=
18,-213,aLJ+Aj7HAHBVLXhFhZ1wDR2JeA4=,zKHuvV9O18VxQLHpiyZCfCOx5+I=
22,-214,aLJ+Aj7HAHBVLXhFhZ1wDR2JeA4=,zKHuvV9O18VxQLHpiyZCfCOx5+I=
20,-214,aLJ+Aj7HAHBVLXhFhZ1wDR2JeA4=,zKHuvV9O18VxQLHpiyZCfCOx5+I=
19,-214,aLJ+Aj7HAHBVLXhFhZ1wDR2JeA4=,zKHuvV9O18VxQLHpiyZCfCOx5+I=
20,-210,aLJ+Aj7HAHBVLXhFhZ1wDR2JeA4=,zKHuvV9O18VxQLHpiyZCfCOx5+I=
21,-214,aLJ+Aj7HAHBVLXhFhZ1wDR2JeA4=,zKHuvV9O18VxQLHpiyZCfCOx5+I=
19,-210,aLJ+Aj7HAHBVLXhFhZ1wDR2JeA4=,zKHuvV9O18VxQLHpiyZCfCOx5+I=
17,-210,aLJ+Aj7HAHBVLXhFhZ1wDR2JeA4=,zKHuvV9O18VxQLHpiyZCfCOx5+I=
18,-214,aLJ+Aj7HAHBVLXhFhZ1wDR2JeA4=,zKHuvV9O18VxQLHpiyZCfCOx5+I=
22,-211,aLJ+Aj7HAHBVLXhFhZ1wDR2JeA4=,zKHuvV9O18VxQLHpiyZCfCOx5+I=
18,-210,aLJ+Aj7HAHBVLXhFhZ1wDR2JeA4=,zKHuvV9O18VxQLHpiyZCfCOx5+I=
21,-211,aLJ+Aj7HAHBVLXhFhZ1wDR2JeA4=,zKHuvV9O18VxQLHpiyZCfCOx5+I=
20,-211,aLJ+Aj7HAHBVLXhFhZ1wDR2JeA4=,zKHuvV9O18VxQLHpiyZCfCOx5+I=
22,-215,aLJ+Aj7HAHBVLXhFhZ1wDR2JeA4=,zKHuvV9O18VxQLHpiyZCfCOx5+I=
21,-215,aLJ+Aj7HAHBVLXhFhZ1wDR2JeA4=,zKHuvV9O18VxQLHpiyZCfCOx5+I=
19,-211,aLJ+Aj7HAHBVLXhFhZ1wDR2JeA4=,zKHuvV9O18VxQLHpiyZCfCOx5+I=
19,-215,aLJ+Aj7HAHBVLXhFhZ1wDR2JeA4=,zKHuvV9O18VxQLHpiyZCfCOx5+I=
20,-215,aLJ+Aj7HAHBVLXhFhZ1wDR2JeA4=,zKHuvV9O18VxQLHpiyZCfCOx5+I=
18,-211,aLJ+Aj7HAHBVLXhFhZ1wDR2JeA4=,zKHuvV9O18VxQLHpiyZCfCOx5+I=
17,-211,aLJ+Aj7HAHBVLXhFhZ1wDR2JeA4=,zKHuvV9O18VxQLHpiyZCfCOx5+I=
22,-212,aLJ+Aj7HAHBVLXhFhZ1wDR2JeA4=,zKHuvV9O18VxQLHpiyZCfCOx5+I=
21,-212,aLJ+Aj7HAHBVLXhFhZ1wDR2JeA4=,zKHuvV9O18VxQLHpiyZCfCOx5+I=
20,-212,aLJ+Aj7HAHBVLXhFhZ1wDR2JeA4=,zKHuvV9O18VxQLHpiyZCfCOx5+I=
19,-212,aLJ+Aj7HAHBVLXhFhZ1wDR2JeA4=,zKHuvV9O18VxQLHpiyZCfCOx5+I=
18,-212,aLJ+Aj7HAHBVLXhFhZ1wDR2JeA4=,zKHuvV9O18VxQLHpiyZCfCOx5+I=
17,-212,aLJ+Aj7HAHBVLXhFhZ1wDR2JeA4=,zKHuvV9O18VxQLHpiyZCfCOx5+I=
21,-213,aLJ+Aj7HAHBVLXhFhZ1wDR2JeA4=,zKHuvV9O18VxQLHpiyZCfCOx5+I=
22,-213,aLJ+Aj7HAHBVLXhFhZ1wDR2JeA4=,zKHuvV9O18VxQLHpiyZCfCOx5+I=
17,-213,aLJ+Aj7HAHBVLXhFhZ1wDR2JeA4=,zKHuvV9O18VxQLHpiyZCfCOx5+I=
17,-209,aLJ+Aj7HAHBVLXhFhZ1wDR2JeA4=,zKHuvV9O18VxQLHpiyZCfCOx5+I=
18,-209,aLJ+Aj7HAHBVLXhFhZ1wDR2JeA4=,zKHuvV9O18VxQLHpiyZCfCOx5+I=
19,-209,aLJ+Aj7HAHBVLXhFhZ1wDR2JeA4=,zKHuvV9O18VxQLHpiyZCfCOx5+I=
20,-209,aLJ+Aj7HAHBVLXhFhZ1wDR2JeA4=,zKHuvV9O18VxQLHpiyZCfCOx5+I=
21,-209,aLJ+Aj7HAHBVLXhFhZ1wDR2JeA4=,zKHuvV9O18VxQLHpiyZCfCOx5+I=
18,-215,aLJ+Aj7HAHBVLXhFhZ1wDR2JeA4=,zKHuvV9O18VxQLHpiyZCfCOx5+I=
17,-215,aLJ+Aj7HAHBVLXhFhZ1wDR2JeA4=,zKHuvV9O18VxQLHpiyZCfCOx5+I=
22,-209,aLJ+Aj7HAHBVLXhFhZ1wDR2JeA4=,zKHuvV9O18VxQLHpiyZCfCOx5+I=
17,-214,aLJ+Aj7HAHBVLXhFhZ1wDR2JeA4=,zKHuvV9O18VxQLHpiyZCfCOx5+I=
28,-209,aLJ+Aj7HAHBVLXhFhZ1wDR2JeA4=,gHAVlMT5IFp4xyN4W4j4fbAnOlw=
29,-209,aLJ+Aj7HAHBVLXhFhZ1wDR2JeA4=,gHAVlMT5IFp4xyN4W4j4fbAnOlw=
30,-209,aLJ+Aj7HAHBVLXhFhZ1wDR2JeA4=,gHAVlMT5IFp4xyN4W4j4fbAnOlw=
29,-210,aLJ+Aj7HAHBVLXhFhZ1wDR2JeA4=,gHAVlMT5IFp4xyN4W4j4fbAnOlw=
23,-209,aLJ+Aj7HAHBVLXhFhZ1wDR2JeA4=,zKHuvV9O18VxQLHpiyZCfCOx5+I=
26,-212,aLJ+Aj7HAHBVLXhFhZ1wDR2JeA4=,gHAVlMT5IFp4xyN4W4j4fbAnOlw=
27,-209,aLJ+Aj7HAHBVLXhFhZ1wDR2JeA4=,gHAVlMT5IFp4xyN4W4j4fbAnOlw=
24,-211,aLJ+Aj7HAHBVLXhFhZ1wDR2JeA4=,gHAVlMT5IFp4xyN4W4j4fbAnOlw=
23,-213,aLJ+Aj7HAHBVLXhFhZ1wDR2JeA4=,zKHuvV9O18VxQLHpiyZCfCOx5+I=
26,-213,aLJ+Aj7HAHBVLXhFhZ1wDR2JeA4=,gHAVlMT5IFp4xyN4W4j4fbAnOlw=
27,-213,aLJ+Aj7HAHBVLXhFhZ1wDR2JeA4=,gHAVlMT5IFp4xyN4W4j4fbAnOlw=
29,-211,aLJ+Aj7HAHBVLXhFhZ1wDR2JeA4=,gHAVlMT5IFp4xyN4W4j4fbAnOlw=
27,-215,aLJ+Aj7HAHBVLXhFhZ1wDR2JeA4=,gHAVlMT5IFp4xyN4W4j4fbAnOlw=
23,-210,aLJ+Aj7HAHBVLXhFhZ1wDR2JeA4=,zKHuvV9O18VxQLHpiyZCfCOx5+I=
26,-209,aLJ+Aj7HAHBVLXhFhZ1wDR2JeA4=,gHAVlMT5IFp4xyN4W4j4fbAnOlw=
31,-210,aLJ+Aj7HAHBVLXhFhZ1wDR2JeA4=,gHAVlMT5IFp4xyN4W4j4fbAnOlw=
23,-214,aLJ+Aj7HAHBVLXhFhZ1wDR2JeA4=,zKHuvV9O18VxQLHpiyZCfCOx5+I=
30,-210,aLJ+Aj7HAHBVLXhFhZ1wDR2JeA4=,gHAVlMT5IFp4xyN4W4j4fbAnOlw=
26,-215,aLJ+Aj7HAHBVLXhFhZ1wDR2JeA4=,gHAVlMT5IFp4xyN4W4j4fbAnOlw=
24,-212,aLJ+Aj7HAHBVLXhFhZ1wDR2JeA4=,gHAVlMT5IFp4xyN4W4j4fbAnOlw=
25,-215,aLJ+Aj7HAHBVLXhFhZ1wDR2JeA4=,gHAVlMT5IFp4xyN4W4j4fbAnOlw=
23,-211,aLJ+Aj7HAHBVLXhFhZ1wDR2JeA4=,zKHuvV9O18VxQLHpiyZCfCOx5+I=
31,-212,aLJ+Aj7HAHBVLXhFhZ1wDR2JeA4=,gHAVlMT5IFp4xyN4W4j4fbAnOlw=
25,-212,aLJ+Aj7HAHBVLXhFhZ1wDR2JeA4=,gHAVlMT5IFp4xyN4W4j4fbAnOlw=
25,-211,aLJ+Aj7HAHBVLXhFhZ1wDR2JeA4=,gHAVlMT5IFp4xyN4W4j4fbAnOlw=
28,-214,aLJ+Aj7HAHBVLXhFhZ1wDR2JeA4=,gHAVlMT5IFp4xyN4W4j4fbAnOlw=
27,-214,aLJ+Aj7HAHBVLXhFhZ1wDR2JeA4=,gHAVlMT5IFp4xyN4W4j4fbAnOlw=
29,-214,aLJ+Aj7HAHBVLXhFhZ1wDR2JeA4=,gHAVlMT5IFp4xyN4W4j4fbAnOlw=
24,-215,aLJ+Aj7HAHBVLXhFhZ1wDR2JeA4=,gHAVlMT5IFp4xyN4W4j4fbAnOlw=
26,-214,aLJ+Aj7HAHBVLXhFhZ1wDR2JeA4=,gHAVlMT5IFp4xyN4W4j4fbAnOlw=
25,-214,aLJ+Aj7HAHBVLXhFhZ1wDR2JeA4=,gHAVlMT5IFp4xyN4W4j4fbAnOlw=
24,-214,aLJ+Aj7HAHBVLXhFhZ1wDR2JeA4=,gHAVlMT5IFp4xyN4W4j4fbAnOlw=
23,-215,aLJ+Aj7HAHBVLXhFhZ1wDR2JeA4=,zKHuvV9O18VxQLHpiyZCfCOx5+I=
29,-215,aLJ+Aj7HAHBVLXhFhZ1wDR2JeA4=,gHAVlMT5IFp4xyN4W4j4fbAnOlw=
25,-209,aLJ+Aj7HAHBVLXhFhZ1wDR2JeA4=,gHAVlMT5IFp4xyN4W4j4fbAnOlw=
28,-210,aLJ+Aj7HAHBVLXhFhZ1wDR2JeA4=,gHAVlMT5IFp4xyN4W4j4fbAnOlw=
31,-213,aLJ+Aj7HAHBVLXhFhZ1wDR2JeA4=,gHAVlMT5IFp4xyN4W4j4fbAnOlw=
27,-210,aLJ+Aj7HAHBVLXhFhZ1wDR2JeA4=,gHAVlMT5IFp4xyN4W4j4fbAnOlw=
31,-215,aLJ+Aj7HAHBVLXhFhZ1wDR2JeA4=,gHAVlMT5IFp4xyN4W4j4fbAnOlw=
30,-214,aLJ+Aj7HAHBVLXhFhZ1wDR2JeA4=,gHAVlMT5IFp4xyN4W4j4fbAnOlw=
24,-209,aLJ+Aj7HAHBVLXhFhZ1wDR2JeA4=,gHAVlMT5IFp4xyN4W4j4fbAnOlw=
30,-215,aLJ+Aj7HAHBVLXhFhZ1wDR2JeA4=,gHAVlMT5IFp4xyN4W4j4fbAnOlw=
23,-212,aLJ+Aj7HAHBVLXhFhZ1wDR2JeA4=,zKHuvV9O18VxQLHpiyZCfCOx5+I=
30,-213,aLJ+Aj7HAHBVLXhFhZ1wDR2JeA4=,gHAVlMT5IFp4xyN4W4j4fbAnOlw=
29,-213,aLJ+Aj7HAHBVLXhFhZ1wDR2JeA4=,gHAVlMT5IFp4xyN4W4j4fbAnOlw=
28,-213,aLJ+Aj7HAHBVLXhFhZ1wDR2JeA4=,gHAVlMT5IFp4xyN4W4j4fbAnOlw=
28,-215,aLJ+Aj7HAHBVLXhFhZ1wDR2JeA4=,gHAVlMT5IFp4xyN4W4j4fbAnOlw=
25,-213,aLJ+Aj7HAHBVLXhFhZ1wDR2JeA4=,gHAVlMT5IFp4xyN4W4j4fbAnOlw=
31,-211,aLJ+Aj7HAHBVLXhFhZ1wDR2JeA4=,gHAVlMT5IFp4xyN4W4j4fbAnOlw=
24,-213,aLJ+Aj7HAHBVLXhFhZ1wDR2JeA4=,gHAVlMT5IFp4xyN4W4j4fbAnOlw=
30,-211,aLJ+Aj7HAHBVLXhFhZ1wDR2JeA4=,gHAVlMT5IFp4xyN4W4j4fbAnOlw=
29,-212,aLJ+Aj7HAHBVLXhFhZ1wDR2JeA4=,gHAVlMT5IFp4xyN4W4j4fbAnOlw=
26,-210,aLJ+Aj7HAHBVLXhFhZ1wDR2JeA4=,gHAVlMT5IFp4xyN4W4j4fbAnOlw=
28,-211,aLJ+Aj7HAHBVLXhFhZ1wDR2JeA4=,gHAVlMT5IFp4xyN4W4j4fbAnOlw=
28,-212,aLJ+Aj7HAHBVLXhFhZ1wDR2JeA4=,gHAVlMT5IFp4xyN4W4j4fbAnOlw=
30,-212,aLJ+Aj7HAHBVLXhFhZ1wDR2JeA4=,gHAVlMT5IFp4xyN4W4j4fbAnOlw=
24,-210,aLJ+Aj7HAHBVLXhFhZ1wDR2JeA4=,gHAVlMT5IFp4xyN4W4j4fbAnOlw=
27,-211,aLJ+Aj7HAHBVLXhFhZ1wDR2JeA4=,gHAVlMT5IFp4xyN4W4j4fbAnOlw=
25,-210,aLJ+Aj7HAHBVLXhFhZ1wDR2JeA4=,gHAVlMT5IFp4xyN4W4j4fbAnOlw=
26,-211,aLJ+Aj7HAHBVLXhFhZ1wDR2JeA4=,gHAVlMT5IFp4xyN4W4j4fbAnOlw=
27,-212,aLJ+Aj7HAHBVLXhFhZ1wDR2JeA4=,gHAVlMT5IFp4xyN4W4j4fbAnOlw=
31,-209,aLJ+Aj7HAHBVLXhFhZ1wDR2JeA4=,gHAVlMT5IFp4xyN4W4j4fbAnOlw=
31,-214,aLJ+Aj7HAHBVLXhFhZ1wDR2JeA4=,gHAVlMT5IFp4xyN4W4j4fbAnOlw=
16,-209,aLJ+Aj7HAHBVLXhFhZ1wDR2JeA4=,zKHuvV9O18VxQLHpiyZCfCOx5+I=
16,-213,aLJ+Aj7HAHBVLXhFhZ1wDR2JeA4=,zKHuvV9O18VxQLHpiyZCfCOx5+I=
16,-210,aLJ+Aj7HAHBVLXhFhZ1wDR2JeA4=,zKHuvV9O18VxQLHpiyZCfCOx5+I=
16,-212,aLJ+Aj7HAHBVLXhFhZ1wDR2JeA4=,zKHuvV9O18VxQLHpiyZCfCOx5+I=
16,-214,aLJ+Aj7HAHBVLXhFhZ1wDR2JeA4=,zKHuvV9O18VxQLHpiyZCfCOx5+I=
16,-215,aLJ+Aj7HAHBVLXhFhZ1wDR2JeA4=,zKHuvV9O18VxQLHpiyZCfCOx5+I=
16,-211,aLJ+Aj7HAHBVLXhFhZ1wDR2JeA4=,zKHuvV9O18VxQLHpiyZCfCOx5+I=
27,-217,aLJ+Aj7HAHBVLXhFhZ1wDR2JeA4=,spmEsk457H7p6w2FxDAN6Ohs5PQ=
26,-217,aLJ+Aj7HAHBVLXhFhZ1wDR2JeA4=,spmEsk457H7p6w2FxDAN6Ohs5PQ=
27,-216,aLJ+Aj7HAHBVLXhFhZ1wDR2JeA4=,gHAVlMT5IFp4xyN4W4j4fbAnOlw=
28,-217,aLJ+Aj7HAHBVLXhFhZ1wDR2JeA4=,spmEsk457H7p6w2FxDAN6Ohs5PQ=
28,-216,aLJ+Aj7HAHBVLXhFhZ1wDR2JeA4=,gHAVlMT5IFp4xyN4W4j4fbAnOlw=
25,-217,aLJ+Aj7HAHBVLXhFhZ1wDR2JeA4=,spmEsk457H7p6w2FxDAN6Ohs5PQ=
30,-218,aLJ+Aj7HAHBVLXhFhZ1wDR2JeA4=,spmEsk457H7p6w2FxDAN6Ohs5PQ=
29,-218,aLJ+Aj7HAHBVLXhFhZ1wDR2JeA4=,spmEsk457H7p6w2FxDAN6Ohs5PQ=
28,-218,aLJ+Aj7HAHBVLXhFhZ1wDR2JeA4=,spmEsk457H7p6w2FxDAN6Ohs5PQ=
27,-218,aLJ+Aj7HAHBVLXhFhZ1wDR2JeA4=,spmEsk457H7p6w2FxDAN6Ohs5PQ=
26,-218,aLJ+Aj7HAHBVLXhFhZ1wDR2JeA4=,spmEsk457H7p6w2FxDAN6Ohs5PQ=
25,-218,aLJ+Aj7HAHBVLXhFhZ1wDR2JeA4=,spmEsk457H7p6w2FxDAN6Ohs5PQ=
30,-219,aLJ+Aj7HAHBVLXhFhZ1wDR2JeA4=,spmEsk457H7p6w2FxDAN6Ohs5PQ=
29,-219,aLJ+Aj7HAHBVLXhFhZ1wDR2JeA4=,spmEsk457H7p6w2FxDAN6Ohs5PQ=
28,-219,aLJ+Aj7HAHBVLXhFhZ1wDR2JeA4=,spmEsk457H7p6w2FxDAN6Ohs5PQ=
27,-219,aLJ+Aj7HAHBVLXhFhZ1wDR2JeA4=,spmEsk457H7p6w2FxDAN6Ohs5PQ=
26,-219,aLJ+Aj7HAHBVLXhFhZ1wDR2JeA4=,spmEsk457H7p6w2FxDAN6Ohs5PQ=
25,-219,aLJ+Aj7HAHBVLXhFhZ1wDR2JeA4=,spmEsk457H7p6w2FxDAN6Ohs5PQ=
30,-220,aLJ+Aj7HAHBVLXhFhZ1wDR2JeA4=,spmEsk457H7p6w2FxDAN6Ohs5PQ=
29,-220,aLJ+Aj7HAHBVLXhFhZ1wDR2JeA4=,spmEsk457H7p6w2FxDAN6Ohs5PQ=
28,-220,aLJ+Aj7HAHBVLXhFhZ1wDR2JeA4=,spmEsk457H7p6w2FxDAN6Ohs5PQ=
27,-220,aLJ+Aj7HAHBVLXhFhZ1wDR2JeA4=,spmEsk457H7p6w2FxDAN6Ohs5PQ=
26,-220,aLJ+Aj7HAHBVLXhFhZ1wDR2JeA4=,spmEsk457H7p6w2FxDAN6Ohs5PQ=
25,-220,aLJ+Aj7HAHBVLXhFhZ1wDR2JeA4=,spmEsk457H7p6w2FxDAN6Ohs5PQ=
26,-216,aLJ+Aj7HAHBVLXhFhZ1wDR2JeA4=,gHAVlMT5IFp4xyN4W4j4fbAnOlw=
31,-221,aLJ+Aj7HAHBVLXhFhZ1wDR2JeA4=,spmEsk457H7p6w2FxDAN6Ohs5PQ=
30,-221,aLJ+Aj7HAHBVLXhFhZ1wDR2JeA4=,spmEsk457H7p6w2FxDAN6Ohs5PQ=
31,-220,aLJ+Aj7HAHBVLXhFhZ1wDR2JeA4=,spmEsk457H7p6w2FxDAN6Ohs5PQ=
31,-219,aLJ+Aj7HAHBVLXhFhZ1wDR2JeA4=,spmEsk457H7p6w2FxDAN6Ohs5PQ=
31,-218,aLJ+Aj7HAHBVLXhFhZ1wDR2JeA4=,spmEsk457H7p6w2FxDAN6Ohs5PQ=
25,-224,aLJ+Aj7HAHBVLXhFhZ1wDR2JeA4=,spmEsk457H7p6w2FxDAN6Ohs5PQ=
29,-221,aLJ+Aj7HAHBVLXhFhZ1wDR2JeA4=,spmEsk457H7p6w2FxDAN6Ohs5PQ=
28,-221,aLJ+Aj7HAHBVLXhFhZ1wDR2JeA4=,spmEsk457H7p6w2FxDAN6Ohs5PQ=
27,-221,aLJ+Aj7HAHBVLXhFhZ1wDR2JeA4=,spmEsk457H7p6w2FxDAN6Ohs5PQ=
31,-216,aLJ+Aj7HAHBVLXhFhZ1wDR2JeA4=,gHAVlMT5IFp4xyN4W4j4fbAnOlw=
26,-221,aLJ+Aj7HAHBVLXhFhZ1wDR2JeA4=,spmEsk457H7p6w2FxDAN6Ohs5PQ=
30,-222,aLJ+Aj7HAHBVLXhFhZ1wDR2JeA4=,spmEsk457H7p6w2FxDAN6Ohs5PQ=
25,-221,aLJ+Aj7HAHBVLXhFhZ1wDR2JeA4=,spmEsk457H7p6w2FxDAN6Ohs5PQ=
29,-222,aLJ+Aj7HAHBVLXhFhZ1wDR2JeA4=,spmEsk457H7p6w2FxDAN6Ohs5PQ=
26,-224,aLJ+Aj7HAHBVLXhFhZ1wDR2JeA4=,spmEsk457H7p6w2FxDAN6Ohs5PQ=
28,-222,aLJ+Aj7HAHBVLXhFhZ1wDR2JeA4=,spmEsk457H7p6w2FxDAN6Ohs5PQ=
27,-222,aLJ+Aj7HAHBVLXhFhZ1wDR2JeA4=,spmEsk457H7p6w2FxDAN6Ohs5PQ=
25,-216,aLJ+Aj7HAHBVLXhFhZ1wDR2JeA4=,gHAVlMT5IFp4xyN4W4j4fbAnOlw=
30,-216,aLJ+Aj7HAHBVLXhFhZ1wDR2JeA4=,gHAVlMT5IFp4xyN4W4j4fbAnOlw=
30,-223,aLJ+Aj7HAHBVLXhFhZ1wDR2JeA4=,spmEsk457H7p6w2FxDAN6Ohs5PQ=
29,-223,aLJ+Aj7HAHBVLXhFhZ1wDR2JeA4=,spmEsk457H7p6w2FxDAN6Ohs5PQ=
31,-222,aLJ+Aj7HAHBVLXhFhZ1wDR2JeA4=,spmEsk457H7p6w2FxDAN6Ohs5PQ=
26,-222,aLJ+Aj7HAHBVLXhFhZ1wDR2JeA4=,spmEsk457H7p6w2FxDAN6Ohs5PQ=
27,-224,aLJ+Aj7HAHBVLXhFhZ1wDR2JeA4=,spmEsk457H7p6w2FxDAN6Ohs5PQ=
30,-217,aLJ+Aj7HAHBVLXhFhZ1wDR2JeA4=,spmEsk457H7p6w2FxDAN6Ohs5PQ=
29,-216,aLJ+Aj7HAHBVLXhFhZ1wDR2JeA4=,gHAVlMT5IFp4xyN4W4j4fbAnOlw=
29,-217,aLJ+Aj7HAHBVLXhFhZ1wDR2JeA4=,spmEsk457H7p6w2FxDAN6Ohs5PQ=
28,-223,aLJ+Aj7HAHBVLXhFhZ1wDR2JeA4=,spmEsk457H7p6w2FxDAN6Ohs5PQ=
26,-223,aLJ+Aj7HAHBVLXhFhZ1wDR2JeA4=,spmEsk457H7p6w2FxDAN6Ohs5PQ=
25,-222,aLJ+Aj7HAHBVLXhFhZ1wDR2JeA4=,spmEsk457H7p6w2FxDAN6Ohs5PQ=
25,-223,aLJ+Aj7HAHBVLXhFhZ1wDR2JeA4=,spmEsk457H7p6w2FxDAN6Ohs5PQ=
31,-223,aLJ+Aj7HAHBVLXhFhZ1wDR2JeA4=,spmEsk457H7p6w2FxDAN6Ohs5PQ=
30,-224,aLJ+Aj7HAHBVLXhFhZ1wDR2JeA4=,spmEsk457H7p6w2FxDAN6Ohs5PQ=
31,-217,aLJ+Aj7HAHBVLXhFhZ1wDR2JeA4=,spmEsk457H7p6w2FxDAN6Ohs5PQ=
29,-224,aLJ+Aj7HAHBVLXhFhZ1wDR2JeA4=,spmEsk457H7p6w2FxDAN6Ohs5PQ=
27,-223,aLJ+Aj7HAHBVLXhFhZ1wDR2JeA4=,spmEsk457H7p6w2FxDAN6Ohs5PQ=
28,-224,aLJ+Aj7HAHBVLXhFhZ1wDR2JeA4=,spmEsk457H7p6w2FxDAN6Ohs5PQ=
31,-224,aLJ+Aj7HAHBVLXhFhZ1wDR2JeA4=,spmEsk457H7p6w2FxDAN6Ohs5PQ=
22,-219,aLJ+Aj7HAHBVLXhFhZ1wDR2JeA4=,YnCvXdDImGP0ZTTlwrL/9s/qmUY=
23,-219,aLJ+Aj7HAHBVLXhFhZ1wDR2JeA4=,YnCvXdDImGP0ZTTlwrL/9s/qmUY=
20,-219,aLJ+Aj7HAHBVLXhFhZ1wDR2JeA4=,YnCvXdDImGP0ZTTlwrL/9s/qmUY=
21,-219,aLJ+Aj7HAHBVLXhFhZ1wDR2JeA4=,YnCvXdDImGP0ZTTlwrL/9s/qmUY=
16,-219,aLJ+Aj7HAHBVLXhFhZ1wDR2JeA4=,YnCvXdDImGP0ZTTlwrL/9s/qmUY=
24,-217,aLJ+Aj7HAHBVLXhFhZ1wDR2JeA4=,spmEsk457H7p6w2FxDAN6Ohs5PQ=
22,-220,aLJ+Aj7HAHBVLXhFhZ1wDR2JeA4=,YnCvXdDImGP0ZTTlwrL/9s/qmUY=
21,-220,aLJ+Aj7HAHBVLXhFhZ1wDR2JeA4=,YnCvXdDImGP0ZTTlwrL/9s/qmUY=
23,-220,aLJ+Aj7HAHBVLXhFhZ1wDR2JeA4=,YnCvXdDImGP0ZTTlwrL/9s/qmUY=
20,-220,aLJ+Aj7HAHBVLXhFhZ1wDR2JeA4=,YnCvXdDImGP0ZTTlwrL/9s/qmUY=
24,-218,aLJ+Aj7HAHBVLXhFhZ1wDR2JeA4=,spmEsk457H7p6w2FxDAN6Ohs5PQ=
23,-221,aLJ+Aj7HAHBVLXhFhZ1wDR2JeA4=,YnCvXdDImGP0ZTTlwrL/9s/qmUY=
16,-220,aLJ+Aj7HAHBVLXhFhZ1wDR2JeA4=,YnCvXdDImGP0ZTTlwrL/9s/qmUY=
24,-219,aLJ+Aj7HAHBVLXhFhZ1wDR2JeA4=,spmEsk457H7p6w2FxDAN6Ohs5PQ=
16,-221,aLJ+Aj7HAHBVLXhFhZ1wDR2JeA4=,YnCvXdDImGP0ZTTlwrL/9s/qmUY=
16,-218,aLJ+Aj7HAHBVLXhFhZ1wDR2JeA4=,YnCvXdDImGP0ZTTlwrL/9s/qmUY=
19,-219,aLJ+Aj7HAHBVLXhFhZ1wDR2JeA4=,YnCvXdDImGP0ZTTlwrL/9s/qmUY=
22,-221,aLJ+Aj7HAHBVLXhFhZ1wDR2JeA4=,YnCvXdDImGP0ZTTlwrL/9s/qmUY=
18,-219,aLJ+Aj7HAHBVLXhFhZ1wDR2JeA4=,YnCvXdDImGP0ZTTlwrL/9s/qmUY=
24,-220,aLJ+Aj7HAHBVLXhFhZ1wDR2JeA4=,spmEsk457H7p6w2FxDAN6Ohs5PQ=
17,-219,aLJ+Aj7HAHBVLXhFhZ1wDR2JeA4=,YnCvXdDImGP0ZTTlwrL/9s/qmUY=
17,-220,aLJ+Aj7HAHBVLXhFhZ1wDR2JeA4=,YnCvXdDImGP0ZTTlwrL/9s/qmUY=
24,-216,aLJ+Aj7HAHBVLXhFhZ1wDR2JeA4=,gHAVlMT5IFp4xyN4W4j4fbAnOlw=
17,-221,aLJ+Aj7HAHBVLXhFhZ1wDR2JeA4=,YnCvXdDImGP0ZTTlwrL/9s/qmUY=
17,-222,aLJ+Aj7HAHBVLXhFhZ1wDR2JeA4=,YnCvXdDImGP0ZTTlwrL/9s/qmUY=
16,-222,aLJ+Aj7HAHBVLXhFhZ1wDR2JeA4=,YnCvXdDImGP0ZTTlwrL/9s/qmUY=
24,-221,aLJ+Aj7HAHBVLXhFhZ1wDR2JeA4=,spmEsk457H7p6w2FxDAN6Ohs5PQ=
23,-222,aLJ+Aj7HAHBVLXhFhZ1wDR2JeA4=,YnCvXdDImGP0ZTTlwrL/9s/qmUY=
17,-218,aLJ+Aj7HAHBVLXhFhZ1wDR2JeA4=,YnCvXdDImGP0ZTTlwrL/9s/qmUY=
20,-221,aLJ+Aj7HAHBVLXhFhZ1wDR2JeA4=,YnCvXdDImGP0ZTTlwrL/9s/qmUY=
23,-216,aLJ+Aj7HAHBVLXhFhZ1wDR2JeA4=,zKHuvV9O18VxQLHpiyZCfCOx5+I=
18,-220,aLJ+Aj7HAHBVLXhFhZ1wDR2JeA4=,YnCvXdDImGP0ZTTlwrL/9s/qmUY=
22,-216,aLJ+Aj7HAHBVLXhFhZ1wDR2JeA4=,zKHuvV9O18VxQLHpiyZCfCOx5+I=
19,-220,aLJ+Aj7HAHBVLXhFhZ1wDR2JeA4=,YnCvXdDImGP0ZTTlwrL/9s/qmUY=
21,-216,aLJ+Aj7HAHBVLXhFhZ1wDR2JeA4=,zKHuvV9O18VxQLHpiyZCfCOx5+I=
20,-216,aLJ+Aj7HAHBVLXhFhZ1wDR2JeA4=,zKHuvV9O18VxQLHpiyZCfCOx5+I=
18,-223,aLJ+Aj7HAHBVLXhFhZ1wDR2JeA4=,YnCvXdDImGP0ZTTlwrL/9s/qmUY=
19,-216,aLJ+Aj7HAHBVLXhFhZ1wDR2JeA4=,zKHuvV9O18VxQLHpiyZCfCOx5+I=
17,-223,aLJ+Aj7HAHBVLXhFhZ1wDR2JeA4=,YnCvXdDImGP0ZTTlwrL/9s/qmUY=
16,-223,aLJ+Aj7HAHBVLXhFhZ1wDR2JeA4=,YnCvXdDImGP0ZTTlwrL/9s/qmUY=
21,-221,aLJ+Aj7HAHBVLXhFhZ1wDR2JeA4=,YnCvXdDImGP0ZTTlwrL/9s/qmUY=
18,-222,aLJ+Aj7HAHBVLXhFhZ1wDR2JeA4=,YnCvXdDImGP0ZTTlwrL/9s/qmUY=
19,-221,aLJ+Aj7HAHBVLXhFhZ1wDR2JeA4=,YnCvXdDImGP0ZTTlwrL/9s/qmUY=
18,-216,aLJ+Aj7HAHBVLXhFhZ1wDR2JeA4=,zKHuvV9O18VxQLHpiyZCfCOx5+I=
19,-223,aLJ+Aj7HAHBVLXhFhZ1wDR2JeA4=,YnCvXdDImGP0ZTTlwrL/9s/qmUY=
20,-224,aLJ+Aj7HAHBVLXhFhZ1wDR2JeA4=,YnCvXdDImGP0ZTTlwrL/9s/qmUY=
16,-216,aLJ+Aj7HAHBVLXhFhZ1wDR2JeA4=,zKHuvV9O18VxQLHpiyZCfCOx5+I=
20,-223,aLJ+Aj7HAHBVLXhFhZ1wDR2JeA4=,YnCvXdDImGP0ZTTlwrL/9s/qmUY=
19,-224,aLJ+Aj7HAHBVLXhFhZ1wDR2JeA4=,YnCvXdDImGP0ZTTlwrL/9s/qmUY=
23,-217,aLJ+Aj7HAHBVLXhFhZ1wDR2JeA4=,YnCvXdDImGP0ZTTlwrL/9s/qmUY=
22,-217,aLJ+Aj7HAHBVLXhFhZ1wDR2JeA4=,YnCvXdDImGP0ZTTlwrL/9s/qmUY=
21,-217,aLJ+Aj7HAHBVLXhFhZ1wDR2JeA4=,YnCvXdDImGP0ZTTlwrL/9s/qmUY=
20,-217,aLJ+Aj7HAHBVLXhFhZ1wDR2JeA4=,YnCvXdDImGP0ZTTlwrL/9s/qmUY=
19,-217,aLJ+Aj7HAHBVLXhFhZ1wDR2JeA4=,YnCvXdDImGP0ZTTlwrL/9s/qmUY=
21,-224,aLJ+Aj7HAHBVLXhFhZ1wDR2JeA4=,YnCvXdDImGP0ZTTlwrL/9s/qmUY=
22,-222,aLJ+Aj7HAHBVLXhFhZ1wDR2JeA4=,YnCvXdDImGP0ZTTlwrL/9s/qmUY=
18,-224,aLJ+Aj7HAHBVLXhFhZ1wDR2JeA4=,YnCvXdDImGP0ZTTlwrL/9s/qmUY=
17,-224,aLJ+Aj7HAHBVLXhFhZ1wDR2JeA4=,YnCvXdDImGP0ZTTlwrL/9s/qmUY=
16,-224,aLJ+Aj7HAHBVLXhFhZ1wDR2JeA4=,YnCvXdDImGP0ZTTlwrL/9s/qmUY=
16,-217,aLJ+Aj7HAHBVLXhFhZ1wDR2JeA4=,YnCvXdDImGP0ZTTlwrL/9s/qmUY=
18,-217,aLJ+Aj7HAHBVLXhFhZ1wDR2JeA4=,YnCvXdDImGP0ZTTlwrL/9s/qmUY=
17,-217,aLJ+Aj7HAHBVLXhFhZ1wDR2JeA4=,YnCvXdDImGP0ZTTlwrL/9s/qmUY=
23,-218,aLJ+Aj7HAHBVLXhFhZ1wDR2JeA4=,YnCvXdDImGP0ZTTlwrL/9s/qmUY=
17,-216,aLJ+Aj7HAHBVLXhFhZ1wDR2JeA4=,zKHuvV9O18VxQLHpiyZCfCOx5+I=
22,-218,aLJ+Aj7HAHBVLXhFhZ1wDR2JeA4=,YnCvXdDImGP0ZTTlwrL/9s/qmUY=
21,-218,aLJ+Aj7HAHBVLXhFhZ1wDR2JeA4=,YnCvXdDImGP0ZTTlwrL/9s/qmUY=
20,-218,aLJ+Aj7HAHBVLXhFhZ1wDR2JeA4=,YnCvXdDImGP0ZTTlwrL/9s/qmUY=
19,-218,aLJ+Aj7HAHBVLXhFhZ1wDR2JeA4=,YnCvXdDImGP0ZTTlwrL/9s/qmUY=
18,-221,aLJ+Aj7HAHBVLXhFhZ1wDR2JeA4=,YnCvXdDImGP0ZTTlwrL/9s/qmUY=
24,-222,aLJ+Aj7HAHBVLXhFhZ1wDR2JeA4=,spmEsk457H7p6w2FxDAN6Ohs5PQ=
20,-222,aLJ+Aj7HAHBVLXhFhZ1wDR2JeA4=,YnCvXdDImGP0ZTTlwrL/9s/qmUY=
21,-223,aLJ+Aj7HAHBVLXhFhZ1wDR2JeA4=,YnCvXdDImGP0ZTTlwrL/9s/qmUY=
18,-218,aLJ+Aj7HAHBVLXhFhZ1wDR2JeA4=,YnCvXdDImGP0ZTTlwrL/9s/qmUY=
24,-224,aLJ+Aj7HAHBVLXhFhZ1wDR2JeA4=,spmEsk457H7p6w2FxDAN6Ohs5PQ=
21,-222,aLJ+Aj7HAHBVLXhFhZ1wDR2JeA4=,YnCvXdDImGP0ZTTlwrL/9s/qmUY=
23,-223,aLJ+Aj7HAHBVLXhFhZ1wDR2JeA4=,YnCvXdDImGP0ZTTlwrL/9s/qmUY=
19,-222,aLJ+Aj7HAHBVLXhFhZ1wDR2JeA4=,YnCvXdDImGP0ZTTlwrL/9s/qmUY=
22,-223,aLJ+Aj7HAHBVLXhFhZ1wDR2JeA4=,YnCvXdDImGP0ZTTlwrL/9s/qmUY=
24,-223,aLJ+Aj7HAHBVLXhFhZ1wDR2JeA4=,spmEsk457H7p6w2FxDAN6Ohs5PQ=
22,-224,aLJ+Aj7HAHBVLXhFhZ1wDR2JeA4=,YnCvXdDImGP0ZTTlwrL/9s/qmUY=
23,-224,aLJ+Aj7HAHBVLXhFhZ1wDR2JeA4=,YnCvXdDImGP0ZTTlwrL/9s/qmUY=
13,-210,ktEBHoHII7MYLvYuH0uv/Q5Mypc=,Qu+MriuQezyHCRbM5Rae4604juo=
10,-212,ktEBHoHII7MYLvYuH0uv/Q5Mypc=,Qu+MriuQezyHCRbM5Rae4604juo=
12,-215,ktEBHoHII7MYLvYuH0uv/Q5Mypc=,Qu+MriuQezyHCRbM5Rae4604juo=
13,-215,ktEBHoHII7MYLvYuH0uv/Q5Mypc=,Qu+MriuQezyHCRbM5Rae4604juo=
11,-216,ktEBHoHII7MYLvYuH0uv/Q5Mypc=,Qu+MriuQezyHCRbM5Rae4604juo=
10,-214,ktEBHoHII7MYLvYuH0uv/Q5Mypc=,Qu+MriuQezyHCRbM5Rae4604juo=
14,-215,ktEBHoHII7MYLvYuH0uv/Q5Mypc=,Qu+MriuQezyHCRbM5Rae4604juo=
9,-214,ktEBHoHII7MYLvYuH0uv/Q5Mypc=,Qu+MriuQezyHCRbM5Rae4604juo=
12,-209,ktEBHoHII7MYLvYuH0uv/Q5Mypc=,Qu+MriuQezyHCRbM5Rae4604juo=
8,-216,ktEBHoHII7MYLvYuH0uv/Q5Mypc=,Qu+MriuQezyHCRbM5Rae4604juo=
11,-214,ktEBHoHII7MYLvYuH0uv/Q5Mypc=,Qu+MriuQezyHCRbM5Rae4604juo=
8,-211,ktEBHoHII7MYLvYuH0uv/Q5Mypc=,Qu+MriuQezyHCRbM5Rae4604juo=
12,-210,ktEBHoHII7MYLvYuH0uv/Q5Mypc=,Qu+MriuQezyHCRbM5Rae4604juo=
10,-209,ktEBHoHII7MYLvYuH0uv/Q5Mypc=,Qu+MriuQezyHCRbM5Rae4604juo=
11,-209,ktEBHoHII7MYLvYuH0uv/Q5Mypc=,Qu+MriuQezyHCRbM5Rae4604juo=
10,-215,ktEBHoHII7MYLvYuH0uv/Q5Mypc=,Qu+MriuQezyHCRbM5Rae4604juo=
11,-210,ktEBHoHII7MYLvYuH0uv/Q5Mypc=,Qu+MriuQezyHCRbM5Rae4604juo=
9,-209,ktEBHoHII7MYLvYuH0uv/Q5Mypc=,Qu+MriuQezyHCRbM5Rae4604juo=
9,-215,ktEBHoHII7MYLvYuH0uv/Q5Mypc=,Qu+MriuQezyHCRbM5Rae4604juo=
11,-215,ktEBHoHII7MYLvYuH0uv/Q5Mypc=,Qu+MriuQezyHCRbM5Rae4604juo=
8,-212,ktEBHoHII7MYLvYuH0uv/Q5Mypc=,Qu+MriuQezyHCRbM5Rae4604juo=
10,-216,ktEBHoHII7MYLvYuH0uv/Q5Mypc=,Qu+MriuQezyHCRbM5Rae4604juo=
15,-213,ktEBHoHII7MYLvYuH0uv/Q5Mypc=,Qu+MriuQezyHCRbM5Rae4604juo=
8,-209,ktEBHoHII7MYLvYuH0uv/Q5Mypc=,Qu+MriuQezyHCRbM5Rae4604juo=
8,-215,ktEBHoHII7MYLvYuH0uv/Q5Mypc=,Qu+MriuQezyHCRbM5Rae4604juo=
9,-212,ktEBHoHII7MYLvYuH0uv/Q5Mypc=,Qu+MriuQezyHCRbM5Rae4604juo=
14,-213,ktEBHoHII7MYLvYuH0uv/Q5Mypc=,Qu+MriuQezyHCRbM5Rae4604juo=
12,-213,ktEBHoHII7MYLvYuH0uv/Q5Mypc=,Qu+MriuQezyHCRbM5Rae4604juo=
11,-213,ktEBHoHII7MYLvYuH0uv/Q5Mypc=,Qu+MriuQezyHCRbM5Rae4604juo=
13,-213,ktEBHoHII7MYLvYuH0uv/Q5Mypc=,Qu+MriuQezyHCRbM5Rae4604juo=
15,-216,ktEBHoHII7MYLvYuH0uv/Q5Mypc=,Qu+MriuQezyHCRbM5Rae4604juo=
9,-216,ktEBHoHII7MYLvYuH0uv/Q5Mypc=,Qu+MriuQezyHCRbM5Rae4604juo=
9,-213,ktEBHoHII7MYLvYuH0uv/Q5Mypc=,Qu+MriuQezyHCRbM5Rae4604juo=
8,-213,ktEBHoHII7MYLvYuH0uv/Q5Mypc=,Qu+MriuQezyHCRbM5Rae4604juo=
14,-214,ktEBHoHII7MYLvYuH0uv/Q5Mypc=,Qu+MriuQezyHCRbM5Rae4604juo=
14,-212,ktEBHoHII7MYLvYuH0uv/Q5Mypc=,Qu+MriuQezyHCRbM5Rae4604juo=
13,-211,ktEBHoHII7MYLvYuH0uv/Q5Mypc=,Qu+MriuQezyHCRbM5Rae4604juo=
13,-214,ktEBHoHII7MYLvYuH0uv/Q5Mypc=,Qu+MriuQezyHCRbM5Rae4604juo=
14,-216,ktEBHoHII7MYLvYuH0uv/Q5Mypc=,Qu+MriuQezyHCRbM5Rae4604juo=
12,-214,ktEBHoHII7MYLvYuH0uv/Q5Mypc=,Qu+MriuQezyHCRbM5Rae4604juo=
13,-212,ktEBHoHII7MYLvYuH0uv/Q5Mypc=,Qu+MriuQezyHCRbM5Rae4604juo=
10,-213,ktEBHoHII7MYLvYuH0uv/Q5Mypc=,Qu+MriuQezyHCRbM5Rae4604juo=
12,-211,ktEBHoHII7MYLvYuH0uv/Q5Mypc=,Qu+MriuQezyHCRbM5Rae4604juo=
8,-214,ktEBHoHII7MYLvYuH0uv/Q5Mypc=,Qu+MriuQezyHCRbM5Rae4604juo=
10,-210,ktEBHoHII7MYLvYuH0uv/Q5Mypc=,Qu+MriuQezyHCRbM5Rae4604juo=
11,-211,ktEBHoHII7MYLvYuH0uv/Q5Mypc=,Qu+MriuQezyHCRbM5Rae4604juo=
13,-216,ktEBHoHII7MYLvYuH0uv/Q5Mypc=,Qu+MriuQezyHCRbM5Rae4604juo=
11,-212,ktEBHoHII7MYLvYuH0uv/Q5Mypc=,Qu+MriuQezyHCRbM5Rae4604juo=
9,-210,ktEBHoHII7MYLvYuH0uv/Q5Mypc=,Qu+MriuQezyHCRbM5Rae4604juo=
12,-212,ktEBHoHII7MYLvYuH0uv/Q5Mypc=,Qu+MriuQezyHCRbM5Rae4604juo=
10,-211,ktEBHoHII7MYLvYuH0uv/Q5Mypc=,Qu+MriuQezyHCRbM5Rae4604juo=
8,-210,ktEBHoHII7MYLvYuH0uv/Q5Mypc=,Qu+MriuQezyHCRbM5Rae4604juo=
9,-211,ktEBHoHII7MYLvYuH0uv/Q5Mypc=,Qu+MriuQezyHCRbM5Rae4604juo=
12,-216,ktEBHoHII7MYLvYuH0uv/Q5Mypc=,Qu+MriuQezyHCRbM5Rae4604juo=
15,-212,ktEBHoHII7MYLvYuH0uv/Q5Mypc=,Qu+MriuQezyHCRbM5Rae4604juo=
13,-209,ktEBHoHII7MYLvYuH0uv/Q5Mypc=,Qu+MriuQezyHCRbM5Rae4604juo=
15,-215,ktEBHoHII7MYLvYuH0uv/Q5Mypc=,Qu+MriuQezyHCRbM5Rae4604juo=
15,-214,ktEBHoHII7MYLvYuH0uv/Q5Mypc=,Qu+MriuQezyHCRbM5Rae4604juo=
14,-211,ktEBHoHII7MYLvYuH0uv/Q5Mypc=,Qu+MriuQezyHCRbM5Rae4604juo=
14,-209,ktEBHoHII7MYLvYuH0uv/Q5Mypc=,Qu+MriuQezyHCRbM5Rae4604juo=
15,-209,ktEBHoHII7MYLvYuH0uv/Q5Mypc=,Qu+MriuQezyHCRbM5Rae4604juo=
15,-211,ktEBHoHII7MYLvYuH0uv/Q5Mypc=,Qu+MriuQezyHCRbM5Rae4604juo=
14,-210,ktEBHoHII7MYLvYuH0uv/Q5Mypc=,Qu+MriuQezyHCRbM5Rae4604juo=
15,-210,ktEBHoHII7MYLvYuH0uv/Q5Mypc=,Qu+MriuQezyHCRbM5Rae4604juo=
12,-203,ktEBHoHII7MYLvYuH0uv/Q5Mypc=,tussliuw/Q4xfvQTpUZq95RGcsc=
11,-203,ktEBHoHII7MYLvYuH0uv/Q5Mypc=,tussliuw/Q4xfvQTpUZq95RGcsc=
10,-203,ktEBHoHII7MYLvYuH0uv/Q5Mypc=,tussliuw/Q4xfvQTpUZq95RGcsc=
9,-203,ktEBHoHII7MYLvYuH0uv/Q5Mypc=,tussliuw/Q4xfvQTpUZq95RGcsc=
8,-203,ktEBHoHII7MYLvYuH0uv/Q5Mypc=,tussliuw/Q4xfvQTpUZq95RGcsc=
14,-204,ktEBHoHII7MYLvYuH0uv/Q5Mypc=,tussliuw/Q4xfvQTpUZq95RGcsc=
15,-204,ktEBHoHII7MYLvYuH0uv/Q5Mypc=,tussliuw/Q4xfvQTpUZq95RGcsc=
13,-204,ktEBHoHII7MYLvYuH0uv/Q5Mypc=,tussliuw/Q4xfvQTpUZq95RGcsc=
11,-204,ktEBHoHII7MYLvYuH0uv/Q5Mypc=,tussliuw/Q4xfvQTpUZq95RGcsc=
10,-204,ktEBHoHII7MYLvYuH0uv/Q5Mypc=,tussliuw/Q4xfvQTpUZq95RGcsc=
12,-204,ktEBHoHII7MYLvYuH0uv/Q5Mypc=,tussliuw/Q4xfvQTpUZq95RGcsc=
9,-204,ktEBHoHII7MYLvYuH0uv/Q5Mypc=,tussliuw/Q4xfvQTpUZq95RGcsc=
8,-204,ktEBHoHII7MYLvYuH0uv/Q5Mypc=,tussliuw/Q4xfvQTpUZq95RGcsc=
15,-205,ktEBHoHII7MYLvYuH0uv/Q5Mypc=,tussliuw/Q4xfvQTpUZq95RGcsc=
12,-205,ktEBHoHII7MYLvYuH0uv/Q5Mypc=,tussliuw/Q4xfvQTpUZq95RGcsc=
11,-205,ktEBHoHII7MYLvYuH0uv/Q5Mypc=,tussliuw/Q4xfvQTpUZq95RGcsc=
10,-205,ktEBHoHII7MYLvYuH0uv/Q5Mypc=,tussliuw/Q4xfvQTpUZq95RGcsc=
9,-205,ktEBHoHII7MYLvYuH0uv/Q5Mypc=,tussliuw/Q4xfvQTpUZq95RGcsc=
15,-206,ktEBHoHII7MYLvYuH0uv/Q5Mypc=,tussliuw/Q4xfvQTpUZq95RGcsc=
8,-205,ktEBHoHII7MYLvYuH0uv/Q5Mypc=,tussliuw/Q4xfvQTpUZq95RGcsc=
14,-206,ktEBHoHII7MYLvYuH0uv/Q5Mypc=,tussliuw/Q4xfvQTpUZq95RGcsc=
13,-206,ktEBHoHII7MYLvYuH0uv/Q5Mypc=,tussliuw/Q4xfvQTpUZq95RGcsc=
11,-206,ktEBHoHII7MYLvYuH0uv/Q5Mypc=,tussliuw/Q4xfvQTpUZq95RGcsc=
10,-206,ktEBHoHII7MYLvYuH0uv/Q5Mypc=,tussliuw/Q4xfvQTpUZq95RGcsc=
9,-206,ktEBHoHII7MYLvYuH0uv/Q5Mypc=,tussliuw/Q4xfvQTpUZq95RGcsc=
8,-206,ktEBHoHII7MYLvYuH0uv/Q5Mypc=,tussliuw/Q4xfvQTpUZq95RGcsc=
12,-206,ktEBHoHII7MYLvYuH0uv/Q5Mypc=,tussliuw/Q4xfvQTpUZq95RGcsc=
15,-207,ktEBHoHII7MYLvYuH0uv/Q5Mypc=,tussliuw/Q4xfvQTpUZq95RGcsc=
14,-207,ktEBHoHII7MYLvYuH0uv/Q5Mypc=,tussliuw/Q4xfvQTpUZq95RGcsc=
13,-207,ktEBHoHII7MYLvYuH0uv/Q5Mypc=,tussliuw/Q4xfvQTpUZq95RGcsc=
12,-207,ktEBHoHII7MYLvYuH0uv/Q5Mypc=,tussliuw/Q4xfvQTpUZq95RGcsc=
11,-207,ktEBHoHII7MYLvYuH0uv/Q5Mypc=,tussliuw/Q4xfvQTpUZq95RGcsc=
13,-205,ktEBHoHII7MYLvYuH0uv/Q5Mypc=,tussliuw/Q4xfvQTpUZq95RGcsc=
10,-207,ktEBHoHII7MYLvYuH0uv/Q5Mypc=,tussliuw/Q4xfvQTpUZq95RGcsc=
9,-207,ktEBHoHII7MYLvYuH0uv/Q5Mypc=,tussliuw/Q4xfvQTpUZq95RGcsc=
15,-208,ktEBHoHII7MYLvYuH0uv/Q5Mypc=,tussliuw/Q4xfvQTpUZq95RGcsc=
8,-207,ktEBHoHII7MYLvYuH0uv/Q5Mypc=,tussliuw/Q4xfvQTpUZq95RGcsc=
12,-208,ktEBHoHII7MYLvYuH0uv/Q5Mypc=,tussliuw/Q4xfvQTpUZq95RGcsc=
11,-208,ktEBHoHII7MYLvYuH0uv/Q5Mypc=,tussliuw/Q4xfvQTpUZq95RGcsc=
13,-208,ktEBHoHII7MYLvYuH0uv/Q5Mypc=,tussliuw/Q4xfvQTpUZq95RGcsc=
10,-208,ktEBHoHII7MYLvYuH0uv/Q5Mypc=,tussliuw/Q4xfvQTpUZq95RGcsc=
9,-208,ktEBHoHII7MYLvYuH0uv/Q5Mypc=,tussliuw/Q4xfvQTpUZq95RGcsc=
8,-208,ktEBHoHII7MYLvYuH0uv/Q5Mypc=,tussliuw/Q4xfvQTpUZq95RGcsc=
14,-205,ktEBHoHII7MYLvYuH0uv/Q5Mypc=,tussliuw/Q4xfvQTpUZq95RGcsc=
12,-202,ktEBHoHII7MYLvYuH0uv/Q5Mypc=,tussliuw/Q4xfvQTpUZq95RGcsc=
11,-202,ktEBHoHII7MYLvYuH0uv/Q5Mypc=,tussliuw/Q4xfvQTpUZq95RGcsc=
10,-202,ktEBHoHII7MYLvYuH0uv/Q5Mypc=,tussliuw/Q4xfvQTpUZq95RGcsc=
9,-202,ktEBHoHII7MYLvYuH0uv/Q5Mypc=,tussliuw/Q4xfvQTpUZq95RGcsc=
15,-202,ktEBHoHII7MYLvYuH0uv/Q5Mypc=,tussliuw/Q4xfvQTpUZq95RGcsc=
8,-202,ktEBHoHII7MYLvYuH0uv/Q5Mypc=,tussliuw/Q4xfvQTpUZq95RGcsc=
14,-208,ktEBHoHII7MYLvYuH0uv/Q5Mypc=,tussliuw/Q4xfvQTpUZq95RGcsc=
14,-203,ktEBHoHII7MYLvYuH0uv/Q5Mypc=,tussliuw/Q4xfvQTpUZq95RGcsc=
14,-202,ktEBHoHII7MYLvYuH0uv/Q5Mypc=,tussliuw/Q4xfvQTpUZq95RGcsc=
13,-203,ktEBHoHII7MYLvYuH0uv/Q5Mypc=,tussliuw/Q4xfvQTpUZq95RGcsc=
15,-203,ktEBHoHII7MYLvYuH0uv/Q5Mypc=,tussliuw/Q4xfvQTpUZq95RGcsc=
12,-200,ktEBHoHII7MYLvYuH0uv/Q5Mypc=,4LEAEfM7NxzuOihulAZVt4My2Uw=
11,-196,ktEBHoHII7MYLvYuH0uv/Q5Mypc=,4LEAEfM7NxzuOihulAZVt4My2Uw=
8,-198,ktEBHoHII7MYLvYuH0uv/Q5Mypc=,4LEAEfM7NxzuOihulAZVt4My2Uw=
8,-196,ktEBHoHII7MYLvYuH0uv/Q5Mypc=,4LEAEfM7NxzuOihulAZVt4My2Uw=
10,-196,ktEBHoHII7MYLvYuH0uv/Q5Mypc=,4LEAEfM7NxzuOihulAZVt4My2Uw=
11,-193,ktEBHoHII7MYLvYuH0uv/Q5Mypc=,4LEAEfM7NxzuOihulAZVt4My2Uw=
13,-202,ktEBHoHII7MYLvYuH0uv/Q5Mypc=,tussliuw/Q4xfvQTpUZq95RGcsc=
10,-193,ktEBHoHII7MYLvYuH0uv/Q5Mypc=,4LEAEfM7NxzuOihulAZVt4My2Uw=
15,-197,ktEBHoHII7MYLvYuH0uv/Q5Mypc=,4LEAEfM7NxzuOihulAZVt4My2Uw=
9,-196,ktEBHoHII7MYLvYuH0uv/Q5Mypc=,4LEAEfM7NxzuOihulAZVt4My2Uw=
9,-193,ktEBHoHII7MYLvYuH0uv/Q5Mypc=,4LEAEfM7NxzuOihulAZVt4My2Uw=
8,-197,ktEBHoHII7MYLvYuH0uv/Q5Mypc=,4LEAEfM7NxzuOihulAZVt4My2Uw=
8,-193,ktEBHoHII7MYLvYuH0uv/Q5Mypc=,4LEAEfM7NxzuOihulAZVt4My2Uw=
11,-195,ktEBHoHII7MYLvYuH0uv/Q5Mypc=,4LEAEfM7NxzuOihulAZVt4My2Uw=
15,-199,ktEBHoHII7MYLvYuH0uv/Q5Mypc=,4LEAEfM7NxzuOihulAZVt4My2Uw=
12,-197,ktEBHoHII7MYLvYuH0uv/Q5Mypc=,4LEAEfM7NxzuOihulAZVt4My2Uw=
15,-194,ktEBHoHII7MYLvYuH0uv/Q5Mypc=,4LEAEfM7NxzuOihulAZVt4My2Uw=
11,-197,ktEBHoHII7MYLvYuH0uv/Q5Mypc=,4LEAEfM7NxzuOihulAZVt4My2Uw=
10,-195,ktEBHoHII7MYLvYuH0uv/Q5Mypc=,4LEAEfM7NxzuOihulAZVt4My2Uw=
10,-197,ktEBHoHII7MYLvYuH0uv/Q5Mypc=,4LEAEfM7NxzuOihulAZVt4My2Uw=
13,-201,ktEBHoHII7MYLvYuH0uv/Q5Mypc=,tussliuw/Q4xfvQTpUZq95RGcsc=
9,-195,ktEBHoHII7MYLvYuH0uv/Q5Mypc=,4LEAEfM7NxzuOihulAZVt4My2Uw=
15,-201,ktEBHoHII7MYLvYuH0uv/Q5Mypc=,tussliuw/Q4xfvQTpUZq95RGcsc=
8,-195,ktEBHoHII7MYLvYuH0uv/Q5Mypc=,4LEAEfM7NxzuOihulAZVt4My2Uw=
14,-194,ktEBHoHII7MYLvYuH0uv/Q5Mypc=,4LEAEfM7NxzuOihulAZVt4My2Uw=
13,-194,ktEBHoHII7MYLvYuH0uv/Q5Mypc=,4LEAEfM7NxzuOihulAZVt4My2Uw=
11,-201,ktEBHoHII7MYLvYuH0uv/Q5Mypc=,tussliuw/Q4xfvQTpUZq95RGcsc=
10,-201,ktEBHoHII7MYLvYuH0uv/Q5Mypc=,tussliuw/Q4xfvQTpUZq95RGcsc=
9,-201,ktEBHoHII7MYLvYuH0uv/Q5Mypc=,tussliuw/Q4xfvQTpUZq95RGcsc=
12,-194,ktEBHoHII7MYLvYuH0uv/Q5Mypc=,4LEAEfM7NxzuOihulAZVt4My2Uw=
11,-194,ktEBHoHII7MYLvYuH0uv/Q5Mypc=,4LEAEfM7NxzuOihulAZVt4My2Uw=
11,-200,ktEBHoHII7MYLvYuH0uv/Q5Mypc=,4LEAEfM7NxzuOihulAZVt4My2Uw=
14,-196,ktEBHoHII7MYLvYuH0uv/Q5Mypc=,4LEAEfM7NxzuOihulAZVt4My2Uw=
10,-199,ktEBHoHII7MYLvYuH0uv/Q5Mypc=,4LEAEfM7NxzuOihulAZVt4My2Uw=
15,-198,ktEBHoHII7MYLvYuH0uv/Q5Mypc=,4LEAEfM7NxzuOihulAZVt4My2Uw=
12,-196,ktEBHoHII7MYLvYuH0uv/Q5Mypc=,4LEAEfM7NxzuOihulAZVt4My2Uw=
10,-198,ktEBHoHII7MYLvYuH0uv/Q5Mypc=,4LEAEfM7NxzuOihulAZVt4My2Uw=
11,-198,ktEBHoHII7MYLvYuH0uv/Q5Mypc=,4LEAEfM7NxzuOihulAZVt4My2Uw=
9,-199,ktEBHoHII7MYLvYuH0uv/Q5Mypc=,4LEAEfM7NxzuOihulAZVt4My2Uw=
10,-194,ktEBHoHII7MYLvYuH0uv/Q5Mypc=,4LEAEfM7NxzuOihulAZVt4My2Uw=
8,-194,ktEBHoHII7MYLvYuH0uv/Q5Mypc=,4LEAEfM7NxzuOihulAZVt4My2Uw=
9,-198,ktEBHoHII7MYLvYuH0uv/Q5Mypc=,4LEAEfM7NxzuOihulAZVt4My2Uw=
9,-194,ktEBHoHII7MYLvYuH0uv/Q5Mypc=,4LEAEfM7NxzuOihulAZVt4My2Uw=
10,-200,ktEBHoHII7MYLvYuH0uv/Q5Mypc=,4LEAEfM7NxzuOihulAZVt4My2Uw=
12,-201,ktEBHoHII7MYLvYuH0uv/Q5Mypc=,tussliuw/Q4xfvQTpUZq95RGcsc=
8,-201,ktEBHoHII7MYLvYuH0uv/Q5Mypc=,tussliuw/Q4xfvQTpUZq95RGcsc=
8,-199,ktEBHoHII7MYLvYuH0uv/Q5Mypc=,4LEAEfM7NxzuOihulAZVt4My2Uw=
15,-200,ktEBHoHII7MYLvYuH0uv/Q5Mypc=,4LEAEfM7NxzuOihulAZVt4My2Uw=
11,-199,ktEBHoHII7MYLvYuH0uv/Q5Mypc=,4LEAEfM7NxzuOihulAZVt4My2Uw=
15,-195,ktEBHoHII7MYLvYuH0uv/Q5Mypc=,4LEAEfM7NxzuOihulAZVt4My2Uw=
12,-199,ktEBHoHII7MYLvYuH0uv/Q5Mypc=,4LEAEfM7NxzuOihulAZVt4My2Uw=
9,-200,ktEBHoHII7MYLvYuH0uv/Q5Mypc=,4LEAEfM7NxzuOihulAZVt4My2Uw=
8,-200,ktEBHoHII7MYLvYuH0uv/Q5Mypc=,4LEAEfM7NxzuOihulAZVt4My2Uw=
9,-197,ktEBHoHII7MYLvYuH0uv/Q5Mypc=,4LEAEfM7NxzuOihulAZVt4My2Uw=
13,-197,ktEBHoHII7MYLvYuH0uv/Q5Mypc=,4LEAEfM7NxzuOihulAZVt4My2Uw=
15,-193,ktEBHoHII7MYLvYuH0uv/Q5Mypc=,4LEAEfM7NxzuOihulAZVt4My2Uw=
13,-193,ktEBHoHII7MYLvYuH0uv/Q5Mypc=,4LEAEfM7NxzuOihulAZVt4My2Uw=
15,-196,ktEBHoHII7MYLvYuH0uv/Q5Mypc=,4LEAEfM7NxzuOihulAZVt4My2Uw=
14,-201,ktEBHoHII7MYLvYuH0uv/Q5Mypc=,tussliuw/Q4xfvQTpUZq95RGcsc=
12,-195,ktEBHoHII7MYLvYuH0uv/Q5Mypc=,4LEAEfM7NxzuOihulAZVt4My2Uw=
13,-200,ktEBHoHII7MYLvYuH0uv/Q5Mypc=,4LEAEfM7NxzuOihulAZVt4My2Uw=
14,-195,ktEBHoHII7MYLvYuH0uv/Q5Mypc=,4LEAEfM7NxzuOihulAZVt4My2Uw=
12,-193,ktEBHoHII7MYLvYuH0uv/Q5Mypc=,4LEAEfM7NxzuOihulAZVt4My2Uw=
14,-199,ktEBHoHII7MYLvYuH0uv/Q5Mypc=,4LEAEfM7NxzuOihulAZVt4My2Uw=
13,-196,ktEBHoHII7MYLvYuH0uv/Q5Mypc=,4LEAEfM7NxzuOihulAZVt4My2Uw=
14,-193,ktEBHoHII7MYLvYuH0uv/Q5Mypc=,4LEAEfM7NxzuOihulAZVt4My2Uw=
14,-198,ktEBHoHII7MYLvYuH0uv/Q5Mypc=,4LEAEfM7NxzuOihulAZVt4My2Uw=
14,-197,ktEBHoHII7MYLvYuH0uv/Q5Mypc=,4LEAEfM7NxzuOihulAZVt4My2Uw=
13,-195,ktEBHoHII7MYLvYuH0uv/Q5Mypc=,4LEAEfM7NxzuOihulAZVt4My2Uw=
12,-198,ktEBHoHII7MYLvYuH0uv/Q5Mypc=,4LEAEfM7NxzuOihulAZVt4My2Uw=
14,-200,ktEBHoHII7MYLvYuH0uv/Q5Mypc=,4LEAEfM7NxzuOihulAZVt4My2Uw=
13,-198,ktEBHoHII7MYLvYuH0uv/Q5Mypc=,4LEAEfM7NxzuOihulAZVt4My2Uw=
13,-199,ktEBHoHII7MYLvYuH0uv/Q5Mypc=,4LEAEfM7NxzuOihulAZVt4My2Uw=
